location_key,stop_id,stop_name,physical_stop_id,zone,distance_from_centre_km,latitude,longitude
1,106793,Pune Station Moledina Road,1,Central,1.92,18.5275752196755,73.8732451702751
2,319,Income Tax Office,2,Central,2.18,18.5254,73.876701
3,320,Gpo,3,Central,2.02,18.5235372065769,73.8755569587879
4,321,Collector Kacheri,4,Central,1.76,18.524080816588,73.8729659231108
5,322,Zilla Parishad,5,Central,1.36,18.5234018116251,73.8692531129908
6,323,15 August Chowk,6,Central,1.04,18.5222938586779,73.8663947282855
7,324,Apollo Talkies,7,Central,0.84,18.519501,73.864601
8,325,Phadke Haud,8,Central,0.41,18.518999,73.860298
9,326,Jijamatabaug,9,Central,0.19,18.5187038462609,73.8570865949359
10,327,Vasant Talkies,10,Central,0.24,18.5183095726825,73.8562166670321
11,328,Appa Balwant Chowk,11,Central,0.58,18.5163949805955,73.8531071455806
12,329,Kesari Wada,12,Central,0.89,18.5163,73.849503
13,330,Mati Ganpati,13,Central,1.13,18.515862952766,73.8470664805777
14,331,Kulkarni Petrol Pump,14,Central,1.5,18.5131655202663,73.8446858504771
15,121,Deccan Corner,15,Central,1.84,18.5132284698104,73.8409556524129
16,120,Garware College,16,Central,2.07,18.5124,73.838997
17,119,Sonal Hall,17,Central,2.54,18.5104791172392,73.8350477395528
18,118,Nal Stop,18,Central,2.91,18.5088613865128,73.8319284097747
19,336,Sutardara,19,Urban,5.19,18.5154006039652,73.8078049118911
20,117,Sndt Mahila Vidhyapith,20,Central,3.27,18.507299,73.828903
21,337,Mhatoba Nagar,21,Urban,5.39,18.5154006039652,73.8058969092206
22,116,Paud Phata Paud Road,22,Central,3.8,18.5073373630217,73.8233479962636
23,338,Kanchanban Society,23,Urban,5.38,18.5124039159898,73.8063701912627
24,115,More Vidyalay,24,Central,4.07,18.510401,73.819603
25,339,Shivtirth Nagar,25,Urban,5.11,18.5120814231295,73.8090449425605
26,114,Ideal Colony,26,Central,4.33,18.510099,73.817101
27,167,Pratik Nagar,27,Urban,5.17,18.5082834225672,73.8093522874793
28,164,Anand Nagar Kothrud,28,Central,4.6,18.5095964479373,73.8145841280936
29,166,Jai Bhavani Nagar,29,Central,4.81,18.5095259223062,73.8125105373134
30,163,Jai Bhavani Nagar,30,Central,4.79,18.5093878841169,73.8127552298625
31,165,Anand Nagar Kothrud,31,Central,4.61,18.509707773366,73.8144250198808
32,162,Pratik Nagar,27,Urban,5.17,18.5081232293962,73.809401859695
33,155,Ideal Colony,32,Central,4.14,18.5109146420363,73.8187191602498
34,332,Shivtirth Nagar,25,Urban,5.12,18.511999,73.808998
35,4541,More Vidyalay,33,Central,3.94,18.510201,73.8209
36,333,Kanchanban Society,23,Urban,5.38,18.5123476538673,73.8064298127222
37,153,Paud Phata Paud Road,34,Central,3.78,18.5068934746866,73.8238482663768
38,334,Mhatoba Nagar,21,Urban,5.39,18.51547946011,73.8058415169288
39,152,Sndt Mahila Vidhyapith,35,Central,3.32,18.507299,73.8284
40,335,Sutardara,36,Urban,5.18,18.5155178713296,73.8078436103707
41,151,Nal Stop,37,Central,2.73,18.5098,73.833298
42,150,Sonal Hall,17,Central,2.56,18.5104992272604,73.8348296365059
43,149,Garware College,38,Central,2.05,18.5125646396371,73.83905236661
44,4533,Deccan Corner,39,Central,1.9,18.5131,73.840401
45,340,Sambaji Pul Police Chowky,40,Central,1.51,18.5134080533528,73.8443788833573
46,341,Mati Ganpati,13,Central,1.14,18.5158765095327,73.8469505448682
47,5033,Appa Balwant Chowk,41,Central,0.68,18.5149199056391,73.8537481427193
48,343,Dakshinmukhi Maruti,42,Central,0.41,18.5177873549971,73.8539758272126
49,344,Shaniwarwada,43,Central,0.24,18.519699,73.8545
50,345,Jijamatabaug,9,Central,0.21,18.5185187397531,73.8567125844026
51,346,Phadke Haud,8,Central,0.41,18.5189,73.860298
52,347,Apollo Talkies,7,Central,0.87,18.5196894460585,73.8648884003928
53,348,15 August Chowk,6,Central,1.05,18.5223724856208,73.8664376556053
54,349,Ambedkar Bhavan,44,Central,1.31,18.525101,73.868103
55,106,Sassoon Hospital,45,Central,1.63,18.5244902995156,73.8715493193963
56,107,Pune Station Moledina Stand,46,Central,1.91,18.5274938375007,73.8732022472692
57,141,Katraj,47,Urban,8.11,18.4475001859253,73.8585365855281
58,139,More Bag,48,Urban,7.89,18.4494915854237,73.8581657854962
59,138,Katraj Sarpodyan,49,Urban,7.44,18.4535523224478,73.8583588964252
60,1275,Bharati Vidyapeeth Gate,50,Urban,7.06,18.4569412850917,73.8583267279907
61,171,Kothrud Depot,51,Urban,6.63,18.507999,73.795197
62,1276,Balaji Nagar Corner Satara Road,52,Urban,6.13,18.4653090902148,73.8579716286692
63,170,Bharati Nagar,53,Urban,6.45,18.5078297582396,73.797021812966
64,135,Shankar Maharaj Math,54,Urban,5.75,18.4686723800469,73.8575696716721
65,169,Kachara Depot Kothrud,55,Urban,6.18,18.507601,73.799698
66,134,Padmawati,56,Urban,5.01,18.4753402506293,73.8561648624824
67,160,Vanaj Company,57,Urban,5.76,18.507099,73.803902
68,168,Vanaj Corner,58,Urban,5.38,18.5075,73.807503
69,133,Natubaug,59,Central,4.44,18.4804739018485,73.8570982593015
70,142,Aranyeshwar Corner,60,Central,3.99,18.4844850380001,73.8574659457722
71,131,Bhapkar Petrol Pump,61,Central,3.29,18.4908503835404,73.8575702958251
72,130,St Colony,62,Central,3.02,18.4932285024995,73.8576937146796
73,172,Lakshminarayan,63,Central,2.56,18.497362,73.857895
74,1277,Swargate,64,Central,2.32,18.49954,73.858118
75,8501,Ideal Colony,65,Central,4.17,18.5107798941311,73.8184891654289
76,144,Nehru Stadium,66,Central,2.18,18.500799,73.856499
77,4509,Sarasbaug,67,Central,1.9,18.503571,73.853628
78,125,Madiwale Colony,68,Central,1.66,18.505899,73.852997
79,124,Sp College,69,Central,1.56,18.5075,73.850899
80,4542,Nal Stop,18,Central,2.89,18.509075,73.832016
81,146,Maharashtra Mandal,70,Central,1.54,18.5093124998218,73.8479080816747
82,147,Sahitya Parishad,71,Central,1.57,18.510982435016,73.8455644435294
83,122,Sahitya Parishad,71,Central,1.57,18.511086432086,73.8455229791752
84,123,Maharashtra Mandal,72,Central,1.55,18.5095810522086,73.8474968354638
85,126,Hirabaug,73,Central,1.83,18.503952417865,73.8553816479548
86,8061,Swargate Corner,74,Central,2.08,18.5017625734748,73.8577303430628
87,3315,Swargate,64,Central,2.33,18.4995088397893,73.8584601403615
88,129,Lakshminarayan,63,Central,2.57,18.497346707866,73.8581541486989
89,1266,St Colony,62,Central,3.02,18.493299,73.857903
90,3830,Bhapkar Petrol Pump,75,Central,3.36,18.4901824644934,73.8576641547321
91,161,Vanaj Corner,76,Urban,5.41,18.507299,73.807297
92,132,Aranyeshwar Corner,77,Central,3.98,18.4845888252429,73.8576710430034
93,4536,Vanaj Company,57,Urban,5.73,18.5069944689116,73.8042426580147
94,1267,Natubaug,59,Central,4.47,18.4802042490683,73.857323569901
95,159,Kachara Depot Kothrud,78,Urban,6.16,18.507299,73.799896
96,1268,Padmawati,56,Urban,5.02,18.475248747322,73.8563820719719
97,158,Bharati Nagar,53,Urban,6.44,18.5077081343137,73.7970781273797
98,1269,Shankar Maharaj Math,54,Urban,5.7,18.469122679354,73.8576776334091
99,4537,Kothrud Depot,51,Urban,6.69,18.507799,73.794701
100,136,Balaji Nagar Corner Satara Road,79,Urban,6.24,18.4642838079631,73.8582569800788
101,137,Bharati Vidyapeeth Gate,80,Urban,7.1,18.4566105334252,73.8586110239416
102,1270,Katraj Sarpodyan,81,Urban,7.42,18.453699,73.858597
103,1271,More Bag,82,Urban,7.85,18.4498,73.858299
104,213,Shivaji Nagar,83,Central,1.39,18.5310135811649,73.8497865522881
105,274,Coep Hostel Shivaji Road,84,Central,1.01,18.528299,73.851997
106,3855,Modern High School,85,Central,0.9,18.5245640534088,73.8493252220292
107,215,Balgandharv,86,Central,1.01,18.5217343149885,73.8472473481107
108,216,Natraj Talkies,87,Central,1.33,18.5181525286138,73.8443175116017
109,217,Deccan Gymkhana,88,Central,1.5,18.5166778939267,73.8430032134056
110,207,Paud Phata Karve Road,89,Central,3.81,18.5054,73.824203
111,206,Maruti Mandir Karve Road / Maruti Mandir Kothrud,90,Central,4.27,18.503599,73.820297
112,205,Karve Putala,91,Central,4.69,18.502199,73.816597
113,204,Kothrud Stand,92,Urban,5.11,18.4991,73.813797
114,3838,Gandhi Bhavan Phata,93,Urban,5.39,18.494759,73.813362
115,202,Vandevi Karve Road,94,Urban,5.34,18.4933360201795,73.8149160186086
116,201,Vadacha Stop,95,Urban,5.4,18.4918,73.8153
117,225,Karve Nagar,96,Urban,5.62,18.4892399300422,73.8147193542468
118,199,Kakade Mangal Karyale,97,Urban,5.24,18.4907458305543,73.8181257711554
119,226,Shipra Society,98,Urban,5.09,18.4925417013604,73.8183618011613
120,174,Dsk Vishwa,99,Urban,10.51,18.4433,73.799103
121,227,Shreeman Society,100,Central,4.96,18.4921,73.820396
122,175,Ganesh Mandir Dsk,101,Urban,10.11,18.4471236259336,73.7999408494525
123,196,Vitthal Mandir Shreeman Society,102,Central,4.84,18.4909,73.822998
124,176,Chavan Nagar Dsk,103,Urban,10.02,18.4468809260548,73.8016805006003
125,106796,Rajaram Pul Corner,104,Central,4.65,18.4895248311542,73.8270092717075
126,177,Chavan Mala,105,Urban,9.88,18.4470366669457,73.8038432712127
127,229,Rajaram Pul,106,Central,4.7,18.487301,73.828903
128,178,Savitri Garden Mangal Karyalay,107,Urban,9.67,18.4471,73.807404
129,230,Vitthalwadi Sinhagad Road,108,Central,4.97,18.4848783827514,73.8281262793045
130,106602,Dhayarigaon,109,Urban,9.46,18.44754090483,73.8102943984096
131,231,Hingne,110,Urban,5.4,18.481346454636,73.8261821493141
132,180,Ganesh Nagar Dhayari,111,Urban,9.15,18.4505,73.810997
133,232,Anand Nagar Sinhagad Road,112,Urban,5.78,18.4784947423302,73.8243002180758
134,5564,Raykar Nagar,113,Urban,8.81,18.4537488211297,73.8115328908888
135,627,Ganesh Park Sinhagad Road,114,Urban,6.11,18.4757985276955,73.8229143660548
136,182,Khondaba Mandir,115,Urban,8.51,18.4567769230602,73.8117960677482
137,234,Manikbaug,116,Urban,6.39,18.4734,73.8218
138,183,Garmal,117,Urban,8.47,18.457199,73.811798
139,235,Indian Hume Pipe,118,Urban,6.73,18.4704633807977,73.8206204824493
140,3295,Dhayari Phata,119,Urban,8.03,18.461269,73.813042
141,236,Fun Time,120,Urban,6.92,18.468901,73.819901
142,3333,Abhiruchi,121,Urban,7.63,18.4640799753523,73.8154360654113
143,8062,Vadgaon Budruk Phata,122,Urban,7.11,18.4675736075957,73.8187615319291
144,186,Vadgaon Budruk Phata,123,Urban,7.14,18.4674363192383,73.8183830248834
145,238,Abhiruchi,124,Urban,7.64,18.4639127119955,73.8155292623128
146,187,Fun Time,125,Urban,6.97,18.4686303230247,73.8194686372894
147,7939,Dhayari Phata,119,Urban,8.04,18.4610425528096,73.8131690338345
148,188,Indian Hume Pipe,126,Urban,6.75,18.4704,73.820396
149,240,Garmal,117,Urban,8.45,18.457399,73.811897
150,189,Manikbaug,116,Urban,6.41,18.473301,73.821602
151,5562,Raykar Vasti Khandoba Mandir / Khondaba Mandir,127,Urban,8.72,18.4546058275627,73.8117179169368
152,190,Ganesh Park Sinhagad Road,128,Urban,6.19,18.4751834558995,73.8224598830995
153,5556,Raykar Nagar,113,Urban,8.78,18.4539530456426,73.811675687266
154,191,Anand Nagar Sinhagad Road,129,Urban,5.78,18.4786346579567,73.8241060878371
155,243,Ganesh Nagar Dhayari,130,Urban,9.13,18.4506,73.811096
156,192,Hingne,131,Urban,5.37,18.481701,73.826202
157,179,Dhayarigaon,109,Urban,9.45,18.447599,73.810402
158,3304,Vitthalwadi Sinhagad Road,108,Central,4.97,18.4849289030601,73.8279660876627
159,244,Savitri Garden Mangal Karyalay,132,Urban,9.67,18.447001,73.807602
160,194,Rajaram Pul,106,Central,4.71,18.4873739093999,73.8286957696764
161,245,Chavan Mala,105,Urban,9.87,18.447001,73.804001
162,246,Chavan Nagar Dsk,103,Urban,10.03,18.4468514829504,73.8016074923745
163,247,Ganesh Mandir Dsk,101,Urban,10.12,18.4470459344398,73.7998852107502
164,197,Shreeman Society,133,Central,4.87,18.491501,73.821999
165,198,Shipra Society,134,Central,4.96,18.4920677630135,73.8203278543205
166,200,Karve Nagar,135,Urban,5.64,18.4892940544261,73.8144645274506
167,224,Vadacha Stop,95,Urban,5.43,18.4916,73.815102
168,223,Vandevi Karve Road,94,Urban,5.34,18.4929563260812,73.8151050366655
169,222,Gandhi Bhavan Phata,136,Urban,5.33,18.495899,73.813301
170,221,Kothrud Stand,137,Urban,5.09,18.4998,73.813599
171,220,Karve Putala,138,Central,4.71,18.5023,73.816299
172,219,Maruti Mandir Karve Road,139,Central,4.28,18.5036191132045,73.820119450371
173,218,Paud Phata Karve Road,140,Central,3.8,18.5056,73.824203
174,289,Goodluck Chowk,141,Central,1.63,18.5173029572134,73.8416104570871
175,290,Fergusson College,142,Central,1.68,18.5227390694741,73.8409239126729
176,291,Dyneshwar Paduka Chowk,143,Central,1.69,18.5264885125279,73.8419655437044
177,211,Police Ground,144,Central,1.47,18.530701,73.848
178,34,Simla Office,145,Central,1.54,18.5309347437694,73.8472001263323
179,248,Pimplegurav,146,Urban,8.99,18.5930126539084,73.8190997477793
180,249,Suvarnpark,147,Urban,8.79,18.5911295843779,73.8195630794
181,250,Pooja Hospital,148,Urban,8.53,18.5888,73.820099
182,251,Ramkrushna Mangal Karyalay,149,Urban,8.18,18.586,73.821503
183,252,Raviraj Hotel,150,Urban,7.8,18.5834312655434,73.824238461174
184,106808,Shitaladevi Chowk Pimplegurav,151,Urban,7.44,18.5822196804817,73.8296968138389
185,254,Dapodi Mantri Niketan,152,Urban,7.19,18.58,73.830299
186,255,Shivaji Maharaj Putla Dapodi,153,Urban,7.12,18.5791,73.829803
187,256,Buddha Vihar Dapodi,154,Urban,6.79,18.5762219464547,73.8306599728286
188,257,Kinara Hotel Bopodi,155,Urban,6.62,18.5751,73.832001
189,258,Chhajed Petrol Pump,156,Urban,6.29,18.5730096557799,73.834811479728
190,259,Bhaurao Patil Chowk,157,Urban,5.66,18.5652183003927,73.8311725781871
191,260,Smile Up Dawakhana,158,Urban,5.5,18.5631431469448,73.8304567496165
192,261,Dr Sayyad Dawakhana,159,Urban,5.46,18.5626371579332,73.8303029947133
193,262,40 Aundh Road,160,Urban,5.33,18.5624886389291,73.8324951266751
194,263,Lic Colony,161,Urban,5.1,18.562095989414,73.8364791531354
195,106797,Khadki Railway Station,162,Central,4.88,18.561686196584,73.8409245450317
196,265,Balbhavan,163,Central,4.77,18.560785607231,73.8413238591012
197,266,Military Hospital Rangehills,164,Central,4.35,18.5563922453596,73.8404631999079
198,267,Mutton Market Rangehills,165,Central,4.26,18.5561767110323,73.8423672503836
199,268,Rangehills Post Office,166,Central,3.88,18.5529,73.8433
200,269,Rangehills H Type,167,Central,3.11,18.545401,73.843399
201,270,Rangehills Circle 2,168,Central,3.12,18.544901,73.842201
202,271,Rangehills Circle 1,169,Central,3.28,18.544901,73.839401
203,106809,: Ashok Nagar Rangehills,170,Central,3.23,18.544033968098,73.8388377814413
204,106810,Yashwant Nagar Rangehills,171,Central,3.12,18.5407687924022,73.8363111391086
205,106811,Rangehills Corner,172,Central,3.13,18.538632662383,73.8341331920679
206,31,E Square,173,Central,2.97,18.537701,73.835297
207,32,Pumping Station,174,Central,2.47,18.5348230061512,73.8389444484077
208,33,Mhasoba Gate,175,Central,2.03,18.5325048386198,73.8423355768853
209,3354,Shivaji Maharaj Putla,176,Central,0.75,18.5261696089911,73.8529409992861
210,275,Manapa Mangala Tolkies,177,Central,0.43,18.5235843427305,73.8544636094825
211,294,Ma Na Pa Congress Bhavan,178,Central,0.5,18.5222,73.852303
212,203,Gandhi Bhavan Phata,93,Urban,5.38,18.494935318591,73.8132916143046
213,288,Galinde Path,179,Urban,6.34,18.4842,73.810303
214,287,Tapodham,180,Urban,6.71,18.481899,73.807701
215,3179,Warje Gaon,181,Urban,6.93,18.4806,73.806099
216,8605,Warje Malwadi,182,Urban,7.36,18.4802882729266,73.8011399386981
217,284,Dnyanesh Society,183,Urban,7.77,18.4779,73.798203
218,282,Ganpati Matha,184,Urban,8.12,18.4757555874834,73.7957570117546
219,39,Ma Na Pa Dengle Pul Nadikhathi,185,Central,0.39,18.5236320444055,73.8552944375313
220,40,Shivaji Maharaj Putla,176,Central,0.79,18.5264,73.8526
221,41,Simla Office,186,Central,1.35,18.53026288785,73.8492364359007
222,42,Mhasoba Gate,187,Central,1.97,18.5321466292251,73.8426677417863
223,43,Pumping Station,174,Central,2.48,18.5348365615311,73.8387182687947
224,44,Mafatlal Bungalow,188,Central,2.81,18.5366,73.836304
225,45,Rangehills Corner,189,Central,3.0,18.537701,73.8349
226,46,Pune Vidhyapeeth Gate Aundh Road,190,Central,4.05,18.5435660651316,73.8270950651353
227,47,Bal Kalyan Sanstha,191,Central,4.65,18.548201,73.8237
228,48,Gol Market Aundh Road,192,Urban,5.03,18.5511,73.821602
229,6296,Kasturba Gandhi Vasahat,193,Urban,5.55,18.555,73.818802
230,50,Sindh Colony Aundh Road,194,Urban,6.09,18.559099,73.815804
231,24,Bremen Chowk,195,Urban,6.1,18.559099,73.815697
232,51,Bodygate,196,Urban,6.62,18.563296071624,73.8131725709371
233,52,Aundhgaon,197,Urban,6.89,18.5657446822165,73.8121476876079
234,53,Sangvi Phata Brt,198,Urban,7.84,18.5727897383879,73.8069617504696
235,68,Hinjawadi Maan Phase 3,199,Suburban,18.83,18.5765,73.688202
236,20,Aundh Hospital,200,Urban,8.44,18.5769,73.8032
237,69,Tcs Company,201,Suburban,19.05,18.581006189797,73.6876487872195
238,19,Rakshak Chowk,202,Urban,9.11,18.5812070389975,73.7987509515855
239,70,Tech Mahindra,203,Suburban,18.89,18.5828782462313,73.690040122205
240,1190,Rakshak Society Pimplenilakh,204,Urban,9.15,18.5792092967757,73.7960028588498
241,71,Gangaramwadi Circul,205,Suburban,18.6,18.5842441972854,73.6935639249919
242,1188,Ganesh Mandir Pimplenilakh,206,Urban,8.8,18.5741,73.795403
243,72,Dlf Company,207,Suburban,18.4,18.5847126462746,73.6959188150942
244,1197,Pimple Nilakh,208,Urban,8.72,18.5716914344448,73.7940752725263
245,73,Tata Motors,209,Suburban,18.08,18.5868505263367,73.7001246273791
246,6696,Ingwale Chowk,210,Urban,9.19,18.5735524923754,73.789886696178
247,1071,Power House Hinjawadi,211,Suburban,17.72,18.5889797303948,73.7050162807947
248,6697,Ingwale Chowk Cornar,212,Urban,9.41,18.5755766913246,73.7890175304827
249,75,Infosys Phase 2,213,Suburban,17.67,18.5932289043914,73.7077209407582
250,6698,Petrol Pump Pimple Nilakh,214,Urban,9.67,18.5773363255066,73.7874221869017
251,76,Emcure Hinjawadi Road,215,Suburban,17.34,18.5959639436859,73.7128470060139
252,6699,Neeta Park Pimple Nilakh,216,Urban,9.92,18.5791,73.785797
253,77,Wipro Company Circle,217,Suburban,16.93,18.5967568238656,73.717780294276
254,6700,Nandanvan Chowk,218,Urban,10.24,18.581499,73.783997
255,78,Tata Johnson,219,Suburban,15.87,18.5944855120567,73.7280275181345
256,6701,Nandgude Shala,220,Urban,10.36,18.582399,73.783401
257,79,Bank Of Maharashtra Hinjawadi,221,Suburban,15.49,18.5940411600763,73.7319616222326
258,6702,Chondhe English Medium School,222,Urban,10.83,18.5863,73.780998
259,8,Mezza Nine,223,Suburban,15.27,18.5939574369641,73.7343968360648
260,54,Vishal Nagar,224,Urban,10.74,18.5882,73.784203
261,9,Shivaji Chowk Hinjawadi,225,Suburban,14.68,18.5912712494071,73.7391915604882
262,55,Apple Hospital Vishal Nagar / Apple Hospital,226,Urban,11.06,18.588543296717,73.7802105160895
263,10,D Mart Hinjawadi,227,Suburban,14.21,18.591215012959,73.7444394660379
264,15,Mankar Chowk,228,Urban,11.61,18.5895975486413,73.7742313874127
265,11,Hinjawadi Jakat Naka,229,Suburban,13.75,18.5909715481262,73.7496009463289
266,7587,Mount Vert Society Wakad,230,Suburban,12.01,18.5899608563415,73.7694819031568
267,12,Savtamali Mandir,231,Suburban,13.39,18.5920049773499,73.7545876918852
268,57,Wakad,232,Suburban,12.82,18.5923292044507,73.7616216345304
269,13,Wakad,233,Suburban,12.82,18.5925072189163,73.7618053697926
270,58,Savtamali Mandir,234,Suburban,13.42,18.5915466163527,73.7538469249503
271,14,Mount Vert Society Wakad,235,Suburban,12.02,18.5901706802127,73.7696468962989
272,59,Hinjawadi Jakat Naka,229,Suburban,13.73,18.5908364325155,73.7497451188643
273,60,D Mart Hinjawadi,227,Suburban,14.22,18.5910912480018,73.7443039107486
274,16,Apple Hospital Vishal Nagar / Apple Hospital,236,Urban,11.05,18.588699,73.780502
275,61,Shivaji Chowk Hinjawadi,225,Suburban,14.69,18.5909986500419,73.7388652469588
276,17,Vishal Nagar,224,Urban,10.74,18.588301,73.784203
277,62,It Park Road,237,Suburban,14.66,18.5882038459798,73.737475267955
278,106517,Chondhe English Medium School,238,Urban,10.86,18.5865450497831,73.7809459555698
279,6,Infosys Phase 1,239,Suburban,14.92,18.5863675892385,73.7334590834709
280,6689,Nandgude Shala,220,Urban,10.36,18.5825,73.783401
281,7,Siemens,240,Suburban,15.19,18.5903398996957,73.7328943582305
282,6690,Nandanvan Chowk,241,Urban,10.26,18.581699,73.783997
283,91,Bank Of Maharashtra Hinjawadi,221,Suburban,15.49,18.5939376653089,73.7318442237212
284,6691,Neeta Park Pimple Nilakh,216,Urban,9.91,18.579201,73.786003
285,92,Tata Johnson,219,Suburban,15.91,18.5944630955819,73.7275547767723
286,6692,Petrol Pump Pimple Nilakh,242,Urban,9.65,18.5772931154143,73.7876018889179
287,93,Wipro Company Circle,243,Suburban,16.85,18.5967886096052,73.7186604337957
288,6693,Ingwale Chowk Cornar,212,Urban,9.4,18.5755475541477,73.7891492380462
289,94,Emcure Hinjawadi Road,215,Suburban,17.35,18.595773444758,73.7125793312667
290,6694,Ingwale Chowk,244,Urban,9.0,18.5716964517224,73.7906271473823
291,95,Infosys Phase 2,245,Suburban,17.64,18.5935968068589,73.7082052249703
292,1150,Ganesh Mandir Pimplenilakh,206,Urban,8.8,18.5741421255325,73.7953648143407
293,96,Power House Hinjawadi,211,Suburban,17.69,18.589001,73.705299
294,97,Tata Motors,209,Suburban,18.06,18.5868,73.700302
295,98,Gangaramwadi Circul,246,Suburban,18.48,18.5838544219131,73.6946253759001
296,99,Tech Mahindra,203,Suburban,18.85,18.5827860955409,73.6903855444094
297,100,Tcs Company,201,Suburban,19.05,18.5812006570683,73.6877843425088
298,22,Aundhgaon,197,Urban,6.96,18.5664652339579,73.8119429477036
299,101,Hinjawadi Maan Phase 3,247,Suburban,18.83,18.5768982092061,73.6883610391785
300,23,Bodygate,196,Urban,6.6,18.5632396001316,73.8133028155348
301,25,Sindh Colony Aundh Road,248,Urban,5.69,18.5562433364166,73.818174462138
302,26,Kasturba Gandhi Vasahat,193,Urban,5.54,18.555099,73.819
303,27,Gol Market Aundh Road,192,Urban,5.03,18.551201,73.8218
304,28,Bal Kalyan Sanstha,191,Central,4.65,18.5483,73.823898
305,29,Rajbhavan,249,Central,4.18,18.544701,73.8265
306,283,Ganpati Matha,184,Urban,8.11,18.4757736675863,73.7958663336999
307,281,Dnyanesh Society,183,Urban,7.77,18.478001,73.798103
308,285,Warje Malwadi,182,Urban,7.38,18.4802984191694,73.8009656292994
309,8202,Warje Malwadi / Warjegaon,250,Urban,6.93,18.4807,73.806
310,278,Tapodham,251,Urban,6.73,18.481899,73.807404
311,277,Galinde Path,252,Urban,6.31,18.4846,73.810303
312,35,Coep Hostel Jm Road,253,Central,0.93,18.5263,73.850502
313,6467,Sawarkar Bhavan,254,Central,0.72,18.5222465745251,73.8501734332568
314,108,Ma Na Pa Dengle Pul Nadikathi,255,Central,0.4,18.5236219969565,73.8550657020796
315,292,Police Line Modern College Road,256,Central,1.48,18.5264297696072,73.8441875543344
316,276,Ma Na Pa Congress Bhavan,178,Central,0.52,18.5223394018188,73.8522199508458
317,295,Yashwant Nagar Rangehills,257,Central,3.29,18.545,73.839401
318,296,Ashok Nagar Rangehills / Rangehills Circle 2,258,Central,3.13,18.545,73.842201
319,297,Rangehills Circle 1,169,Central,3.29,18.545,73.839401
320,299,Rangehills H Type,259,Central,3.14,18.5456027551509,73.8433438659261
321,300,Rangehills Post Office,260,Central,3.51,18.549299,73.8433
322,301,Mutton Market Rangehills,165,Central,4.24,18.5560411741215,73.8424879559408
323,302,Military Hospital Rangehills,261,Central,4.45,18.556999,73.8396
324,303,Balbhavan,163,Central,4.78,18.5608689602682,73.8413200113754
325,305,Lic Colony,161,Urban,5.1,18.5620216146652,73.8363483673664
326,306,40 Aundh Road,262,Urban,5.32,18.5623917333754,73.8325714420287
327,307,Dr Sayyad Dawakhana,159,Urban,5.45,18.5625456217771,73.8302171718175
328,308,Smile Up Dawakhana,263,Urban,5.54,18.5635984799064,73.8305049573614
329,309,Bhaurao Patil Chowk,157,Urban,5.69,18.5654030726482,73.8311010325995
330,310,Chhajed Petrol Pump,156,Urban,6.3,18.5730347276362,73.8346970066568
331,311,Buddha Vihar Dapodi,154,Urban,6.8,18.5762964831249,73.8305598390759
332,312,Shivaji Maharaj Putla Dapodi,264,Urban,7.13,18.579051847632,73.8294017795566
333,313,Dapodi Mantri Niketan,152,Urban,7.2,18.58,73.830101
334,253,Shitaladevi Chowk Pimplegurav,265,Urban,7.45,18.5821790024234,73.8293695876788
335,314,Raviraj Hotel,150,Urban,7.77,18.5832,73.824303
336,315,Ramkrushna Mangal Karyalay,149,Urban,8.12,18.585522207895,73.8218986709183
337,316,Pooja Hospital,148,Urban,8.54,18.5889,73.82
338,317,Suvarnpark,147,Urban,8.8,18.5912396305039,73.8195392309799
339,3850,Sangvi Vasantdada Putala,266,Urban,6.92,18.5752218675506,73.8257080264047
340,525,Chandramani Nagar,267,Urban,6.98,18.5748009384924,73.8236705075721
341,526,Mahadev Mandir Sangvi,268,Urban,7.29,18.5760530615525,73.8201306116013
342,519,Pwd Colony Navi Sangvi,269,Urban,7.4,18.5755,73.817299
343,520,Panyachi Taki Navi Sangvi,270,Urban,7.51,18.5753,73.815201
344,477,Navi Sangvi,271,Urban,7.79,18.5761992222495,73.811967420174
345,478,Br Gholap Vidyalay,272,Urban,7.94,18.5751461258896,73.8083955626694
346,1153,Bremen Chowk,273,Urban,6.35,18.5611,73.8144
347,30,Pune Vidhyapeeth Gate Pashan Road,274,Central,3.6,18.5411375849498,73.8305088112896
348,385,Ma Na Pa Nava Pul,275,Central,0.44,18.5236101373176,73.8541913946321
349,387,Kasba Peth Police Chowky,276,Central,0.08,18.5205,73.855904
350,491,Ganpati Chowk Laxmi Road,277,Central,0.64,18.5149311916394,73.8548889436307
351,6695,Sindh Colony Aundh Road,248,Urban,5.74,18.556499,73.817802
352,1186,Bremen Chowk,273,Urban,6.35,18.561001,73.814301
353,504,Br Gholap Vidyalay,272,Urban,7.94,18.5751255717243,73.808293043829
354,505,Navi Sangvi,271,Urban,7.8,18.5762043071857,73.8118654904034
355,521,Panyachi Taki Navi Sangvi,270,Urban,7.52,18.5753464723248,73.8151163461558
356,522,Pwd Colony Navi Sangvi,269,Urban,7.41,18.5755608803788,73.8172265960263
357,527,Makan Hospital,278,Urban,7.34,18.5760492792613,73.8192348905393
358,528,Chandramani Nagar,267,Urban,6.99,18.5749159913161,73.8236135218072
359,399,Ganjavewadi,279,Central,1.83,18.509501,73.843697
360,400,Dharmvir Sambhaji Manapa Shala,280,Central,1.87,18.5086,73.844002
361,401,Lokmanya Nagar,281,Central,2.17,18.5042,73.8452
362,106462,Dandekar Pul Shashtri Road,282,Central,2.25,18.5032097015399,73.8454574836366
363,402,Ambil Odha Colony,283,Central,1.92,18.5044,73.8498
364,403,Swargate Police Line,284,Central,2.23,18.500601,73.859901
365,444,Swargate Depot,285,Central,2.29,18.500299,73.861298
366,443,Ghorpade Peth,286,Central,2.4,18.4999500718619,73.8639503857684
367,442,St Vibhagiya Karyalaya,287,Central,2.44,18.5003685275056,73.8661419784748
368,5795,Mira Society,288,Central,2.53,18.5018922146867,73.8707184791565
369,2519,Golibar Maidan,289,Central,2.87,18.5022176702679,73.8760274368417
370,409,Mahatma Gandhi Stand,290,Central,3.1,18.5064959425107,73.8821983536475
371,410,Racecourse,291,Central,3.87,18.5064375212755,73.8903576135636
372,411,Bhairoba Nala Police Chowky,292,Central,4.49,18.5068552120791,73.8967835856414
373,412,Fatima Nagar,293,Urban,5.02,18.5065480509878,73.9020097001433
374,413,Kalubai Mandir Ramtekdi,294,Urban,5.46,18.5065,73.906403
375,437,Ramtekdi,295,Urban,6.06,18.5063767726796,73.9121919844128
376,1685,Vaiduwadi,296,Urban,7.02,18.504214482135,73.92105281353
377,436,Magarpatta Dawakhana,297,Urban,7.63,18.502701,73.926598
378,454,Hadapsargaon,298,Urban,8.33,18.5016130354099,73.9331501589456
379,418,Tupe Hospital,299,Urban,8.62,18.5012071981433,73.9359489221914
380,4387,Hadapsar Gadital,300,Urban,9.01,18.5002420011973,73.9394258637586
381,432,Glyding Center,301,Urban,9.24,18.498301,73.9412
382,431,Satavwadi,302,Urban,9.48,18.496901,73.9431
383,422,Gondhale Nagar,303,Urban,10.02,18.4935705851358,73.947449609938
384,423,Satyapuram,304,Urban,10.26,18.4914516833997,73.9490693727219
385,428,Ibm,305,Urban,10.48,18.4894115655851,73.9506110303718
386,427,Ganga Nagar Saswad Road,306,Urban,10.69,18.4876106324221,73.9519908990609
387,426,Bhekrai Nagar,307,Urban,11.03,18.4837,73.953903
388,450,Bhekrai Nagar,307,Urban,11.03,18.4835857242067,73.9538672978179
389,1694,Ganga Nagar Saswad Road,306,Urban,10.68,18.4876267236225,73.9518621530282
390,424,Ibm,305,Urban,10.5,18.4891661609271,73.950690442735
391,429,Satyapuram,304,Urban,10.27,18.4912316841455,73.9491240658792
392,430,Gondhale Nagar,303,Urban,9.98,18.493799,73.947098
393,421,Satavwadi,302,Urban,9.47,18.496799,73.943001
394,420,Glyding Center,301,Urban,9.22,18.498301,73.941002
395,419,Hadapsar Gadital,300,Urban,8.97,18.4999055922654,73.9390011901801
396,433,Krishna Chhaya Hotel,308,Urban,8.81,18.5007942388809,73.9376294899151
397,1702,Bhaji Mandai Hadpsar,309,Urban,8.46,18.50115,73.934311
398,435,Hadapsargaon,310,Urban,8.35,18.501301,73.933296
399,416,Magarpatta Dawakhana,297,Urban,7.64,18.5025699512419,73.9267224146412
400,415,Vaiduwadi,296,Urban,7.02,18.5040514042841,73.920989109254
401,414,Ramtekdi,295,Urban,6.06,18.5061930617225,73.9121378506466
402,3211,Kalubai Mandir Ramtekdi,311,Urban,5.48,18.506384,73.906525
403,438,Fatima Nagar,312,Urban,5.0,18.5064516468377,73.9017635677385
404,439,Bhairoba Nala Police Chowky,292,Central,4.5,18.5067223822691,73.896894454218
405,440,Racecourse,291,Central,3.89,18.5063306940418,73.890435397625
406,106812,Mahatma Gandhi Stand,313,Central,3.25,18.5055879085499,73.8833131666129
407,408,Golibar Maidan,289,Central,2.87,18.5021143455742,73.8759377426509
408,407,Mira Society,288,Central,2.56,18.5016,73.870697
409,406,St Vibhagiya Karyalaya,314,Central,2.45,18.500401,73.866501
410,405,Ghorpade Peth,286,Central,2.41,18.4998191776182,73.8638106014751
411,404,Swargate Depot,285,Central,2.31,18.500099,73.861198
412,445,Ambil Odha Colony,315,Central,1.89,18.5042779116432,73.8510404896186
413,106463,Dandekar Pul Shashtri Road,282,Central,2.28,18.502985868591,73.8452589786906
414,446,Prakash Cloth Store,316,Central,2.21,18.5038224810805,73.845160322151
415,447,Lokmanya Nagar,317,Central,2.09,18.5053488175742,73.8447537343433
416,448,Dharmvir Sambhaji Manapa Shala,318,Central,1.92,18.5079389520104,73.8440581160349
417,449,Ganjavewadi,319,Central,1.82,18.5098762282729,73.8434235035835
418,529,Bajirao Padale Chowk Mhalunge,320,Suburban,13.69,18.5651,73.735703
419,530,River Hills Society,321,Suburban,13.55,18.565701,73.737396
420,531,Waghjainagar Mhalunge,322,Suburban,13.33,18.5662467486294,73.7398582588645
421,532,Green Hill Colony,323,Suburban,12.93,18.5681,73.744797
422,533,Hotel Vithai,324,Suburban,12.67,18.5683936664129,73.7477177672266
423,534,Sutar Vasti,325,Suburban,12.38,18.568501,73.750801
424,535,Kolekar Nagar,326,Suburban,12.28,18.572701,73.754097
425,536,Shahid Sopan Padalenagar,327,Suburban,12.25,18.5735557050189,73.7549361693203
426,537,Mhalungegaon,328,Suburban,12.24,18.5743889753257,73.7555337339222
427,538,Surymukhi Ganesh Mandir,329,Suburban,12.06,18.5734201239195,73.7568747937406
428,539,Shitala Devi Nagar,330,Urban,11.85,18.5723847749513,73.7586158568158
429,540,Mhalunge Stadium Gate,331,Urban,11.59,18.5712524614909,73.7607422297156
430,351,Ma Na Pa Main Gate,332,Central,0.39,18.523001,73.854202
431,541,Mhalunge Corner,333,Urban,11.14,18.5696755568796,73.7646890204982
432,557,Ma Na Pa Daphale Garage,334,Central,0.51,18.5233001393522,73.8529796543343
433,84,Sadanand Hotel,335,Urban,10.86,18.568501,73.767097
434,542,D Mart Balewadi,336,Urban,10.58,18.5668806237351,73.7691599907397
435,543,Rajyoag Society,337,Urban,10.11,18.5652991184222,73.7732958897747
436,544,Kalamkar Vasti,338,Urban,9.85,18.5644854682224,73.775634898111
437,545,Prabhavi Tech Park,339,Urban,9.53,18.564236888012,73.7789785809472
438,546,Balewadi Phata,340,Urban,9.12,18.563499,73.783096
439,547,Banergaon Odha,341,Urban,8.76,18.5616,73.785896
440,492,Pune Vidhyapeeth Gate Baner Road,342,Central,4.01,18.5423912161645,73.8265318177443
441,548,Banergaon,343,Urban,8.36,18.5599,73.7892
442,493,Chavan Nagar Baner Road,344,Central,4.55,18.5453,73.822403
443,549,Kapil Malhar Society,345,Urban,8.09,18.558901,73.791603
444,494,Sakal Nagar Baner Road,346,Central,4.88,18.5463658349643,73.8193266027021
445,550,Kundan Garden,347,Urban,7.7,18.556601,73.794403
446,495,Abhiman Shree Baner Road,348,Urban,5.17,18.5471999877591,73.8166278686819
447,551,Ambedkar Nagar Baner,349,Urban,7.45,18.555099,73.796204
448,496,Sindh Colony Baner Road,350,Urban,5.46,18.5482272369171,73.8140052585136
449,552,Mahabaleshwar Hotel,351,Urban,7.22,18.5549873640425,73.7986984848976
450,497,National Society Baner Road,352,Urban,5.79,18.5494,73.811096
451,553,Trimurti Bungalow,353,Urban,6.97,18.5546,73.8013
452,1084,Baner Phata,354,Urban,6.03,18.5501,73.8088
453,554,Green Park,355,Urban,6.56,18.5519321801428,73.8040548969007
454,558,Someshwarwadi Phata,356,Urban,6.41,18.5509201987591,73.8050991575653
455,555,Someshwarwadi Phata,356,Urban,6.42,18.5511,73.805099
456,559,Green Park,355,Urban,6.59,18.552,73.803802
457,106464,Baner Phata,354,Urban,6.03,18.5501952075427,73.8089383165258
458,560,Trimurti Bungalow,353,Urban,7.01,18.5546,73.800797
459,485,National Society Baner Road,357,Urban,5.81,18.549601,73.810997
460,561,Mahabaleshwar Hotel,351,Urban,7.21,18.5548660574946,73.7987271031655
461,486,Sindh Colony Baner Road,358,Urban,5.38,18.548,73.814796
462,562,Ambedkar Nagar Baner,349,Urban,7.5,18.555099,73.7957
463,487,Abhiman Shree Baner Road,348,Urban,5.15,18.547199,73.816902
464,563,Kundan Garden,359,Urban,7.67,18.5562,73.794502
465,488,Sakal Nagar Baner Road,346,Central,4.89,18.546499,73.819397
466,564,Kapil Malhar Society,360,Urban,8.16,18.559,73.790901
467,489,Chavan Nagar Baner Road,361,Central,4.47,18.545,73.823196
468,565,Banergaon,343,Urban,8.37,18.559799,73.789001
469,3854,Pune Vidhyapeeth Gate Aundh Road,362,Central,4.01,18.5425266847421,73.8266913605965
470,566,Banergaon Odha,341,Urban,8.79,18.561501,73.7855
471,567,Balewadi Phata,363,Urban,9.2,18.5637483012441,73.7823817455377
472,568,Prabhavi Tech Park,339,Urban,9.5,18.5641331492557,73.7793028369407
473,569,Kalamkar Vasti,338,Urban,9.8,18.564301,73.7761
474,570,Rajyoag Society,337,Urban,10.11,18.565201,73.7733
475,571,D Mart Balewadi,364,Urban,10.4,18.5662273706468,73.7706935782922
476,86,Sadanand Hotel,365,Urban,10.86,18.568399,73.766998
477,572,Mhalunge Corner,366,Urban,11.11,18.569401,73.7649
478,573,Mhalunge Stadium Gate,331,Urban,11.6,18.5712343335616,73.760643017921
479,574,Shitala Devi Nagar,330,Urban,11.84,18.5723,73.758598
480,575,Surymukhi Ganesh Mandir,329,Suburban,12.05,18.5733276843193,73.7569081816924
481,577,Shahid Sopan Padalenagar,327,Suburban,12.24,18.573601,73.755096
482,579,Hotel Vithai,367,Suburban,12.7,18.568399,73.747398
483,580,Green Hill Colony,323,Suburban,12.92,18.568060915948,73.7449556456246
484,581,Waghjainagar Mhalunge,322,Suburban,13.34,18.566099,73.7397
485,582,River Hills Society,368,Suburban,13.57,18.565399,73.737
486,583,Bajirao Padale Chowk Mhalunge,320,Suburban,13.68,18.5646,73.735603
487,392,Swargate Natraj Stand,369,Central,2.22,18.5005,73.857697
488,393,Parvati Payatha,370,Central,2.4,18.499201,73.852402
489,394,Dandekar Pul,371,Central,2.36,18.5008505361914,73.8480830464116
490,395,Panmala,372,Central,2.54,18.5005,73.844902
491,377,Parvati Jalshuddhikaran Kendra,373,Central,2.98,18.4980081329109,73.8412007691113
492,396,Ganeshmala,374,Central,3.51,18.4948538201876,73.837158806192
493,624,P.L. Deshpande Udyan,375,Central,3.71,18.4936157168358,73.8357319284468
494,625,Vitthalwadi Jakat Naka,376,Central,4.1,18.491000547838,73.8331741256662
495,626,Jaidev Nagar,377,Central,4.41,18.4891523649665,73.8309009679899
496,645,Shivpushpak Park,378,Urban,5.99,18.4785,73.820999
497,643,Star Garden,379,Urban,6.39,18.476299,73.817802
498,642,Krushna Mandir Suncity,380,Urban,6.61,18.4751,73.816101
499,648,Suncity,381,Urban,6.82,18.474701,73.813499
500,641,Suncity,382,Urban,6.75,18.4748,73.814499
501,647,Krushna Mandir Suncity,380,Urban,6.59,18.4753,73.8162
502,646,Star Garden,379,Urban,6.37,18.4765,73.817902
503,644,Shivpushpak Park,383,Urban,5.98,18.4786,73.820999
504,621,Jaidev Nagar,377,Central,4.38,18.489401,73.831001
505,622,Vitthalwadi Jakat Naka,376,Central,4.1,18.491130014308,73.8331273198128
506,623,P.L. Deshpande Udyan,384,Central,3.76,18.4933416347636,73.8352776909915
507,3320,Ganeshmala,385,Central,3.33,18.4960248569661,73.8382915269441
508,106603,Parvati Jalshuddhikaran Kendra,373,Central,2.96,18.4981920426807,73.8412368799211
509,378,Panmala,386,Central,2.54,18.500559527501,73.8447545486242
510,379,Dandekar Pul Sinhagad Road,387,Central,2.34,18.500958607288,73.8481474457259
511,380,Parvati Payatha,388,Central,2.38,18.4993430592132,73.8525205351072
512,145,Hirabaag,389,Central,1.89,18.5036746726109,73.8537065671646
513,3317,Dandekar Pul Sinhagad Road,390,Central,2.41,18.5011482658217,73.8461596139725
514,3334,Dhayari Phata Dhayari Road,391,Urban,8.1,18.46067694058,73.812783442219
515,5555,Khandoba Mandir Dhayri,392,Urban,8.66,18.455151227187,73.8118494285874
516,629,Saipuram Corner,393,Urban,9.32,18.4467635536128,73.8145843108859
517,630,Benkar Vasti,394,Urban,9.37,18.4457455214058,73.8154941505247
518,631,Shivshankar Mitra Mandal Chowk,395,Urban,9.61,18.4431,73.815903
519,632,Chavan Shala,396,Urban,9.76,18.442301,73.8144
520,106667,Balaji Paradise Society,397,Urban,9.8,18.4423197568543,73.8136741307175
521,633,Dhayareshwar Mandir,398,Urban,9.84,18.442301,73.812798
522,614,Dhayareshwar Mandir,398,Urban,9.84,18.4424,73.812599
523,615,Chavan Shala,396,Urban,9.75,18.4424,73.8144
524,616,Shivshankar Mitra Mandal Chowk,395,Urban,9.61,18.443199,73.815804
525,617,Benkar Vasti,394,Urban,9.38,18.4457,73.815399
526,618,Saipuram Corner,393,Urban,9.32,18.4467228086382,73.8145265336702
527,619,Khandoba Mandir Dhayri,399,Urban,8.61,18.4557251335204,73.811753371383
528,3312,Dandekar Pul Sinhagad Road,390,Central,2.4,18.501246786768,73.8461428771214
529,656,Vadgaon Budruk Stand,400,Urban,6.93,18.467501,73.821899
530,654,Vadgaon Budruk Stand,401,Urban,6.93,18.4674,73.822098
531,655,Goyal Ganga Society,402,Urban,6.61,18.4701453886435,73.8231468729143
532,1068,Gangaramwadi Circul,205,Suburban,18.53,18.5837982863841,73.6941707300637
533,584,Shivaji Chowk Dange Chowk Road,403,Suburban,14.74,18.5921041607598,73.7390381541123
534,585,Hinjawadigaon,404,Suburban,14.86,18.5945871419279,73.7394878228869
535,586,Hinjawadi Jakat Naka,405,Suburban,14.83,18.5981123233413,73.7423381308624
536,587,Sant Tukaram Mangal Karyalay,406,Suburban,14.78,18.599199,73.743797
537,588,Draupada Mangal Karyalay,407,Suburban,14.75,18.5996620453587,73.7444819344133
538,5994,Bhumkar Vasti,408,Suburban,14.56,18.6043,73.750702
539,603,Bhumkar Chowk,409,Suburban,14.51,18.6059409610694,73.7527222178877
540,7920,Kala Khadak Vasahat,410,Suburban,14.36,18.6073461208136,73.7559454839942
541,601,Pandit Automotive,411,Suburban,14.33,18.6104672137768,73.7595266184128
542,600,Ganesh Nagar Dange Chowk,412,Suburban,14.28,18.6131061901522,73.7628849628658
543,594,Dange Chowk,413,Suburban,14.26,18.6151962196655,73.7655652011387
544,595,Laxman Nagar,414,Suburban,13.74,18.611401,73.768501
545,596,16 Number Santosh Nagar,415,Suburban,13.2,18.6078,73.771896
546,597,Kalewadi Phata,416,Suburban,12.63,18.6044513283389,73.7761703260868
547,106813,Shivraj Nagar,417,Urban,11.95,18.5998501619882,73.7803542053424
548,599,Jagtap Dairy,418,Urban,11.11,18.5932557874399,73.7846029738621
549,6293,Wakad Phata,419,Urban,10.18,18.5870263055847,73.7904756304897
550,458,Ma Na Pa Shramik Bhavan,420,Central,0.48,18.5246943951794,73.8561079370266
551,3857,Kumbharwada,421,Central,0.53,18.5246912152188,73.8588202308751
552,3212,Gadital,422,Central,1.11,18.527135035501,73.8645232413355
553,105,Ambedkar Bhavan,423,Central,1.35,18.5250037706112,73.8685980712328
554,2230,Sassoon Hospital,424,Central,1.65,18.5250498110138,73.8715439172408
555,1204,Gadital,425,Central,1.1,18.5271,73.864403
556,103,Kumbharwada,421,Central,0.56,18.524799,73.8592
557,1196,Aundh Hospital,200,Urban,8.43,18.5767464399587,73.8032501972011
558,1187,Rakshak Chowk,202,Urban,9.11,18.5810737805098,73.7985992431641
559,18,Wakad Phata,426,Urban,10.33,18.587799,73.789299
560,5761,Jagtap Dairy,427,Urban,11.43,18.5957059784262,73.7828882418405
561,598,Shivraj Nagar,417,Urban,11.99,18.6000848749794,73.7800114326076
562,106707,Kalewadi Phata,416,Suburban,12.64,18.6044513283389,73.7759227673529
563,6739,Dange Chowk,428,Suburban,14.31,18.6154402405446,73.7651896819229
564,593,Ganesh Nagar Dange Chowk,412,Suburban,14.27,18.6129359234905,73.7629285402154
565,592,Pandit Automotive,429,Suburban,14.32,18.6105622984102,73.7597329220396
566,591,Kala Khadak Vasahat,410,Suburban,14.35,18.6073,73.756104
567,7904,Bhumkar Chowk,409,Suburban,14.5,18.605801,73.752701
568,589,Bhumkar Vasti,430,Suburban,14.55,18.6029,73.749603
569,604,Draupada Mangal Karyalay,431,Suburban,14.68,18.600901,73.7463
570,605,Sant Tukaram Mangal Karyalay,406,Suburban,14.75,18.5992578481138,73.7441343547113
571,606,Hinjawadi Jakat Naka,405,Suburban,14.82,18.598,73.742401
572,607,Hinjawadigaon,432,Suburban,14.85,18.5945397146881,73.7395226734769
573,608,Shivaji Chowk Dange Chowk Road,403,Suburban,14.73,18.591999,73.739098
574,761,Alandi,433,Suburban,17.69,18.6748133205203,73.8971222018015
575,762,St Stand Alandi,434,Suburban,17.33,18.6724985388378,73.892591893673
576,763,Dehu Phata,435,Suburban,17.18,18.6712839229014,73.8918489219395
577,764,Kalewadi Pump,436,Suburban,16.8,18.6680669273565,73.8902959227562
578,765,Kate Colony Alandi Road,437,Suburban,16.57,18.666201,73.889198
579,2226,Charholi Phata,438,Suburban,16.03,18.6617521097276,73.8867527662301
580,699,Choviswadi Phata,439,Suburban,15.61,18.6579707776998,73.8859802868906
581,700,Vadmukhwadi Phata,440,Suburban,15.23,18.6547382819008,73.8846445535461
582,701,Sankalp Garden Alandi Road,441,Suburban,14.65,18.6499758292212,73.8818282334256
583,702,Balaji Mandir Alandi Road,442,Suburban,14.14,18.6455969994977,73.8801429948108
584,703,Thorya Paduka Temple,443,Suburban,13.51,18.6403425695057,73.8770739589535
585,704,Mauli Nagar Alandi Road,444,Suburban,13.1,18.636999,73.874802
586,4527,Magzine,445,Suburban,12.67,18.632999,73.875099
587,706,Datta Nagar Alandi Road,446,Urban,11.49,18.6224,73.874298
588,707,Parande Nagar,447,Urban,11.01,18.618,73.874199
589,708,Dighi,448,Urban,10.46,18.6131613627285,73.8729976869243
590,709,Ait College,449,Urban,9.78,18.6069285705177,73.8734266242302
591,710,Wireless Colony,450,Urban,8.95,18.5993240227677,73.873156607151
592,711,Ganesh Nagar Alandi Road,451,Urban,8.74,18.5973563287029,73.8733631792207
593,712,Parade Ground Alandi Road,452,Urban,8.07,18.591,73.874397
594,691,Charholigaon,453,Suburban,15.76,18.6535845302829,73.9078993110749
595,713,Mhaske Vasti,454,Urban,7.6,18.5864095479645,73.875302374363
596,692,Mhasoba Chowk Charholi,455,Suburban,15.77,18.6556582280111,73.901606850756
597,714,Pathan Baba Darga,456,Urban,7.2,18.582701,73.875198
598,693,Dabhade Vasti Charholi,457,Suburban,15.84,18.657101,73.899101
599,715,Kalas,458,Urban,6.94,18.5799621130142,73.8763591647148
600,694,Vitbhatti Charholi,459,Suburban,15.93,18.6584993560607,73.8968164151089
601,716,Rd Colony,460,Urban,6.62,18.5769,73.876602
602,2216,Tapkir Nagar Charholi,461,Suburban,16.02,18.6598,73.895103
603,717,Vishrantwadi Alandi Road,462,Urban,6.42,18.5747922680602,73.8770760685698
604,2217,Azad Nagar Charholi,463,Suburban,16.03,18.6605740896092,73.8921440012124
605,718,Sathe Biscuit Brt,464,Urban,6.04,18.5704066095133,73.8790208440036
606,2218,Wagheshwarwadi Charholi,465,Suburban,16.02,18.6610620006683,73.8894081570628
607,719,Mental Hospital,466,Urban,5.6,18.5662350780314,73.8786524534226
608,720,Phule Nagar,467,Central,4.84,18.5597004279016,73.8764423131943
609,721,Home Gaurd,468,Central,4.41,18.5560007388131,73.8751494884491
610,722,Ambedkar Society,469,Central,4.02,18.552799,73.873703
611,723,Deccan College Corner,470,Central,3.66,18.549999,73.871902
612,766,Sapras Post,471,Central,3.69,18.552644171004,73.8648015711229
613,741,Holkar Pul Corner,472,Central,3.82,18.55434276578,73.862489517888
614,726,Pachwad,473,Central,3.76,18.5541209936614,73.8591910173351
615,727,Mula Road,474,Central,3.34,18.5503989263483,73.8555371761322
616,4532,Poultry Farm Mumbai Road,475,Central,2.85,18.545752,73.85273
617,729,Mariaai Gate Navin St Stand,476,Central,2.57,18.5430422951922,73.8516640663147
618,730,Wakdewadi,477,Central,2.21,18.5394922830951,73.8509693743436
619,731,Labour Office,478,Central,1.64,18.5343909188687,73.8517794013024
620,732,Patil Estate,479,Central,1.25,18.531401,73.854301
621,733,Ma Na Pa Daphale Garage,334,Central,0.53,18.5234507779695,73.8528670041855
622,734,Lokmangal,480,Central,1.24,18.5299810627171,73.8507038857139
623,735,Patil Estate,481,Central,1.29,18.5316188477002,73.8537186902183
624,736,Labour Office,482,Central,1.67,18.5345892797703,73.8515058159828
625,737,Wakdewadi,477,Central,2.18,18.539101,73.850601
626,738,Mariaai Gate Navin St Stand,476,Central,2.62,18.5434,73.851501
627,739,Poultry Farm Mumbai Road,483,Central,3.11,18.547899,73.851501
628,740,Mula Road,484,Central,3.32,18.5502641551827,73.8554191589356
629,2301,Pachwad,473,Central,3.75,18.5540860019197,73.8588979340619
630,2302,Holkar Pul Corner,485,Central,3.9,18.5552378268862,73.8611430272217
631,742,Hanuman Mandir Sapras Road,486,Central,4.12,18.5543,73.872398
632,743,Saibaba Mandir Sapras Road,487,Central,4.2,18.554701,73.873299
633,744,Home Gaurd,468,Central,4.43,18.5561863608639,73.875133395195
634,745,Phule Nagar,467,Central,4.85,18.5598173927092,73.8763538002968
635,746,Mental Hospital,466,Urban,5.62,18.5664206094149,73.8786417702292
636,747,Sathe Biscuit Brt,488,Urban,6.04,18.5705532610353,73.8788062074043
637,748,Vishrantwadi Alandi Road,489,Urban,6.36,18.5742,73.877197
638,749,Rd Colony,490,Urban,6.63,18.577,73.876404
639,750,Kalas,458,Urban,6.95,18.580099,73.876099
640,751,Pathan Baba Darga,456,Urban,7.21,18.582899,73.875
641,752,Mhaske Vasti,491,Urban,7.6,18.5865061558222,73.8751789927483
642,753,Parade Ground Alandi Road,452,Urban,8.05,18.5908068462355,73.8743183069274
643,754,Ganesh Nagar Alandi Road / Ganesh Nagar Bopkhel,492,Urban,8.73,18.5973766659212,73.8732022534902
644,755,Wireless Colony,450,Urban,8.94,18.5993240227677,73.8730520009995
645,756,Ait College,449,Urban,9.75,18.6066559383909,73.8733583855246
646,757,Dighi,448,Urban,10.48,18.6134066721398,73.8728293723916
647,758,Parande Nagar,447,Urban,11.0,18.6179770996296,73.874055147171
648,759,Datta Nagar Alandi Road,446,Urban,11.45,18.6220338350185,73.8741409778595
649,705,Magzine,445,Suburban,12.65,18.6328739269515,73.8748712884203
650,4549,Mauli Nagar Alandi Road,493,Suburban,13.32,18.638901,73.875397
651,4550,Thorlya Paduka Tempal,494,Suburban,13.62,18.6413,73.877197
652,7217,Vadmukhwadi Phata,495,Suburban,15.19,18.654499,73.884102
653,4551,Choviswadi Phata,496,Suburban,15.54,18.657499,73.885498
654,698,Charholi Phata,497,Suburban,15.92,18.660801,73.886497
655,697,Wagheshwarwadi Charholi,498,Suburban,16.04,18.6612,73.889702
656,696,Azad Nagar Charholi,463,Suburban,16.05,18.6607,73.892403
657,2227,Tapkirnagar Charholi,499,Suburban,16.04,18.659901,73.895401
658,760,Charholigaon,453,Suburban,15.76,18.6536344394981,73.907622811537
659,2303,Sapras Post,471,Central,3.69,18.552608558833,73.8651796991322
660,767,Deccan College Corner,470,Central,3.65,18.5499259634802,73.871755162145
661,768,Ambedkar Society,469,Central,4.04,18.552999,73.873703
662,1145,Kalas,458,Urban,6.92,18.5798,73.876297
663,769,Kate Colony Alandi Road,437,Suburban,16.58,18.6663364329455,73.8889816403389
664,770,Kalewadi Pump,436,Suburban,16.81,18.6681863586941,73.8903120160103
665,2221,Dehu Phata,435,Suburban,17.13,18.6708976833743,73.8915833830834
666,771,St Stand Alandi,500,Suburban,17.37,18.6728085440219,73.8926884531975
667,772,Kasarwadi Railway Station,501,Urban,10.42,18.6076874022078,73.8206925988197
668,773,Sarita Sargam Society,502,Urban,10.05,18.6045,73.821701
669,774,Smashan Bhumi Kasarwadi,503,Urban,9.79,18.6022,73.822304
670,775,H Kshetriya Karyalay,504,Urban,9.62,18.6003,73.821701
671,776,Datta Mandir Srushti Chowk,505,Urban,9.54,18.598820681579,73.820022046566
672,6328,Srushti Chowk,506,Urban,9.45,18.5967360423766,73.8172352560872
673,778,Kinara Hotel,507,Urban,6.55,18.5745885043995,73.8323916667926
674,779,Bopodi Khadki Road,508,Urban,5.98,18.5713278630852,73.8384729623795
675,780,Manajibaug,509,Urban,5.72,18.569799,73.841698
676,804,Alegaonkar Shala,510,Urban,5.45,18.568199,73.8451
677,782,Khadki Bazar,511,Urban,5.17,18.5663037286683,73.8486143946648
678,783,Power House Khadki,512,Central,4.95,18.56458999702,73.8508298993111
679,784,Ammunition Factory Road,513,Central,4.62,18.5618,73.852798
680,2105,Methodist Church,514,Central,4.29,18.5589095625302,73.8541907428958
681,786,Surgeon Quarters,515,Central,3.85,18.5549785425333,73.8562828302384
682,388,Gadikhana Shivaji Road,516,Central,0.9,18.5123255584075,73.8577419966683
683,788,Shahu Chowk,517,Central,1.24,18.5093498115767,73.8579511642456
684,789,Shivaji Maratha High School,518,Central,1.64,18.5057776163902,73.8586077167081
685,391,Gokul Bhavan,519,Central,2.08,18.5017496949883,73.858653947275
686,799,Bank Of Baroda Marketyard,520,Central,3.46,18.4894154495333,73.8594899265258
687,798,Bhaji Market Market Yard,521,Central,3.53,18.4895,73.864197
688,797,Shivaji Maharaj Putla Marketyard,522,Central,3.66,18.4892298344087,73.8678672909737
689,796,Godown Gultekdi,523,Central,3.91,18.4878205845138,73.8705334067345
690,794,Marketyard Depot,524,Central,4.37,18.4836636737834,73.8715314678097
691,795,Marketyard Depot,525,Central,4.38,18.4835845769886,73.8714703838758
692,793,Godown Gultekdi,526,Central,3.92,18.4877,73.870499
693,792,Shivaji Maharaj Putla Marketyard,522,Central,3.68,18.4891560653669,73.8682106137276
694,5323,Bhaji Market Market Yard,527,Central,3.53,18.489401,73.863899
695,790,Bank Of Baroda Marketyard,528,Central,3.47,18.489401,73.860397
696,381,Bhikardas Maruti,529,Central,1.39,18.5082,73.853699
697,382,Shanipar,530,Central,0.96,18.5121713525364,73.8538181835903
698,800,Surgeon Quarters,515,Central,3.83,18.5548768309706,73.8562694191933
699,785,Methodist Church,514,Central,4.3,18.5589655024901,73.8540190825666
700,801,Ammunition Factory Road,513,Central,4.6,18.5616,73.852699
701,802,Power House Khadki,531,Central,4.94,18.5644654076326,73.8508808612824
702,803,Khadki Bazar,532,Urban,5.2,18.5665,73.848198
703,805,Manajibaug,533,Urban,5.74,18.569901,73.8414
704,806,Bopodi Khadki Road,534,Urban,5.97,18.5712388742125,73.8385158777237
705,777,Srushti Chowk,506,Urban,9.44,18.596614018571,73.8172191804484
706,807,Datta Mandir Srushti Chowk,505,Urban,9.54,18.5987622126431,73.8199174404144
707,808,H Kshetriya Karyalay,504,Urban,9.62,18.6002874846063,73.8215938210488
708,809,Smashan Bhumi Kasarwadi,503,Urban,9.81,18.6022829488625,73.8221759016602
709,810,Sarita Sargam Society,502,Urban,10.04,18.6043598941569,73.8216662406922
710,781,Alegaonkar Shala,510,Urban,5.43,18.5680002479977,73.8453548487062
711,106563,Balaji Nagar,535,Urban,6.55,18.4615191531075,73.8581503416232
712,106564,Balaji Nagar,535,Urban,6.55,18.4615395064925,73.8580111266079
713,6974,Bhosari Terminal,536,Urban,11.56,18.624249,73.851646
714,862,Atlas Company,537,Urban,10.95,18.6186913564123,73.8503336906433
715,6975,Century Enka Colony,538,Urban,10.65,18.6157679538209,73.8474910658567
716,6478,Optonica Company,539,Urban,10.98,18.6182360158091,73.8428739552654
717,865,Landewadi,540,Urban,11.18,18.6198148431398,73.8408654928208
718,934,Philips Company Bhosari,541,Urban,11.33,18.6205367176228,73.8366624712944
719,935,Midc Bhosari,542,Urban,11.52,18.620899,73.8302
720,936,Bhosari Police Station,543,Urban,11.31,18.6182030534103,73.8272728570686
721,791,Bhaji Market Market Yard,527,Central,3.53,18.489401,73.863899
722,106482,Cirt,544,Urban,10.94,18.6139326792836,73.8245848638463
723,106483,Nashik Phata Bhosari Road,545,Urban,10.53,18.6096571582967,73.823254897999
724,939,Kasarwadi,546,Urban,9.71,18.602697386656,73.825957775116
725,1660,Atlas Capco,547,Urban,8.96,18.596527,73.828857
726,941,Phugewadi Jakat Naka,548,Urban,8.15,18.5898,73.831902
727,942,Phugewadi,549,Urban,7.74,18.5863,73.833199
728,943,Dapodi,550,Urban,7.12,18.5809,73.834602
729,944,Bopodi,551,Urban,5.9,18.5703922055909,73.8378882408142
730,945,Gopi Chal,552,Urban,5.53,18.567259669948,73.8390952791384
731,264,Khadki Station,553,Central,4.99,18.5629219367712,73.8417184720897
732,946,Factory Hospital,554,Central,4.4,18.5585,73.845497
733,947,Khadki Post,555,Central,4.09,18.556101,73.847397
734,948,Raja Bungalow,556,Central,3.61,18.5521433143496,73.8495397567749
735,728,Poultry Farm Mumbai Road,557,Central,3.04,18.5474,73.851898
736,949,Ma Na Pa Main Stand,558,Central,0.43,18.5229408192276,73.8536595982643
737,950,Raja Bungalow,556,Central,3.59,18.552,73.849503
738,951,Khadki Post,555,Central,4.07,18.5559269985679,73.8473698496819
739,952,Factory Hospital,554,Central,4.39,18.558399,73.845398
740,304,Khadki Station,559,Urban,5.0,18.5630008389371,73.8414302554427
741,953,Gopi Chal,552,Urban,5.55,18.5673461978307,73.8388752937317
742,954,Bopodi,551,Urban,5.89,18.5702650778849,73.8378050923348
743,955,Dapodi,560,Urban,7.14,18.580999,73.834396
744,956,Phugewadi,561,Urban,7.55,18.5846,73.833504
745,957,Phugewadi Jakat Naka,548,Urban,8.16,18.5898,73.831596
746,958,Atlas Capco,562,Urban,8.89,18.5958488256302,73.8287842316952
747,959,Kasarwadi,546,Urban,9.71,18.6026084140884,73.8256251811981
748,938,Nashik Phata Bhosari Road,545,Urban,10.56,18.6099013887698,73.8230763927942
749,937,Cirt,563,Urban,10.95,18.614,73.824402
750,960,Bhosari Police Station,543,Urban,11.32,18.618299,73.827103
751,961,Midc Bhosari,542,Urban,11.51,18.6208,73.830101
752,962,Philips Company Bhosari,541,Urban,11.35,18.6206510989394,73.8365739583969
753,887,Landewadi,540,Urban,11.18,18.6197894249684,73.8407716155052
754,888,Shitalbaug,564,Urban,10.9,18.6176714666416,73.8435403566609
755,863,Century Enka Colony,565,Urban,10.69,18.6159,73.8452
756,889,Atlas Company,537,Urban,10.94,18.618601,73.849998
757,7088,Bhosari Terminal,566,Urban,11.59,18.6244919482154,73.8513736810292
758,890,Bhosari Chakan Road,567,Urban,11.51,18.6237856467513,73.8511712360487
759,7089,Dhawde Vasti,568,Suburban,12.15,18.6295268484158,73.8510954380036
760,892,Bhosari Depot,569,Suburban,12.47,18.632401,73.849899
761,893,Sadguru Nagar,570,Suburban,12.82,18.6355,73.8498
762,894,E Kshetriya Karyalay,571,Suburban,13.49,18.6416,73.850601
763,895,Panjarpol,572,Suburban,13.73,18.6437,73.850502
764,896,Vakhar Mahamandal Bhosari,573,Suburban,14.08,18.6468982867741,73.8504973053932
765,897,Gandharva Nagari,574,Suburban,14.46,18.650299,73.850197
766,898,Sainath Hospital Moshi,575,Suburban,15.07,18.655701,73.848801
767,899,Moshi Jakat Naka,576,Suburban,15.65,18.6609,73.848396
768,900,Borate Vasti Nasik Road,577,Suburban,16.2,18.665899,73.848602
769,901,Bankar Vasti,578,Suburban,16.74,18.6707,73.848297
770,6087,Moshigaon,579,Suburban,17.36,18.676399,73.849602
771,903,Nageshwar Vidyalay Moshi,580,Suburban,17.95,18.6816155036394,73.8479036092758
772,904,Moshi Toll Naka,581,Suburban,18.45,18.6860210850731,73.8466812168645
773,905,Chimbli Phata,582,Suburban,19.54,18.6959,73.847504
774,906,Gaikwad Vasti Nasik Road,583,Suburban,20.72,18.7066,73.848099
775,907,Barge Vasti,584,Suburban,21.17,18.7106122186695,73.8485392928124
776,908,Kuruli Phata,585,Suburban,21.69,18.7153,73.848297
777,909,Sandesh Model Colony,586,Suburban,22.17,18.7197,73.850403
778,910,Kalyani Forge Chakan Road,587,Suburban,22.55,18.7232,73.852402
779,911,Spicer India Company,588,Suburban,22.93,18.726601,73.854103
780,912,Alandi Phata,589,Suburban,23.57,18.732401,73.8564
781,913,Gavte Vasti Petrol Pump,590,Suburban,24.21,18.7381,73.857803
782,914,Vijay Oil Mill,591,Suburban,24.57,18.7413818902567,73.8590713449318
783,915,Balaji Petrol Pump,592,Outer,25.28,18.7477,73.859703
784,916,Chakan Talegaon Chowk,593,Outer,26.13,18.7553969964131,73.8589908303575
785,917,Sherya Lawns,594,Outer,26.11,18.7552037836007,73.8537086219228
786,918,Ranubaimala,595,Outer,26.21,18.756001,73.848801
787,919,Sanjivani Hospital,596,Outer,26.39,18.7573737740301,73.8422878300939
788,831,Kharabwadi,597,Outer,26.42,18.7575556049478,73.8415257483023
789,830,Sara City Mns Chowk,598,Outer,26.47,18.7579,73.839699
790,920,Pancharatna Complex,599,Outer,26.52,18.7582567681805,73.8376300090956
791,921,Ibp Pump,600,Outer,26.72,18.7592575021635,73.8292166590691
792,922,Kores Company,601,Outer,26.83,18.7599380678535,73.8259465179562
793,923,Kalyan Hotel,602,Outer,26.82,18.7594581403345,73.8228598237038
794,924,Lumax Company,603,Outer,26.81,18.7586,73.817596
795,925,Maharashtra Vajan Kata,604,Outer,26.63,18.756001,73.811096
796,926,Mhalunge Phata Chakan,605,Outer,26.58,18.755099920873,73.8087514042854
797,927,Midc Phata Chakan,606,Outer,26.51,18.753901,73.805702
798,928,Badway Company,607,Outer,26.04,18.7496748469794,73.8062864542008
799,929,Savarna Fabricators,608,Outer,25.81,18.747601,73.806503
800,930,Endurance Systems Chakan Mahalunge,609,Outer,25.13,18.7413968371751,73.8067746057223
801,993,Chinchwadgaon,610,Suburban,14.28,18.627678,73.782166
802,6316,Kalika Mata Mandir,611,Suburban,14.21,18.628393,73.784599
803,1026,Darshan Hall,612,Suburban,14.19,18.6290825200648,73.7861418325306
804,5899,Elpro Company,613,Suburban,14.61,18.632999,73.785301
805,5900,More Prekshagruha,614,Suburban,14.6,18.634001,73.787201
806,5901,Lokmanya Hospital,615,Suburban,14.75,18.6369026197779,73.7898015975952
807,1030,Chinchwad Station,616,Suburban,14.67,18.6383,73.794296
808,1031,Empire Estate,617,Suburban,14.05,18.6343,73.799004
809,1032,Finolex Morwadi,618,Suburban,13.55,18.6306883885157,73.8019895553589
810,1033,Pimpri Maha Nagarpalika,619,Suburban,13.06,18.627199,73.805099
811,974,Nashik Phata,620,Urban,10.47,18.608264434813,73.8209313154221
812,1034,Kharalwadi,621,Suburban,12.54,18.623391142065,73.8083302974701
813,1036,Vallabh Nagar Brt,622,Urban,11.05,18.612499,73.8172
814,1035,Ha,623,Suburban,12.04,18.6197792577763,73.8113451004028
815,1037,Ha,624,Suburban,12.21,18.620928075968,73.8100516084604
816,972,Vallabh Nagar Brt,625,Urban,11.29,18.614401,73.816101
817,1038,Kharalwadi,621,Suburban,12.52,18.6231597619994,73.808136411597
818,973,Nashik Phata,620,Urban,10.45,18.6081881751871,73.8213282823563
819,7273,Pimpri Road,626,Suburban,13.0,18.6270830029874,73.8063239998674
820,984,Kundan Hotel Pimpri,627,Suburban,12.91,18.6257949968494,73.8054113999458
821,940,Atlas Capco,562,Urban,8.89,18.5959480498673,73.8290128111839
822,985,Gokul Hotel,628,Suburban,12.88,18.624599,73.803299
823,7742,Bhat Nagar,629,Suburban,13.34,18.6265816492395,73.7978113488681
824,7743,Devi Link,630,Suburban,13.79,18.629463,73.794395
825,988,Gawade Petrol Pump,631,Suburban,13.92,18.629994448379,73.7928538225945
826,8852,Bakwoulf Colony,632,Suburban,13.99,18.6303033587672,73.7920332428318
827,8851,Manik Colony,633,Suburban,14.1,18.6306585292305,73.7906015499977
828,991,Darshan Hall,612,Suburban,14.18,18.629007,73.786186
829,992,Kalika Mata Mandir,611,Suburban,14.19,18.6283804794053,73.7849629977239
830,1040,Nigdi Bhakti Shakti,634,Suburban,18.54,18.6660836184525,73.7711275384367
831,1041,Krushna Mandir Nigdi,635,Suburban,18.16,18.6634826509104,73.773589428159
832,5844,Nigdi Pawale Chowk,636,Suburban,17.62,18.6597700497971,73.7770637869835
833,1043,Pradhikaran Corner,637,Suburban,17.46,18.6586,73.778
834,1044,Bajaj Auto,638,Suburban,16.77,18.6538044351171,73.7824818334148
835,1045,Akurdi Chowk,639,Suburban,16.37,18.6509460544626,73.7849300098315
836,1742,Kalbhor Nagar,640,Suburban,15.67,18.645901,73.789101
837,1047,Jayshree Talkies,641,Suburban,15.15,18.6422,73.792297
838,1048,Chinchwad Station Brt,642,Suburban,14.81,18.639799,73.794403
839,1737,Pimpri Maha Nagarpalika,619,Suburban,13.07,18.627111,73.804695
840,1050,Finolex Morwadi,643,Suburban,13.53,18.6304544766472,73.8019084988755
841,1051,Chinchwad Station Brt,644,Suburban,14.79,18.63946703583,73.7942460179329
842,1052,Jayshree Talkies,641,Suburban,15.12,18.641899,73.792198
843,1053,Kalbhor Nagar,640,Suburban,15.65,18.6457,73.789001
844,1743,Akurdi Chowk,639,Suburban,16.37,18.650801,73.784599
845,1744,Bajaj Auto,638,Suburban,16.78,18.6537105071578,73.7821224489643
846,1056,Pradhikaran Corner,645,Suburban,17.44,18.6583545054237,73.7780310606229
847,1746,Nigdi,646,Suburban,17.72,18.6603188601381,73.7761624937502
848,1058,Nigdi Bhakti Shakti,634,Suburban,18.54,18.6659363168919,73.7709551046032
849,812,Endurance Systems Chakan Mahalunge,609,Outer,25.11,18.7412292058596,73.8069328481648
850,6201,Suvarna Fabricators,647,Outer,25.82,18.7477,73.806396
851,822,Midc Phata Chakan Road,648,Outer,26.61,18.7547,73.805496
852,823,Mhalunge Phata Chakan,605,Outer,26.57,18.7549729313588,73.8086092472077
853,824,Maharashtra Vajan Kata,604,Outer,26.65,18.756201,73.811401
854,825,Lumax Company,603,Outer,26.81,18.7587140001743,73.8181954622269
855,826,Kalyan Hotel,649,Outer,26.83,18.759587666193,73.8229161500931
856,827,Kores Company,601,Outer,26.83,18.7599813223682,73.826317191124
857,828,Ibp Pump,600,Outer,26.72,18.7592498829878,73.8291013240814
858,829,Pancharatna Complex,650,Outer,26.62,18.7589,73.835297
859,832,Sanjivani Hospital,651,Outer,26.44,18.7577,73.841103
860,833,Ranubaimala,652,Outer,26.36,18.7571187564997,73.843929479687
861,834,Sherya Lawns,653,Outer,26.15,18.755501,73.851799
862,836,Balaji Petrol Pump,592,Outer,25.35,18.7484,73.860001
863,837,Vijay Oil Mill,591,Suburban,24.55,18.741199,73.8592
864,838,Gavte Vasti Petrol Pump,590,Suburban,24.16,18.7377,73.857803
865,839,Alandi Phata,654,Suburban,23.46,18.7314,73.8563
866,840,Spicer India Company,655,Suburban,22.91,18.7264,73.854202
867,841,Kalyani Forge Chakan Road,656,Suburban,22.69,18.7244,73.853302
868,842,Sandesh Model Colony,657,Suburban,22.14,18.7194,73.850502
869,843,Kuruli Phata,585,Suburban,21.66,18.7150653187438,73.8484301828157
870,844,Barge Vasti,584,Suburban,21.18,18.7107341605435,73.848646581173
871,845,Gaikwad Vasti Nasik Road,658,Suburban,20.7,18.7064,73.848198
872,846,Chimbli Phata,582,Suburban,19.57,18.696199,73.847801
873,847,Moshi Toll Naka,581,Suburban,18.49,18.686399,73.846802
874,848,Nageshwar Vidyalay Moshi,580,Suburban,17.95,18.681601,73.848
875,849,Moshigaon,659,Suburban,17.45,18.6772,73.849899
876,850,Bankar Vasti,578,Suburban,16.77,18.671,73.848396
877,851,Borate Vasti Nasik Road,577,Suburban,16.18,18.665701,73.848801
878,852,Moshi Jakat Naka,660,Suburban,15.65,18.6609,73.848503
879,853,Sainath Hospital Moshi,575,Suburban,15.09,18.655899,73.848999
880,854,Gandharva Nagari,574,Suburban,14.48,18.650499,73.850304
881,855,Vakhar Mahamandal Bhosari,661,Suburban,14.07,18.6467610504784,73.8505858182907
882,856,Panjarpol,572,Suburban,13.73,18.6437,73.850601
883,857,E Kshetriya Karyalay,571,Suburban,13.48,18.6415,73.8507
884,858,Sadguru Nagar,662,Suburban,12.81,18.635401,73.849998
885,859,Bhosari Depot,663,Suburban,12.34,18.631201,73.850403
886,860,Dhawde Vasti,664,Suburban,12.13,18.6293260561511,73.851355612278
887,1242,Upper Depot,665,Urban,6.76,18.4610450969899,73.8706265126975
888,9296,Upper Indira Nagar,666,Urban,6.71,18.460923815527,73.8674474019549
889,1243,State Bank Colony,667,Urban,6.41,18.463301,73.864899
890,1244,Chintamani Nagar,668,Urban,6.14,18.4657,73.864502
891,1245,Lower Indira Nagar,669,Urban,5.81,18.4685885053879,73.8640800118446
892,1246,Bharat Jyoti,670,Urban,5.4,18.4722289491512,73.863116245943
893,140,Katraj,671,Urban,8.14,18.4472118313262,73.8587666146566
894,1247,Bibvewadi,672,Urban,5.05,18.4753,73.862297
895,1253,Santosh Nagar Katraj,673,Urban,8.04,18.4480541003069,73.8566502928734
896,1248,Kothari,674,Central,4.73,18.4781,73.861702
897,1254,Maruti Mandir Santosh Nagar,675,Urban,7.92,18.4491914311923,73.8541370630264
898,1249,Vasant Baug,676,Central,3.77,18.486565,73.858227
899,1263,Datta Nagar Katraj Road,677,Urban,7.81,18.450443170258,73.8502210728989
900,1250,Esi Hospital,678,Central,3.82,18.486099,73.858398
901,1256,Vitthal Heritage Society,679,Urban,8.0,18.4491557306939,73.8461387757932
902,1251,Pushp Mangal Karyalay,680,Central,3.78,18.486413,73.858317
903,1257,Ram Nagari,681,Urban,8.08,18.4489420046148,73.8427001684473
904,1258,Ambegaon Budruk Narhe Road,682,Urban,8.17,18.4489979805183,73.8385212872605
905,1259,Bhumkar Nagar,683,Urban,8.25,18.4492829484718,73.8344496857248
906,1260,Narhegaon,684,Urban,8.56,18.4478,73.829803
907,1252,Police Ground,685,Central,1.76,18.531,73.844299
908,1233,Esi Hospital,686,Central,3.82,18.486099,73.858597
909,1235,Kothari,674,Central,4.72,18.478201,73.8619
910,1236,Bibvewadi,687,Central,4.93,18.4764,73.862396
911,1237,Bharat Jyoti,688,Urban,5.46,18.471701,73.863602
912,1238,Lower Indira Nagar,669,Urban,5.8,18.4687,73.864197
913,1239,Chintamani Nagar,668,Urban,6.14,18.4657,73.8647
914,1240,State Bank Colony,667,Urban,6.4,18.4634087037264,73.8650214672089
915,1241,Upper Indira Nagar,689,Urban,6.69,18.4611,73.8675
916,1261,Narhegaon,690,Urban,8.56,18.447901,73.829498
917,1262,Vitthal Heritage Society,679,Urban,8.0,18.4492,73.846001
918,1265,Santosh Nagar Katraj,673,Urban,8.05,18.448,73.856697
919,1059,Neilsoft Company Infosys Phase 3,691,Suburban,20.5,18.5882778655349,73.6758989778982
920,1060,Exabier Company,692,Suburban,20.24,18.5900679010478,73.6793670058251
921,1061,Yash Technology,693,Suburban,19.9,18.5907,73.683098
922,1062,Falcon Company Phase 3,694,Suburban,19.74,18.591,73.684898
923,1063,K P It Circule,695,Suburban,19.56,18.592199,73.687302
924,1064,Capgemini Company,696,Suburban,19.33,18.5975749536728,73.6923730823261
925,1065,Icz Company,697,Suburban,19.33,18.593399,73.6903
926,1066,Manara Company,698,Suburban,19.15,18.5917,73.691299
927,1067,Gangaramwadi,699,Suburban,18.82,18.587099,73.692596
928,1074,Mezza Nine,700,Suburban,15.17,18.593864,73.735397
929,7684,Wakad Bridge,701,Suburban,13.12,18.5916650590671,73.7575403029764
930,1078,Digambar Marble Kaveri Hotel,702,Suburban,12.12,18.581354,73.761414
931,82,Balewadi Stadium,703,Urban,11.53,18.5750490018054,73.7637749521829
932,7661,Radha Hotel,704,Urban,11.02,18.569573346021,73.7659278882314
933,484,Baner Phata,705,Urban,6.01,18.550699,73.809502
934,499,Sanewadi,706,Urban,6.19,18.5534941175496,73.8094547258058
935,482,Anand Park Iti Road,707,Urban,6.42,18.5564,73.809097
936,501,Iti Aundh,708,Urban,6.65,18.5595,73.808998
937,502,Police Workshop,709,Urban,6.69,18.5613650692924,73.8101598493278
938,503,Police Line Aundh,710,Urban,6.47,18.5616382835225,73.8134488323141
939,1192,Rakshak Society Pimplenilakh,204,Urban,9.14,18.5791344083256,73.7960222110835
940,1152,Sangvi Phata Wakad Road,711,Urban,8.01,18.5740889606362,73.8060772868854
941,1154,Spicer College,712,Urban,6.24,18.563,73.8181
942,1155,Spicer College Press,713,Urban,6.07,18.5629219367712,73.8205933953291
943,1191,Mahaurja Pradhikaran Karyalay Pune,714,Urban,5.97,18.5628914247755,73.8220632567397
944,1156,Botanical Garden,715,Urban,5.73,18.562799,73.825798
945,1101,Trikonibaug,716,Central,4.83,18.5637305026669,73.8532680701324
946,1102,Vehicle Depot Khadki,717,Urban,5.02,18.5655,73.854797
947,1103,Ammunition Stores,718,Urban,5.27,18.567801,73.8564
948,1104,Ammunition Factory Gate,719,Urban,5.34,18.568399,73.856598
949,1105,Arsenal Factory Gate,720,Urban,5.5,18.569901,73.856796
950,1106,Ordinance Club,721,Urban,5.89,18.5729651721071,73.863503389032
951,1107,Mula House,722,Urban,5.96,18.573099,73.866898
952,1108,Mhasoba Mandir Ammunition Factory Road,723,Urban,5.55,18.5693089943834,73.8669956201926
953,1109,Police Line Phule Nagar,724,Urban,5.6,18.5690395610358,73.8705173134804
954,1128,Shanti Nagar,725,Urban,5.71,18.567301,73.8787
955,1142,Mental Corner,726,Urban,5.74,18.5673594193431,73.8793015847112
956,3834,Vishrantwadi,727,Urban,6.42,18.5748622430428,73.8769399536943
957,1113,Bopkhel Phata,728,Urban,8.72,18.5973308277342,73.8726159995522
958,1114,Ganesh Nagar Bopkhel,729,Urban,8.2,18.5938481221921,73.8639915305761
959,1124,Ganesh Nagar Gali No 4,730,Urban,7.7,18.5894374191719,73.8626530766487
960,1123,Jeevan Nagar Hospital,731,Urban,7.51,18.587799,73.861702
961,1122,Ram Nagar Bopkhel,732,Urban,7.49,18.5877,73.8591
962,1118,Geet Govind Lawns,733,Urban,7.46,18.5875,73.858299
963,1120,Bopkhel,734,Urban,7.4,18.586901,73.854401
964,1119,Bopkhel,734,Urban,7.39,18.5868,73.854401
965,1121,Geet Govind Lawns,733,Urban,7.46,18.5875,73.8582
966,1117,Ram Nagar Bopkhel,732,Urban,7.48,18.587601,73.859001
967,1115,Ganesh Nagar Gali No 4,730,Urban,7.7,18.5893865737514,73.8626772165299
968,1148,Vishrantwadi,735,Urban,6.35,18.5739700510585,73.8776493468422
969,1127,Mental Corner,736,Urban,5.76,18.5674,73.8797
970,1129,Police Line Phule Nagar,724,Urban,5.6,18.5689607412736,73.8707533478737
971,1130,Mula House,722,Urban,5.95,18.573,73.867104
972,1131,Ordinance Club,721,Urban,5.88,18.5728990666689,73.8636643148935
973,1132,Arsenal Factory Gate,720,Urban,5.47,18.569599,73.856796
974,1133,Ammunition Factory Gate,719,Urban,5.33,18.5683,73.856697
975,1134,Ammunition Stores,718,Urban,5.27,18.567801,73.856499
976,1135,Vehicle Depot Khadki,717,Urban,5.02,18.5655,73.854897
977,1136,Trikonibaug,716,Central,4.84,18.5637915263525,73.8533968237613
978,479,Police Line Aundh,737,Urban,6.46,18.5616178957799,73.8135442263218
979,480,Police Workshop,709,Urban,6.68,18.5613469980014,73.8103046467
980,481,Iti Aundh,738,Urban,6.62,18.559299,73.809196
981,500,Anand Park Iti Road,707,Urban,6.4,18.5564,73.809303
982,483,Sanewadi,739,Urban,6.19,18.5535370382557,73.8095563522995
983,1183,Botanical Garden,715,Urban,5.72,18.5627,73.825798
984,1194,Mahaurja Pradhikaran Karyalay Pune,714,Urban,5.98,18.5627744620751,73.8218106337285
985,1184,Spicer College Press,713,Urban,6.05,18.562799,73.820702
986,1185,Spicer College,712,Urban,6.23,18.562799,73.8181
987,1195,Sangvi Phata Wakad Road,711,Urban,8.02,18.574045,73.805901
988,1085,Radha Hotel,740,Urban,11.08,18.5695575167609,73.7652546695474
989,88,Balewadi Stadium,741,Urban,11.53,18.574699,73.763496
990,89,Digambar Marble Kaveri Hotel,702,Suburban,12.15,18.5813243191714,73.7609723408837
991,90,Wakad Bridge,742,Suburban,13.14,18.591499,73.757103
992,1092,Gangaramwadi,743,Suburban,18.85,18.5872761992806,73.6924380641471
993,1093,Manara Company,698,Suburban,19.13,18.591509,73.69149
994,1094,Icz Company,697,Suburban,19.33,18.593,73.690102
995,1095,K P It Circule,695,Suburban,19.55,18.591999,73.687302
996,1096,Falcon Company Phase 3,694,Suburban,19.7,18.5909,73.685303
997,1097,Yash Technology,744,Suburban,19.96,18.5905,73.682404
998,1098,Exabier Company,692,Suburban,20.22,18.5899967177183,73.6794716119766
999,1365,Shubham Society Nagar Road,745,Urban,7.63,18.5546581514721,73.919438123703
1000,1366,Karan Park,746,Urban,7.77,18.5550192271569,73.9207684993744
1001,1367,Somnath Nagar,747,Urban,7.93,18.556801,73.921402
1002,1368,Someshwar Mandir,748,Urban,8.1,18.559799,73.921303
1003,1383,Viman Nagar Corner,749,Urban,8.02,18.5611217991527,73.9194971323013
1004,2892,Ramwadi Metro Station,750,Urban,6.75,18.5566237160529,73.908084332943
1005,1371,Ramwadi Jakat Naka,751,Urban,6.39,18.5547343555914,73.9053297430515
1006,1323,Ruby Hall,752,Central,2.67,18.533199,73.878098
1007,1372,Shastri Nagar Nagar Road,753,Urban,5.41,18.551751718517,73.8958963751793
1008,1324,Guruprasad Bungalow,754,Central,3.03,18.535999,73.880302
1009,1373,Wadia Bungalow,755,Central,4.88,18.5483570035448,73.8923773169518
1010,1325,Bundgarden,756,Central,3.61,18.5406671519994,73.8834536075592
1011,1378,Gunjan Corner,757,Central,4.44,18.5458318224621,73.8892086152332
1012,1375,Yerawada,758,Central,4.11,18.5452317716002,73.8856020569801
1013,1318,Yerawada,758,Central,4.09,18.5450232512468,73.8855484127998
1014,1436,Gunjan Corner,759,Central,4.35,18.5457504489818,73.8881146286868
1015,1379,Wadia Bungalow,760,Central,4.88,18.5485400909487,73.8922673463822
1016,106815,Bundgarden,761,Central,3.82,18.5412443319978,73.8854430247292
1017,1380,Shastri Nagar Nagar Road,753,Urban,5.4,18.5518610603569,73.8956978917122
1018,106816,Wadia College,762,Central,3.08,18.5348765690014,73.8815699375542
1019,1381,Ramwadi Jakat Naka,751,Urban,6.39,18.5549530352251,73.9051258988334
1020,1376,Jahangir Hospital,763,Central,2.38,18.5313238441104,73.8761097678659
1021,1370,Ramwadi Metro Station,764,Urban,6.84,18.5572110925839,73.9086797833443
1022,1322,Alankar Talkies,765,Central,2.26,18.528601,73.876297
1023,1432,Vadgaon Sheri Phata,766,Urban,7.27,18.5590062906799,73.9123476712998
1024,1369,Viman Nagar Corner,767,Urban,7.84,18.5608266876027,73.9176128026465
1025,1384,Someshwar Mandir,748,Urban,8.11,18.559799,73.921402
1026,1385,Karan Park,746,Urban,7.79,18.5551133100549,73.9208462834358
1027,1386,Shubham Society Nagar Road,745,Urban,7.63,18.5546937504397,73.9194005727768
1028,102,Ma Na Pa Shramik Bhavan,420,Central,0.48,18.5246702742467,73.8562472758476
1029,1387,Columbia Hospital,768,Urban,8.59,18.5415928005194,73.9350324869156
1030,1388,Raghoba Patil Nagar,769,Urban,8.34,18.5399,73.933098
1031,1409,Sainath Nagar,770,Urban,8.23,18.5409732299764,73.9316573258958
1032,1390,Vishnu Udyog,771,Urban,8.26,18.5436,73.931099
1033,1391,Jog Enggineering,772,Urban,8.28,18.5466202054334,73.9302313327789
1034,1392,Aler Ware Housing,773,Urban,8.3,18.548599,73.929604
1035,1393,Raghuveer Nagar,774,Urban,8.36,18.551399,73.928902
1036,1394,Karhar Company,775,Urban,8.43,18.5534,73.928703
1037,1395,Ganesh Nagar Anand Park,776,Urban,8.49,18.555099,73.928398
1038,1396,Sundrabai School,777,Urban,8.59,18.5576,73.928101
1039,1397,Sunita Nagar,778,Urban,8.69,18.5597,73.928001
1040,1429,Tata Guardroom,779,Urban,8.84,18.5624745063361,73.9278790354729
1041,1399,5 Wa Mile,780,Urban,8.42,18.5621388731264,73.9233648777008
1042,1321,Jehangir Hospital,781,Central,2.4,18.5313696998806,73.8763082027435
1043,1412,Anand Park Vadgaon Sheri Road,782,Urban,8.07,18.552799,73.925201
1044,1413,Rahul Video,783,Urban,8.22,18.5550166843731,73.9255723357201
1045,1414,Shram Safalya,784,Urban,8.41,18.557501,73.926201
1046,1400,5 Wa Mile,780,Urban,8.42,18.5623473726516,73.9232441782951
1047,1401,Tata Guardroom,779,Urban,8.85,18.5624668783953,73.9279729127884
1048,1402,Sunita Nagar,778,Urban,8.71,18.559799,73.928101
1049,1403,Sundrabai School,785,Urban,8.58,18.5573128028331,73.9282089471817
1050,1404,Ganesh Nagar Anand Park,776,Urban,8.51,18.5553,73.928497
1051,1405,Raghuveer Nagar,786,Urban,8.37,18.5516,73.928902
1052,1406,Aler Ware Housing,773,Urban,8.31,18.5488,73.929604
1053,1407,Jog Enggineering,772,Urban,8.29,18.5468338097262,73.9302232861519
1054,1408,Vishnu Udyog,771,Urban,8.27,18.543699,73.931198
1055,1410,Gagan Honda Showroom,787,Urban,8.5,18.5403,73.934502
1056,2173,Columbia Hospital,788,Urban,8.57,18.5414758233039,73.9348500967026
1057,1278,Golegaon Gram Panchayat,789,Suburban,17.46,18.6346,73.970398
1058,1279,Golegaon,790,Suburban,17.55,18.6369,73.969101
1059,1280,Parandevasti,791,Suburban,17.63,18.6397,73.966904
1060,1281,Surkhadi Vasti,792,Suburban,17.59,18.641399,73.964203
1061,1282,Golegaon Chowk,793,Suburban,17.59,18.6443,73.960503
1062,1283,Kamal Park Wadgaon Shinde,794,Suburban,17.32,18.6422,73.959198
1063,1284,Wadgaon Shinde Smashan Bhumi,795,Suburban,17.06,18.638901,73.959503
1064,1285,Vadgaon Shinde,796,Suburban,16.75,18.635799,73.9589
1065,1286,Zilla Parishad School Vadgaon Shinde,797,Suburban,16.52,18.6339,73.957901
1066,1287,Shinde Vasti Vadgaonshinde Road,798,Suburban,16.13,18.631201,73.955399
1067,1288,Kakade City Vadgaon Shinde Road,799,Suburban,15.9,18.6297,73.953903
1068,1289,Baji Khind Chowk,800,Suburban,15.58,18.6269,73.952797
1069,1290,Kakade Vasti No 2,801,Suburban,15.15,18.623501,73.950699
1070,1291,Gulabhari Hari Vasti,802,Suburban,14.68,18.6202393261191,73.9478427171707
1071,1292,Kamal Lawns,803,Suburban,14.4,18.618299,73.946198
1072,1293,Bharati Vidyapith Primary School,804,Suburban,13.74,18.6133,73.942703
1073,1294,Marathwada College Vadgaon Shinde Road,805,Suburban,13.61,18.6127,73.941498
1074,1295,Haran Tale,806,Suburban,13.3,18.611601,73.938301
1075,1296,Lake View Society,807,Suburban,13.03,18.609699,73.936798
1076,1297,M P Bharucha Farm,808,Suburban,12.7,18.6075,73.934601
1077,1298,Durga Hotel,809,Suburban,12.34,18.605,73.932503
1078,1299,Pathare Vasti Vadgaon Shinde Road,810,Suburban,12.04,18.6030303978532,73.9304968714714
1079,1300,Kirti Grapes Moze Chal,811,Urban,11.84,18.6028,73.927803
1080,1301,Gajanan Mangal Karyalay,812,Urban,11.62,18.6014,73.9263
1081,1302,Sathe Vasti Vadgaon Shinde Road,813,Urban,11.25,18.598101,73.925102
1082,1303,Lohegaon,814,Urban,11.03,18.5958,73.924698
1083,1339,Panyachi Taki Lohgaon,815,Urban,10.68,18.5934718754637,73.9224422499253
1084,1305,Kendriya Vidyalay Lohgaon,816,Urban,10.35,18.5926,73.918701
1085,1306,Officers Mess,817,Urban,9.73,18.5891,73.913902
1086,1307,Khese Park,818,Urban,9.49,18.587299,73.912598
1087,1308,Kalwad,819,Urban,8.88,18.5854,73.905701
1088,1309,Burma Shell,820,Urban,8.06,18.577999,73.903099
1089,1310,509 Visharantwadi Road,821,Urban,7.57,18.5751195996069,73.8994449666337
1090,1311,Sanjay Park,822,Urban,7.34,18.5723,73.899696
1091,1312,Guardroom,823,Urban,6.84,18.5684395124614,73.89728307724
1092,1313,Nagpur Chal,824,Urban,6.14,18.563299,73.893303
1093,1314,Yerwada Post Office,825,Urban,5.72,18.5597,73.891701
1094,1315,Vikrikar Karyalay,826,Urban,5.25,18.555099,73.890404
1095,1316,Netaji High School,827,Central,4.96,18.5523136041877,73.8896227373413
1096,1317,Neeta Park,828,Central,4.52,18.5471687607733,73.8889333737256
1097,1326,Neeta Park,828,Central,4.49,18.547001,73.888802
1098,1327,Netaji High School,829,Central,4.94,18.5522042627153,73.8894341547624
1099,1328,Vikrikar Karyalay,826,Urban,5.21,18.554899,73.890099
1100,1329,Yerwada Post Office,825,Urban,5.74,18.559999,73.891602
1101,1330,Nagpur Chal,830,Urban,6.2,18.563999,73.893402
1102,1331,Guardroom,823,Urban,6.84,18.568421714296,73.8972052931786
1103,1332,Sanjay Park,831,Urban,7.32,18.572201,73.899498
1104,2178,509 Visharantwadi Road / 509,832,Urban,7.56,18.574982808036,73.8994167758263
1105,1334,Burma Shell,820,Urban,8.07,18.577999,73.903297
1106,1335,Kalwad,833,Urban,8.87,18.5854,73.905403
1107,1336,Khese Park,834,Urban,9.54,18.5877,73.912804
1108,1337,Officers Mess,817,Urban,9.73,18.5891,73.913803
1109,1338,Kendriya Vidyalay Lohgaon,816,Urban,10.4,18.5928,73.919098
1110,1340,Lohegaon,835,Urban,11.01,18.595699,73.9245
1111,1341,Sathe Vasti Vadgaon Shinde Road,813,Urban,11.24,18.598,73.925003
1112,1342,Gajanan Mangal Karyalay,812,Urban,11.62,18.6014543085697,73.9262589812279
1113,1343,Kirti Grapes Moze Chal,811,Urban,11.84,18.6029,73.927696
1114,1344,Pathare Vasti Vadgaon Shinde Road,836,Suburban,12.05,18.6031219122666,73.9305263757706
1115,1345,Durga Hotel,837,Suburban,12.34,18.605,73.932404
1116,1346,M P Bharucha Farm,808,Suburban,12.7,18.607599,73.934502
1117,1347,Lake View Society,807,Suburban,13.02,18.609699,73.9366
1118,1348,Haran Tale,806,Suburban,13.29,18.6117,73.938103
1119,1349,Marathwada College Vadgaon Shinde Road,838,Suburban,13.54,18.6124,73.940903
1120,1350,Bharati Vidyapith Primary School,839,Suburban,13.79,18.6138,73.942802
1121,1351,Kamal Lawns,803,Suburban,14.39,18.618299,73.945999
1122,1352,Gulabhari Hari Vasti,840,Suburban,14.72,18.6206,73.947998
1123,1353,Kakade Vasti No 2,801,Suburban,15.21,18.6239950505992,73.9509249566482
1124,1354,Baji Khind Chowk,800,Suburban,15.59,18.627001,73.952797
1125,1355,Kakade City Vadgaon Shinde Road,841,Suburban,15.87,18.629499,73.953796
1126,1356,Shinde Vasti Vadgaonshinde Road,798,Suburban,16.12,18.631201,73.955299
1127,1357,Zilla Parishad School Vadgaon Shinde,842,Suburban,16.45,18.6334,73.957397
1128,1358,Vadgaon Shinde,796,Suburban,16.75,18.635799,73.958801
1129,1359,Wadgaon Shinde Smashan Bhumi,843,Suburban,17.04,18.6388,73.959396
1130,1360,Kamal Park Wadgaon Shinde,794,Suburban,17.31,18.642099,73.959099
1131,1361,Golegaon Chowk,793,Suburban,17.6,18.6443,73.960602
1132,1362,Surkhadi Vasti,844,Suburban,17.61,18.6415,73.964302
1133,1363,Parandevasti,791,Suburban,17.63,18.639601,73.967003
1134,1364,Golegaon,790,Suburban,17.57,18.636999,73.9692
1135,1415,Shram Safalya,845,Urban,8.41,18.5574,73.9263
1136,1416,Rahul Video,783,Urban,8.22,18.5549861708088,73.9256232976914
1137,1585,Vadegaon,846,Suburban,22.74,18.563299,74.067596
1138,1586,Pathare Bungalow,847,Suburban,21.91,18.5544445568127,74.0614020824433
1139,1587,Pathare Vasti Kesnand Vadegaon Road,848,Suburban,21.43,18.5583756687239,74.0559706091881
1140,1588,Khutale Vasti,849,Suburban,20.88,18.560101,74.050301
1141,1589,Gurudatta Sheti Farm,850,Suburban,20.54,18.562599,74.046402
1142,1590,Hargude Vasti,851,Suburban,20.05,18.5665,74.040604
1143,1591,Bangar Vasti,852,Suburban,19.33,18.568701,74.032799
1144,1592,Lal Baba Vasti,853,Suburban,18.99,18.569,74.029404
1145,1593,Babaji Vasti,854,Suburban,18.87,18.569201,74.028099
1146,1594,Shankar Mandir Kesnand,855,Suburban,18.39,18.5717308323616,74.02257301132
1147,1519,Kesanandgaon,856,Suburban,18.3,18.573299,74.021103
1148,1520,Hipick Company,857,Suburban,17.55,18.5748,74.013
1149,1521,Jogeshwari Vidyalay Kesnand,858,Suburban,17.14,18.575899,74.0084
1150,1522,Thube Vasti,859,Suburban,16.86,18.576599,74.005203
1151,1523,Bhartiya Sanskruti Darshan Trust,860,Suburban,16.52,18.577299,74.001503
1152,1524,Tikone Godown,861,Suburban,15.58,18.579901,73.990501
1153,1566,Kesnand Phata Wagholi,862,Suburban,15.34,18.581139836285,73.9873475129912
1154,4568,Wagholi Kesnand Phata,863,Suburban,15.29,18.5815892196178,73.9865697880876
1155,1527,Tikone Godown,861,Suburban,15.61,18.5798,73.990898
1156,1528,Bhartiya Sanskruti Darshan Trust,860,Suburban,16.54,18.5774,74.001602
1157,1529,Thube Vasti,859,Suburban,16.86,18.5767,74.005203
1158,1530,Jogeshwari Vidyalay Kesnand,858,Suburban,17.15,18.576,74.0084
1159,1531,Hipick Company,857,Suburban,17.54,18.575001,74.012802
1160,1532,Kesanandgaon,856,Suburban,18.31,18.5734,74.021103
1161,1595,Shankar Mandir Kesnand,855,Suburban,18.39,18.5717377939641,74.022528782484
1162,1596,Babaji Vasti,854,Suburban,18.9,18.569201,74.028397
1163,1597,Lal Baba Vasti,864,Suburban,19.01,18.569099,74.029602
1164,1598,Bangar Vasti,865,Suburban,19.41,18.568501,74.033699
1165,1599,Hargude Vasti,866,Suburban,20.05,18.566601,74.040497
1166,1600,Gurudatta Sheti Farm,867,Suburban,20.55,18.5625,74.046501
1167,1601,Khutale Vasti,849,Suburban,20.89,18.5602,74.0504
1168,1602,Pathare Vasti Kesnand Vadegaon Road,848,Suburban,21.42,18.558399,74.055901
1169,1603,Pathare Bungalow,847,Suburban,21.89,18.5544242147053,74.0611928701401
1170,1604,Vadegaon,868,Suburban,22.73,18.563299,74.067497
1171,5732,Simla Office Police Chowky,869,Central,1.23,18.5293986788712,73.8498818719319
1172,1803,Katraj Kondhwa Road,870,Urban,8.11,18.4475,73.858398
1173,1804,Rajas Society Corner,871,Urban,8.03,18.4485959713514,73.864490433371
1174,1800,Mauli Garden,872,Urban,8.09,18.4485,73.868401
1175,1805,Sundarban,873,Urban,8.04,18.4492,73.870201
1176,1806,Paramount Garden,874,Urban,8.03,18.449699,73.8722
1177,1797,Gokul Nagar Katraj Kondhwa Road,875,Urban,8.08,18.4499750910439,73.8756215572357
1178,1808,Shatrunjay Mandir,876,Urban,8.09,18.4506874264774,73.8785720262463
1179,1809,Gajanan Maharaj Nagar,877,Urban,7.88,18.452801,73.879204
1180,106476,Salve Garden,878,Urban,7.29,18.4580529949018,73.8779953996068
1181,106477,Ladies Hostel,879,Urban,6.96,18.4610245439716,73.8776927468384
1182,1810,Kakade Vasti,880,Urban,6.57,18.4646858598988,73.8774535059929
1183,1811,Oswal Bandhu Estate,881,Urban,6.16,18.4681941742451,73.8761821389198
1184,1812,Aaimata Mandir,882,Urban,5.82,18.4710613220345,73.8752192258835
1185,1813,Gangadham,883,Central,4.79,18.4800109921932,73.872429728508
1186,1814,Gangadham Corner,884,Central,4.7,18.4808351341535,73.8722688315906
1187,1815,Vakhar Mahamandal Marketyard,885,Central,3.66,18.49,73.869904
1188,1787,P &Amp; T Colony,886,Central,3.32,18.4930250061528,73.869152105894
1189,1777,Pune Station Jayprakash Stand,887,Central,2.03,18.5271250740357,73.8746386943482
1190,1786,Dayas Plot,888,Central,3.03,18.495899,73.869202
1191,1818,Apsara Talkies,889,Central,2.64,18.499901,73.869301
1192,1819,Sonavane Hospital,890,Central,2.06,18.5056,73.868401
1193,1820,Ramoshigate,891,Central,1.61,18.511101,73.868401
1194,1778,State Bank,892,Central,1.5,18.5231221113435,73.8706701993942
1195,1821,Ad Camp Chowk,893,Central,1.54,18.512501,73.868698
1196,1779,Employment Office,894,Central,1.36,18.52,73.869598
1197,1822,Nana Peth,895,Central,1.4,18.5146992013179,73.8685827735156
1198,1780,Power House Rastapeth,896,Central,1.26,18.5186,73.8685
1199,1823,Power House Rastapeth,896,Central,1.24,18.5187,73.868301
1200,1781,Nana Peth,895,Central,1.41,18.5149,73.868698
1201,1824,Employment Office,894,Central,1.41,18.5201,73.870102
1202,1782,Ad Camp Chowk,893,Central,1.55,18.512501,73.868797
1203,1825,State Bank,892,Central,1.49,18.523001,73.870598
1204,1783,Ramoshigate,897,Central,1.7,18.5098,73.868301
1205,1784,Sonavane Hospital,898,Central,2.06,18.505699,73.868599
1206,1826,Sadhu Vasvani Chowk,899,Central,2.08,18.5248921306859,73.8758888497971
1207,1785,Apsara Talkies,889,Central,2.63,18.500099,73.869499
1208,1827,Pune Station Depot,900,Central,2.21,18.5273768505566,73.876335075977
1209,1817,Dayas Plot,888,Central,3.05,18.4958,73.8694
1210,1828,Pune Station Jayprakash Stand,901,Central,1.97,18.5271403332293,73.8739739382285
1211,1816,P & T Colony,902,Central,3.33,18.493,73.8694
1212,1788,Vakhar Mahamandal Marketyard,885,Central,3.66,18.49,73.870102
1213,1789,Gangadham Corner,884,Central,4.71,18.4807282908749,73.8723171072274
1214,6307,Nigdi Bhakti Shakti Stand,903,Suburban,18.43,18.6653688701971,73.7718516664962
1215,1645,Krushna Mandir Nigdi,904,Suburban,18.03,18.6625,73.7743
1216,1790,Aaimata Mandir,882,Urban,5.8,18.4713,73.875198
1217,1791,Oswal Bandhu Estate,881,Urban,6.17,18.4680847790148,73.8762706518173
1218,1792,Kakade Vasti,880,Urban,6.57,18.4647494629677,73.8774991035462
1219,1795,Gajanan Maharaj Nagar,877,Urban,7.87,18.4529,73.879097
1220,1796,Shatrunjay Mandir,905,Urban,8.15,18.4500945956766,73.8787107299152
1221,1652,Empire Estate,617,Suburban,14.06,18.634438,73.799019
1222,1807,Gokul Nagar Katraj Kondhwa Road,875,Urban,8.09,18.4498733171616,73.8756376504898
1223,1798,Paramount Garden,874,Urban,8.04,18.4495908946154,73.872247338295
1224,1799,Sundarban,873,Urban,8.07,18.4488403096315,73.8697019219399
1225,106819,Mauli Garden,872,Urban,8.12,18.4482066830967,73.867992109463
1226,1801,Rajas Society Corner,906,Urban,8.08,18.448015775687,73.8636466063172
1227,1802,Katraj Kondhwa Road,907,Urban,8.11,18.4475,73.859703
1228,1658,Nashik Phata,620,Urban,10.45,18.6082288470332,73.8213980197907
1229,1661,Phugewadi Jakat Naka,548,Urban,8.15,18.589865,73.831932
1230,1662,Phugewadi,549,Urban,7.73,18.586262,73.833305
1231,1667,Factory Hospital,908,Central,4.51,18.559259,73.844559
1232,1671,Mariaai Gate Navin St Stand,476,Central,2.56,18.542957,73.851791
1233,1637,Engineering College,909,Central,1.04,18.5296,73.858704
1234,1642,Rto Pune,910,Central,1.21,18.5297726031475,73.8625913858414
1235,460,Collector Kacheri,911,Central,1.78,18.5245463595529,73.8729754015701
1236,1677,Gpo,3,Central,2.13,18.524307,73.876434
1237,462,Westend,912,Central,2.27,18.5187038464161,73.8781282391844
1238,463,Bombay Garage,913,Central,2.58,18.512899,73.879898
1239,1680,Juna Pulgate,914,Central,2.76,18.5077,73.879204
1240,1683,Fatima Nagar,915,Central,4.74,18.506701,73.8993
1241,1689,Glyding Center,916,Urban,9.63,18.49595768937,73.9442698043798
1242,1690,Satavwadi,917,Urban,9.84,18.4947446220863,73.9459678530693
1243,1699,Satavwadi,917,Urban,9.8,18.4948234762354,73.9456781744957
1244,1700,Glyding Center,916,Urban,9.62,18.49588,73.94416
1245,3030,Hadapsargaon,918,Urban,8.08,18.5017164589074,73.9307054650894
1246,1704,Magarpatta Dawakhana,919,Urban,7.69,18.503594366038,73.927398938675
1247,1705,Vaiduwadi,920,Urban,7.16,18.503839,73.922279
1248,456,Kalubai Mandir Ramtekdi,311,Urban,5.57,18.506483,73.907494
1249,464,Juna Pulgate,914,Central,2.75,18.5082332276057,73.879451751709
1250,1711,Mg Road Pune Camp,921,Central,2.39,18.5156,73.878799
1251,1713,Gpo,922,Central,2.28,18.5186410801209,73.8782665606757
1252,1638,Rto Pune,923,Central,1.19,18.529645445272,73.8624384999275
1253,1643,Engineering College,924,Central,1.02,18.5294102382009,73.8585620248573
1254,461,Gpo,925,Central,2.11,18.5234424821491,73.8764146865427
1255,1721,Poultry Farm Mumbai Road,483,Central,3.11,18.547937,73.851601
1256,1639,Westend,912,Central,2.28,18.5187671687209,73.8782580729744
1257,1640,Bombay Garage,913,Central,2.59,18.5130705696819,73.879972755296
1258,1641,Juna Pulgate,914,Central,2.78,18.5078412647626,73.8794578471507
1259,1724,Factory Hospital,926,Central,4.51,18.559219,73.844337
1260,1728,Dapodi,560,Urban,7.14,18.580956,73.834312
1261,1729,Phugewadi,927,Urban,7.55,18.584597,73.833374
1262,1731,Atlas Capco,928,Urban,8.9,18.595701,73.828117
1263,1733,Nashik Phata,620,Urban,10.5,18.608486,73.820732
1264,1734,Vallabh Nagar Brt,929,Urban,11.53,18.6159969118649,73.8142571899265
1265,1749,Hadapsar Gadital Solapur Road,930,Urban,8.98,18.5009,73.939301
1266,1750,Agrawal Colony,931,Urban,9.55,18.5000455699747,73.944650888443
1267,3757,Akashwani,932,Urban,9.89,18.4996297010098,73.947883604422
1268,1752,15 Number,933,Urban,10.25,18.499201,73.951302
1269,1753,Vitthal Nagar,934,Urban,10.5,18.4988322675674,73.953660428524
1270,1739,Empire Estate,617,Suburban,13.98,18.6336620186231,73.799183276399
1271,1754,Laxmi Colony,935,Urban,10.88,18.4984,73.957199
1272,3758,Shewalewadi Market,936,Urban,11.32,18.4977868619406,73.9613557282644
1273,1756,Stud Farm,937,Suburban,12.02,18.4967973599515,73.9679512381554
1274,1757,Shewalewadi,938,Suburban,12.26,18.4965,73.9702
1275,1758,Shewalewadi Depot,939,Suburban,12.4,18.4954746568572,73.9713656902313
1276,1760,Shewalewadi,938,Suburban,12.25,18.4963725697486,73.9700540900231
1277,1761,Stud Farm,937,Suburban,12.03,18.4966727209094,73.9680236577988
1278,1762,Shewalewadi Market,936,Urban,11.27,18.4976520282732,73.9608863916528
1279,1763,Laxmi Colony,935,Urban,10.85,18.4982472341373,73.9569595456123
1280,1764,Vitthal Nagar,934,Urban,10.51,18.498720348346,73.9536979794502
1281,3755,15 Number,933,Urban,10.21,18.4991,73.950897
1282,1751,Akashwani,940,Urban,9.89,18.4994929369908,73.9478474406216
1283,1767,Agrawal Colony,931,Urban,9.57,18.499901,73.944801
1284,1834,Kumar Pruthvi Kondhwa,941,Urban,6.38,18.4671,73.879204
1285,1835,Kumar Pruthvi Kondhwa,941,Urban,6.39,18.4670366165279,73.8792479038239
1286,1831,Kumar Park,942,Central,4.49,18.4809,73.8657
1287,1830,Zhala Complex,943,Central,4.56,18.480801,73.867798
1288,1833,Zhala Complex,943,Central,4.58,18.4806,73.867798
1289,1832,Kumar Park,942,Central,4.51,18.480801,73.865799
1290,1382,Vadgaon Sheri Phata,766,Urban,7.26,18.5588098096008,73.912364455487
1291,1574,Chandan Nagar,944,Urban,9.36,18.5633968909218,73.9330141022787
1292,1575,Kharadi Bypass,945,Urban,9.72,18.5623143178781,73.9375591278076
1293,1576,Janakbaba Darga,946,Urban,10.39,18.564729762772,73.9435071050906
1294,1577,Aaple Ghar,947,Urban,10.92,18.5674987537704,73.9476469159126
1295,1578,Khandve Nagar,948,Urban,11.86,18.5719953102253,73.9551530870451
1296,3008,Sai Satyam Society,949,Suburban,12.32,18.5741932826188,73.95887196064
1297,1422,Talera Godown,950,Suburban,12.91,18.5760957599695,73.9641302565327
1298,1581,Soyrik Mangal Karyalay,951,Suburban,13.37,18.5769849225454,73.9686432480812
1299,1582,Panmala Wagholi,952,Suburban,14.01,18.5793468481962,73.9741498231888
1300,1583,Satav High School,953,Suburban,14.54,18.5807655133951,73.9790233969689
1301,2738,Wagholi,954,Suburban,14.84,18.580448,73.982407
1302,1533,Dhore Vasti,955,Suburban,18.86,18.5731178025518,74.02677744627
1303,1534,Bapu Harpude Vasti,956,Suburban,19.47,18.5737,74.0326
1304,1535,Banger Vasti Pasalkar Lawns,957,Suburban,21.77,18.5779,74.0541
1305,1536,Poultry Farm Shivneri,958,Suburban,22.36,18.580799,74.058998
1306,1537,Bolhai Mata Mangal Karyalay,959,Suburban,23.27,18.5828,74.067398
1307,1538,Wadegaon Phata,960,Suburban,23.98,18.586599,74.073196
1308,1539,Gote Vasti,961,Suburban,24.28,18.587999,74.075699
1309,1540,Wadebolai Mandir,962,Suburban,24.49,18.5869205526409,74.0782061219216
1310,1541,Prathamik Arogya Kendra Wadebolai,963,Suburban,24.65,18.5867959794158,74.0798395872116
1311,1542,Wadebolai,964,Outer,25.04,18.587999,74.083298
1312,1543,Nagawade Vasti,965,Outer,25.39,18.5887281241075,74.0864968299866
1313,1544,Pipe Company,966,Outer,25.83,18.59,74.0905
1314,1545,Kalakwadi,967,Outer,27.78,18.5838214507571,74.1115486621857
1315,1546,Ashtapur Phata,968,Outer,28.85,18.5805,74.122902
1316,1504,Pawar Nursury,969,Outer,29.3,18.5805,74.127296
1317,1547,Ramkrushan Hari Mangal Karyalay,970,Outer,30.15,18.580299,74.135597
1318,1636,Tavre Vasti Rahu Road,971,Outer,30.74,18.5812,74.141197
1319,1549,Shivshahi Hotel,972,Outer,30.97,18.581699,74.143303
1320,1550,Shitole Vasti Rahu Road,973,Outer,31.67,18.5821,74.150002
1321,1551,Nhavi Phata,974,Outer,32.02,18.582001,74.153397
1322,1552,Dhamdhere Vasti,975,Outer,32.61,18.582001,74.159103
1323,1553,Shindewadi Rahu Road,976,Outer,33.09,18.581699,74.163902
1324,1554,Memanwadi Phata 1,977,Outer,33.53,18.5802214387649,74.1684088110924
1325,1555,Memanwadi Phata 2,978,Outer,34.08,18.581699,74.1735
1326,1556,Sangvi Sandas Phata,979,Outer,34.72,18.601601,74.174698
1327,1557,Bhadale Farm,980,Outer,35.3,18.600201,74.180801
1328,1492,Vitthalwadi Nagar Road,981,Outer,36.01,18.598499,74.188202
1329,1491,Dahitane Fata Rahu Road,982,Outer,36.73,18.5958649260578,74.1958995797109
1330,1490,Janta Vajan Kata,983,Outer,37.1,18.5958,74.199501
1331,1451,Ranjangaon Sandas,984,Outer,51.86,18.572901,74.345497
1332,1489,Devkarwadi,985,Outer,37.44,18.595699,74.202904
1333,1452,Shanimandir Ranjangaon Sandas,986,Outer,51.55,18.5714,74.342697
1334,1488,Pathethan Phata,987,Outer,38.07,18.594,74.209396
1335,1453,Thoratvasti Sangamphata,988,Outer,50.63,18.570299,74.334099
1336,1487,Hargude Farm,989,Outer,38.65,18.5931,74.215202
1337,1454,Chormulevasti,990,Outer,49.7,18.573099,74.324898
1338,1486,Karkhana Phata,991,Outer,39.79,18.5888,74.227203
1339,1455,Parichi Wadi,992,Outer,49.2,18.575399,74.319801
1340,1485,Ganesh Nursary Rahu Road,993,Outer,39.78,18.5849,74.227898
1341,1456,Zilla Parishad Shala Pirachi Wadi,994,Outer,49.02,18.5774,74.317802
1342,1558,Dubewadi,995,Outer,40.02,18.5800739791838,74.2310732603073
1343,1457,Tapkir Vasti Pirachi Wadi Road,996,Outer,48.69,18.578899,74.3144
1344,1559,Kadam Patil English School,997,Outer,40.25,18.5796341416264,74.2333263158798
1345,1458,Tulja Bhavani Mandir Mhasobawadi,998,Outer,47.84,18.579201,74.306297
1346,1560,Pilanwadi Phata,999,Outer,40.63,18.5784,74.237198
1347,1459,Zilla Parishad Shala Valki Gaon,1000,Outer,47.62,18.575399,74.304703
1348,1481,Sonavne Dairy Farm,1001,Outer,41.31,18.577101,74.244003
1349,1460,Valki Vasti Valki Road,1002,Outer,47.43,18.577101,74.302597
1350,1561,Devika Lawns,1003,Outer,41.89,18.5776,74.249496
1351,1461,Krushnai Farm Valki Road,1004,Outer,47.34,18.581699,74.301102
1352,1479,Sonavne Mala Rahu Road,1005,Outer,42.29,18.577,74.253403
1353,1462,Zilla Parishad Shala Jondhlenagar,1006,Outer,47.07,18.584,74.298103
1354,1562,Navale Mala Phata,1007,Outer,42.59,18.5757569117497,74.2565086483956
1355,1463,Thorat Mala Phata,1008,Outer,46.87,18.5856,74.295998
1356,1477,Samta Nagar Rahu Road,1009,Outer,43.08,18.575199,74.2612
1357,1464,Valkigaon Kaman,1010,Outer,46.76,18.586599,74.294701
1358,1476,Kailas Vidhyalay,1011,Outer,43.48,18.573999,74.265297
1359,1465,Kudale Vasti Valki Road,1012,Outer,46.62,18.587299,74.293297
1360,1563,Bhandwadi,1013,Outer,43.47,18.576099,74.264801
1361,1466,Shinde Vasti Valki Road,1014,Outer,46.32,18.588499,74.290199
1362,1564,Kalubai Mandir Bhandwadi,1015,Outer,43.77,18.5767,74.267601
1363,1467,Dattanagar Dattamandir,1016,Outer,45.71,18.589701,74.284103
1364,1473,Thorli Vihir Gaon,1017,Outer,43.88,18.5833,74.267601
1365,1468,Koregaon Phata,1018,Outer,45.34,18.590401,74.280403
1366,1472,Zilla Parishad Shala Thorli Vihir,1019,Outer,43.88,18.5849,74.267403
1367,1469,Shinde Poltri Farm,1020,Outer,44.85,18.590099,74.275803
1368,1471,Gandhi Nagar Valki Road,1021,Outer,43.91,18.589199,74.266899
1369,1470,Telewadi Phata,1022,Outer,43.88,18.590401,74.266403
1370,1474,Kalubai Mandir Bhandwadi,1023,Outer,43.84,18.5765,74.268303
1371,1475,Bhandwadi,1013,Outer,43.48,18.5762,74.2649
1372,1478,Navale Mala Phata,1024,Outer,42.58,18.5758713230743,74.2563718557358
1373,1480,Devika Lawns,1025,Outer,41.91,18.577499,74.249702
1374,1565,Zilla Parishad Shala Valki Gaon,1026,Outer,47.61,18.575701,74.304497
1375,1482,Pilanwadi Phata,999,Outer,40.64,18.5783,74.237297
1376,1483,Kadam Patil English School,997,Outer,40.25,18.5795324447646,74.2334094643593
1377,1484,Dubewadi,995,Outer,40.02,18.5800078765019,74.2311188578606
1378,1493,Bhadale Farm,980,Outer,35.32,18.6001,74.181
1379,1494,Sangvi Sandas Phata,1027,Outer,34.7,18.6014238034719,74.1745913028717
1380,1495,Memanwadi Phata 2,978,Outer,34.09,18.5816,74.173599
1381,1496,Memanwadi Phata 1,977,Outer,33.51,18.5802,74.168297
1382,1497,Shindewadi Rahu Road,976,Outer,33.1,18.581699,74.164001
1383,1498,Dhamdhere Vasti,975,Outer,32.62,18.5819,74.159302
1384,1499,Nhavi Phata,1028,Outer,32.04,18.5819,74.153603
1385,1500,Shitole Vasti Rahu Road,973,Outer,31.66,18.582001,74.149902
1386,1501,Shivshahi Hotel,972,Outer,30.96,18.5816,74.143204
1387,1630,Tavre Vasti Rahu Road,971,Outer,30.73,18.5811,74.141098
1388,1503,Ramkrushan Hari Mangal Karyalay,1029,Outer,30.1,18.5802,74.135201
1389,1505,Ashtapur Phata,968,Outer,28.86,18.580299,74.1231
1390,1506,Kalakwadi,1030,Outer,27.74,18.584,74.111198
1391,1507,Pipe Company,966,Outer,25.83,18.589899,74.0905
1392,1508,Nagwad Vasti,1031,Outer,25.36,18.5886,74.086304
1393,1509,Wadebolai,1032,Suburban,24.65,18.5867,74.079803
1394,1510,Prathamik Arogya Kendra Wadebolai,1033,Suburban,24.5,18.5868,74.0783
1395,1511,Wadebolai Mandir,1034,Suburban,24.28,18.5879,74.075699
1396,1512,Gote Vasti,1035,Suburban,23.27,18.5826,74.067497
1397,1513,Wadegaon Phata,1036,Suburban,22.37,18.580799,74.059097
1398,1514,Bolhai Mata Mangal Karyalay,1037,Suburban,21.73,18.5777,74.053802
1399,1515,Poultry Farm Shivneri,1038,Suburban,21.09,18.5755,74.048103
1400,1516,Bangar Vasti Pasalkar Lawns,1039,Suburban,19.98,18.5744,74.037498
1401,1517,Bapu Harpude Vasti,1040,Suburban,19.24,18.573299,74.030502
1402,1518,Dhore Vasti,955,Suburban,18.87,18.5730262720977,74.0269035100937
1403,1568,Satav High School,953,Suburban,14.54,18.5806485629535,73.9791414141655
1404,1447,Panmala Wagholi,952,Suburban,14.03,18.579294747402,73.9743657502188
1405,1423,Sai Satyam Society,949,Suburban,12.34,18.5741850476956,73.9590831878871
1406,1632,Aaple Ghar,947,Urban,10.93,18.5673690812304,73.9477917551994
1407,1635,Chandan Nagar,944,Urban,9.35,18.5631679760585,73.9330751494891
1408,1398,Tata Guardroom,1041,Urban,8.94,18.562901,73.928703
1409,1634,Kharadi Bypass,945,Urban,9.74,18.5624694210681,73.9377656579018
1410,1426,Janakbaba Darga,1042,Urban,10.47,18.5655,73.943901
1411,3045,Khandve Nagar,948,Urban,11.86,18.572109,73.955124
1412,1571,Talera Godown,950,Suburban,12.92,18.5762018441698,73.9642363786698
1413,1605,Pargaon Salu Malu,1043,Outer,55.15,18.559,74.378197
1414,1570,Soyrik Mangal Karyalay,951,Suburban,13.37,18.5770942481364,73.9685681462288
1415,1606,Renuka Garden Mangal Karyalay,1044,Outer,54.8,18.559401,74.374901
1416,1607,Pdc Bank Salu Malu,1045,Outer,54.59,18.559999,74.372803
1417,1608,Khan Vasti,1046,Outer,54.25,18.559401,74.369598
1418,1567,Wagholi,1047,Suburban,14.82,18.5807,73.982101
1419,1609,Galandwadi Phata,1048,Outer,53.83,18.558901,74.3657
1420,1610,Vitbhatti Pargaon Road,1049,Outer,53.4,18.558599,74.361603
1421,1611,Aashish Botre Farm,1050,Outer,52.59,18.557301,74.353996
1422,1612,Walki Sangam Bet,1051,Outer,51.31,18.556801,74.341904
1423,1613,Waghole Vasti,1052,Outer,50.97,18.5569,74.3386
1424,1614,Shelar Vasti Rahu Road,1053,Outer,50.56,18.557301,74.334702
1425,1615,Jyotiba Mandir,1054,Outer,50.24,18.5581,74.331596
1426,1616,Ekeriwadi Phata,1055,Outer,49.55,18.5595,74.324898
1427,1617,Delavdi,1056,Outer,48.72,18.559999,74.316902
1428,1618,Khutvab Phata,1057,Outer,48.58,18.559401,74.315697
1429,1619,Gurudatta Washing Center,1058,Outer,48.02,18.556801,74.3106
1430,1620,Zilla Parishad Shala Kapre Vasti,1059,Outer,47.12,18.5557,74.302101
1431,1621,Indian Oil Petrol Pump,1060,Outer,46.35,18.555401,74.2948
1432,1622,Shivaji Maharaj Chowk Pimpalgaon,1061,Outer,45.85,18.561701,74.289398
1433,1623,Panyachi Taki Shirkoli,1062,Outer,45.71,18.563499,74.287903
1434,1624,Kartik Supar Market,1063,Outer,45.43,18.5646,74.285103
1435,1625,Shirkoli Gaonthan,1064,Outer,45.03,18.564301,74.281303
1436,1626,Irrigation Office,1065,Outer,44.5,18.568399,74.275803
1437,1627,Baloba Mandir Chowk,1066,Outer,43.82,18.5711,74.268898
1438,1628,Rahu Gaon,1067,Outer,43.88,18.573,74.269203
1439,1629,Dahitane Phata Wagholi Rahu Road,1068,Outer,36.72,18.596001,74.195801
1440,1930,Gosavi Vasti,1069,Urban,5.44,18.491501,73.815102
1441,1926,Sahwas Society,1070,Central,4.87,18.494301,73.819603
1442,1931,Madhusanchay Society,1071,Central,4.5,18.491199,73.827103
1443,1932,United Western Sabhagruha,1072,Central,4.36,18.4925456110881,73.8276126954484
1444,1933,Navsahayadri,1073,Central,4.09,18.495701,73.828003
1445,1922,Alankar Police Chowky,1074,Central,4.02,18.4981,73.826698
1446,1934,Ganesh Nagar Mehendale Garage,1075,Central,3.96,18.500238883508,73.8257700204849
1447,1935,Karnatak High School,1076,Central,3.74,18.501801,73.827103
1448,1936,Date Engineering,1077,Central,3.45,18.5031360179275,73.8294741511345
1449,1937,Mehandale Garage,1078,Central,3.18,18.5047969517234,73.8314214348793
1450,1938,Mahadev Mandir Mehendale Garage,1079,Central,2.99,18.5051708504488,73.8333231210709
1451,1939,Mhatre Pul,1080,Central,2.59,18.5044281392544,73.8387894630432
1452,1940,Rajendra Nagar,1081,Central,2.23,18.5048502863806,73.8433324820691
1453,1915,Rajendra Nagar,1081,Central,2.25,18.5049,73.843002
1454,1916,Mhatre Pul,1080,Central,2.61,18.50411528406,73.8388940691948
1455,1917,Mahadev Mandir Mehendale Garage,1082,Central,2.99,18.505699,73.833
1456,1918,Mehandale Garage,1083,Central,3.17,18.5047944081924,73.831552863121
1457,1919,Date Engineering,1077,Central,3.46,18.5029706866514,73.8294634222984
1458,1920,Karnatak High School,1076,Central,3.75,18.5016734670926,73.8271138072014
1459,1921,Ganesh Nagar Mehendale Garage,1075,Central,3.96,18.50015748833,73.8258236646652
1460,1923,Navsahayadri,1084,Central,4.06,18.4953,73.828697
1461,1924,United Western Sabhagruha,1085,Central,4.38,18.4923802487125,73.8275590617872
1462,1925,Madhusanchay Society,1071,Central,4.52,18.490999,73.827103
1463,1927,Gosavi Vasti,1069,Urban,5.41,18.4916,73.8153
1464,1928,Karve Nagar Corner,1086,Urban,5.55,18.489799,73.815102
1465,1954,Kem Hospital,1087,Central,1.18,18.5201,73.867897
1466,1955,Dagadi Nagoba,1088,Central,0.55,18.5186,73.861603
1467,1956,Sonya Maruti Chowk,1089,Central,0.59,18.516001,73.859802
1468,1957,City Post,1090,Central,0.52,18.5158,73.8573
1469,1959,Common Wealth,1091,Central,0.86,18.514299,73.8517
1470,1960,Gokhale Hall,1092,Central,1.06,18.514,73.849197
1471,1961,Vijay Talkies,1093,Central,1.35,18.5137,73.846001
1472,1948,Aditya Garden City,1094,Urban,7.91,18.487301,73.790298
1473,1949,Aditya Garden City Corner,1095,Urban,7.8,18.4895,73.790298
1474,1950,Rojri School,1096,Urban,7.78,18.4917480610592,73.7893671170609
1475,1951,Sai Sayaji Nagar,1097,Urban,7.57,18.489607387888,73.7927250634129
1476,7784,Cipla Center Warje,1098,Urban,7.35,18.4868793026057,73.7966251658148
1477,7936,Krushna Plaza Popular Nagar,1099,Urban,7.17,18.4842947852776,73.8003588170037
1478,8343,Warje Highway / Navin Highway,1100,Urban,7.12,18.4807989705934,73.8036323912869
1479,1953,Krushna Plaza Popular Nagar,1099,Urban,7.22,18.4840836468053,73.7999931510625
1480,7885,Cipla Center Warje,1101,Urban,7.35,18.4860169532237,73.7971768572583
1481,7886,Runwal Project,1102,Urban,7.49,18.4878485492852,73.7945625159669
1482,8349,Rmd College,1103,Urban,7.64,18.489799,73.791801
1483,1946,Aditya Garden City Corner,1095,Urban,7.78,18.4895,73.790497
1484,1947,Aditya Garden City,1094,Urban,7.91,18.4871744622296,73.7903326749802
1485,1962,Kulkarni Petrol Pump,14,Central,1.51,18.5128713017722,73.8448005907307
1486,1963,Chitrashala,1104,Central,1.31,18.5131,73.846901
1487,3165,Sadashiv Peth Haud,1105,Central,1.0,18.513495606681,73.8506501913071
1488,3166,Vishrambaugwada,1106,Central,0.88,18.5136685579106,73.8523399829865
1489,1966,Kem Hospital,1087,Central,1.16,18.5201,73.867699
1490,1836,Ghotawade Phata,1107,Suburban,18.87,18.5129589481538,73.6779373884201
1491,1837,Vimal Garden,1108,Suburban,18.96,18.5152047641011,73.6769288778305
1492,1838,Sangam Metal Company,1109,Suburban,19.23,18.518,73.674301
1493,1839,Power House Ghotawade,1110,Suburban,19.69,18.5232950527627,73.6699283123016
1494,1840,Kanda Engineering Company,1111,Suburban,19.72,18.5252,73.669701
1495,1841,Bhare Phata,1112,Suburban,19.73,18.531,73.669899
1496,1842,Bhumkar Vasti Bhare,1113,Suburban,19.78,18.535,73.669701
1497,1843,Alpha Paper Mill,1114,Suburban,19.9,18.542601,73.669403
1498,1844,Hanuman Chowk Ghotavade,1115,Suburban,20.0,18.5453969824769,73.6688393705412
1499,1845,Dattakrupa Mangal Karyalay,1116,Suburban,19.74,18.5449393344473,73.6712157726288
1500,1846,Godambe Vasti,1117,Suburban,19.28,18.544201,73.675598
1501,1847,Farm House Mulkhed,1118,Suburban,18.88,18.5427,73.679199
1502,1848,Mulkhed,1119,Suburban,18.08,18.539801,73.686401
1503,1849,Malran Vasti Mulkhed,1120,Suburban,17.89,18.5406,73.6884
1504,1850,Aynal Vasti,1121,Suburban,17.53,18.5473,73.692902
1505,1851,Zilla Parishad School Chande,1122,Suburban,17.12,18.5547598628547,73.6983624100685
1506,1852,Vitbhatti Chande,1123,Suburban,16.72,18.553699,73.702003
1507,1853,Bhairavnath Mandir Chande,1124,Suburban,16.11,18.5564787787535,73.7087291479111
1508,1854,Nandegaon Phata,1125,Suburban,15.43,18.5577552405443,73.7157511711121
1509,1855,Dhamale Vasti Nandegaon,1126,Suburban,14.52,18.5541,73.723602
1510,1856,Shinde Vasti Susgaon,1127,Suburban,13.96,18.552999,73.728798
1511,1857,Lupin Company Phata,1128,Suburban,13.21,18.556,73.737198
1512,1858,Shitole Vasti Susgaon Road,1129,Urban,11.89,18.553699,73.749496
1513,1859,Susgaon,1130,Urban,11.43,18.5532925886689,73.7539930113522
1514,1860,Kohinoor Falcon Society,1131,Urban,10.99,18.552799,73.758202
1515,1861,Tapkir Vasti Susgaon,1132,Urban,10.7,18.5520212587039,73.7608122825623
1516,1862,Ranware Vasti,1133,Urban,10.21,18.5492851532584,73.7647417187691
1517,1863,Girme Park,1134,Urban,9.54,18.5514820986738,73.7723290420079
1518,1864,Suskhind Phata Sus Road,1135,Urban,9.12,18.5464980663735,73.7746461113366
1519,1865,Abhinav College Sus Road,1136,Urban,8.66,18.5452,73.778801
1520,1866,Pandav Nagar Pashan,1137,Urban,8.25,18.544201,73.7826
1521,1867,Sai Chowk Sus Road,1138,Urban,7.9,18.5434719757934,73.7858099422574
1522,1868,Vishwakarma,1139,Urban,7.69,18.5431880121481,73.7878554951264
1523,1869,Balaji Chowk,1140,Urban,7.32,18.542101,73.791199
1524,1870,Datta Mandir Pashan Road,1141,Urban,7.13,18.5412800133078,73.7927412986756
1525,1871,Kokate Aali,1142,Urban,6.95,18.5394846540498,73.7939241528511
1526,1872,Pashan Naka,1143,Urban,6.52,18.5380469697134,73.7976834684881
1527,1873,Ardl Gate,1144,Urban,6.06,18.5379639243035,73.8022819161415
1528,1874,Imd Colony,1145,Urban,5.8,18.5378367722896,73.8048273324967
1529,1875,Marado Company,1146,Urban,5.57,18.5386084932571,73.8074898680415
1530,1876,Panchwati,1147,Urban,5.39,18.5392,73.809601
1531,1877,Ncl Gate,1148,Urban,5.1,18.5397,73.812798
1532,1878,Ncl Colony,1149,Central,4.94,18.539801,73.814499
1533,1879,Abhiman Shree Pashan Road,1150,Central,4.7,18.5400441165431,73.8172620534897
1534,1880,Loyala High School,1151,Central,4.21,18.5415,73.823601
1535,1881,Wireless Office,1152,Central,3.93,18.541901,73.827103
1536,3246,Pune Station Depot,900,Central,2.22,18.5270792964466,73.8764947346827
1537,398,Pune Vidhyapeeth Gate Pashan Road,1153,Central,3.62,18.5410612366953,73.8301897077095
1538,353,Wireless Office,1154,Central,3.84,18.541901,73.828201
1539,354,Loyala High School,1155,Central,4.18,18.541401,73.823799
1540,355,Abhiman Shree Pashan Road,1150,Central,4.7,18.5399,73.8172
1541,356,Ncl Colony,1156,Central,4.93,18.5397211542169,73.8146576285362
1542,357,Ncl Gate,1148,Urban,5.08,18.5396,73.813004
1543,358,Panchwati,1157,Urban,5.42,18.5389,73.809097
1544,1882,Marado Company,1158,Urban,5.55,18.5385796337781,73.8076403570558
1545,360,Imd Colony,1145,Urban,5.83,18.5377350506725,73.804524242878
1546,361,Ardl Gate,1144,Urban,6.09,18.537901,73.802002
1547,362,Pashan Naka,1143,Urban,6.54,18.5379749015224,73.7975379925527
1548,1883,Kokate Aali,1142,Urban,6.95,18.539278669699,73.7938624620438
1549,1884,Datta Mandir Pashan Road,1141,Urban,7.12,18.5410943750523,73.792813718319
1550,1885,Balaji Chowk,1140,Urban,7.37,18.5422,73.790703
1551,1886,Vishwakarma,1139,Urban,7.67,18.5429685492729,73.7880018353462
1552,1887,Sai Chowk Sus Road,1138,Urban,7.9,18.543301,73.785797
1553,1888,Pandav Nagar Pashan,1137,Urban,8.24,18.544001,73.7826
1554,1889,Abhinav College Sus Road,1136,Urban,8.69,18.545099,73.778503
1555,1890,Suskhind Phata Sus Road,1159,Urban,9.16,18.5465667249495,73.7742877549397
1556,1891,Girme Park,1160,Urban,9.62,18.5519118375032,73.7717020930728
1557,1892,Ranware Vasti,1133,Urban,10.21,18.5492037813461,73.7647604942322
1558,1893,Tapkir Vasti Susgaon,1132,Urban,10.71,18.552,73.760696
1559,1894,Kohinoor Falcon Society,1131,Urban,11.01,18.5528222477183,73.7579825520516
1560,1895,Susgaon,1130,Urban,11.46,18.553301,73.7537
1561,1896,Shitole Vasti Susgaon Road,1129,Urban,11.9,18.5536512039782,73.7493860721588
1562,1897,Lupin Company Phata,1128,Suburban,13.22,18.556,73.737099
1563,1898,Shinde Vasti Susgaon,1127,Suburban,13.97,18.5529,73.728699
1564,1899,Dhamale Vasti Nandegaon,1126,Suburban,14.48,18.5539359978112,73.7239935994148
1565,1900,Nandegaon Phata,1125,Suburban,15.41,18.5576,73.715897
1566,1901,Bhairavnath Mandir Chande,1124,Suburban,16.11,18.5564,73.708702
1567,1902,Vitbhatti Chande,1123,Suburban,16.73,18.5536181474428,73.7019377946854
1568,1903,Zilla Parishad School Chande,1122,Suburban,17.12,18.554701,73.698402
1569,1904,Aynal Vasti,1161,Suburban,17.74,18.543699,73.690201
1570,1905,Malran Vasti Mulkhed,1120,Suburban,17.88,18.5406,73.688499
1571,1906,Mulkhed,1162,Suburban,18.07,18.5397,73.686501
1572,1907,Farm House Mulkhed,1118,Suburban,18.88,18.5425642177101,73.679179251194
1573,1908,Godambe Vasti,1117,Suburban,19.25,18.5441,73.675797
1574,1909,Dattakrupa Mangal Karyalay,1116,Suburban,19.73,18.5448528746714,73.6713740229607
1575,1911,Power House Ghotawade,1163,Suburban,19.69,18.5237579248094,73.6700114607811
1576,1913,Vimal Garden,1108,Suburban,18.98,18.5152556316198,73.6768028140068
1577,1914,Ghotawade Phata,1107,Suburban,18.86,18.512885189179,73.6780446767807
1578,2008,Gokhale Nagar Police Line,1164,Central,3.36,18.523701,73.824997
1579,2009,Gokhale Nagar Vasahat,1165,Central,3.17,18.525,73.827003
1580,2010,Gokhale Nagar Shala,1166,Central,3.2,18.5264740933913,73.8269904255867
1581,2011,Kusalkar Putala,1167,Central,3.23,18.5291469848019,73.8274624943733
1582,2012,Vetalbaba Chowk,1168,Central,2.9,18.5291,73.830803
1583,2013,Municipal Dawakhana Gokhalenagar Road,1169,Central,2.7,18.5293784129444,73.8329422473908
1584,2014,Deep Bungalow,1170,Central,2.52,18.5298,73.834999
1585,2015,Model Colony,1171,Central,2.16,18.5294,73.838501
1586,2016,Lakaki Bungalow,1172,Central,1.79,18.5282568732655,73.8418391346932
1587,2017,Ghole Road Press,1173,Central,1.16,18.5236,73.846199
1588,2018,Lakaki Bungalow,1172,Central,1.78,18.5283102801613,73.8420000672341
1589,2019,Model Colony,1174,Central,2.19,18.5294318194122,73.8382288813591
1590,2020,Deep Bungalow,1170,Central,2.54,18.529699,73.834702
1591,2021,Municipal Dawakhana Gokhalenagar Road,1169,Central,2.69,18.5293275496262,73.8330119848251
1592,2022,Vetalbaba Chowk,1168,Central,2.88,18.529057973787,73.8309600949288
1593,2023,Kusalkar Putala,1167,Central,3.25,18.5291,73.827301
1594,2024,Gokhale Nagar Shala,1166,Central,3.21,18.5263698217237,73.8269206881523
1595,1990,Mandai Stand,1175,Central,0.78,18.5134396518339,73.8559636473656
1596,1967,Dhangar Baba,1176,Urban,8.79,18.4717354096335,73.790997236375
1597,1968,Shinde Pul,1177,Urban,9.28,18.4694,73.787003
1598,1969,Shivane,1178,Urban,9.81,18.4663751515463,73.783104121685
1599,1970,Deshmukhwadi,1179,Urban,10.11,18.4668432654667,73.7792739272118
1600,1971,Ingale Colony,1180,Urban,10.41,18.4654719930574,73.7767633795738
1601,1972,Ahire Gate,1181,Urban,10.77,18.464199,73.773499
1602,1973,Uttam Nagar,1182,Urban,11.11,18.4604880001813,73.7723377346993
1603,1974,Bhim Nagar Nda Road,1183,Urban,11.41,18.4580328405767,73.7707793712616
1604,1975,Kondhwa Dhawde,1184,Urban,11.74,18.4559821829337,73.7685370445252
1605,1976,Kondhwagate,1185,Urban,11.96,18.4546082001155,73.7670128675124
1606,1977,Damini Lawns,1186,Suburban,12.24,18.4517,73.765999
1607,1978,Nda 10 No. Gate,1187,Suburban,12.65,18.4493121937455,73.7630050265639
1608,1979,Nda 10 No. Gate,1187,Suburban,12.64,18.4493445787184,73.7631062990202
1609,1980,Damini Lawns,1186,Suburban,12.23,18.4517,73.766098
1610,1981,Kondhwa Dhawde,1184,Urban,11.71,18.4560763204335,73.7688320875168
1611,1982,Bhim Nagar Nda Road,1183,Urban,11.4,18.4580939019649,73.770851790905
1612,1983,Uttam Nagar,1182,Urban,11.11,18.4604727349716,73.7723994255066
1613,1984,Ahire Gate,1188,Urban,10.76,18.4642660785403,73.7735769152641
1614,1985,Ingale Colony,1189,Urban,10.4,18.4655,73.776901
1615,1986,Deshmukhwadi,1179,Urban,10.13,18.466777119001,73.7789976596832
1616,1987,Shivane,1178,Urban,9.84,18.466299,73.782898
1617,1988,Shinde Pul,1177,Urban,9.29,18.469299,73.787003
1618,1989,Dhangar Baba Nda Road,1190,Urban,8.93,18.4710333376049,73.7899276614189
1619,2001,Sutarwadi Depot,1191,Urban,8.47,18.541201,73.779404
1620,2002,Sutarwadi Pashan,1192,Urban,8.19,18.5387,73.781502
1621,2003,Shiv Nagar Sus Road Sutarwadi,1193,Urban,7.86,18.5381622810575,73.7844961881638
1622,2004,Link Road,1194,Urban,7.9,18.5403950511233,73.7847724556923
1623,2005,Link Road,1194,Urban,7.89,18.5404,73.784897
1624,2006,Shiv Nagar Sus Road Sutarwadi,1193,Urban,7.89,18.5382411151189,73.7842950224877
1625,725,Holkar Pul Corner,1195,Central,4.05,18.5567,73.859703
1626,2106,Holkar Water Works,1196,Central,3.94,18.5555,73.861702
1627,2107,Deccan College,1197,Central,3.49,18.548201,73.872002
1628,2118,Kendriya Vidyalaya Sangamvadi,1198,Central,3.48,18.546801,73.874397
1629,2111,Yerawada Deecan College Road,1199,Central,3.79,18.5444409185124,73.8821983337402
1630,2109,Sadal Baba Darga,1200,Central,3.48,18.5446,73.877701
1631,2112,Sadal Baba Darga,1201,Central,3.47,18.5443,73.877899
1632,2110,Yerawada Deecan College Road,1202,Central,3.89,18.545099,73.882896
1633,2229,Kendriya Vidyalaya Sangamvadi,1203,Central,3.47,18.5453512893266,73.8764449954033
1634,2114,Deccan College,1197,Central,3.48,18.5481,73.872002
1635,2119,Kendriya Vidyalaya Sangamvadi,1203,Central,3.45,18.5453538321768,73.8761767745018
1636,2104,Nashik Phata Pul,1204,Urban,10.23,18.6063,73.821999
1637,2116,Kalpataru Society,1205,Urban,9.88,18.6012,73.817596
1638,2025,Nhavi Sandas,1206,Outer,33.05,18.6081093733801,74.156279861927
1639,2026,Indira Vasahat Nhavi Sandas,1207,Outer,32.89,18.605333,74.155624
1640,2027,Nhavi Sandas Corner,1208,Outer,32.63,18.6009280947886,74.1543808579445
1641,2028,Shitolemala Dp Nhavisandas Road,1209,Outer,31.55,18.5990698102713,74.1442608833313
1642,2029,Kale Vasti,1210,Outer,31.06,18.6055139798978,74.1373112797737
1643,2030,Shitolemala Nhavisandas Road,1211,Outer,30.71,18.608299,74.132896
1644,2031,Talegaon Road Navin Pul,1212,Outer,30.57,18.6092,74.131203
1645,2032,Pimpri Sandas,1213,Outer,30.13,18.6109131673823,74.1261452436447
1646,2033,Jamadar Vasti,1214,Outer,30.0,18.6124662916515,74.1241791844368
1647,2034,Harpale Vasti Nhavi Sandas Road,1215,Outer,29.76,18.6138185912419,74.1213145852089
1648,2035,Shinde Vasti Burkegaon,1216,Outer,29.44,18.6162359273655,74.1171061992645
1649,2036,Kumbharwada Nhavi Sandas,1217,Outer,29.02,18.6190243363847,74.1116479039192
1650,2037,Burkegaon,1218,Outer,28.88,18.6200385229623,74.1097274422646
1651,2038,Enbhar Vasti,1219,Outer,28.67,18.6202393261191,74.1074958443642
1652,2039,Dabhade Vasti Nhavisandas Road,1220,Outer,28.33,18.6206282226977,74.1037648916245
1653,2040,Panchawati Niwas,1221,Outer,27.69,18.6222,74.096497
1654,2041,Ashirwad Bungalow,1222,Outer,27.53,18.6227,74.094597
1655,2042,Gaikwad Vasti Nhavisandas Road,1223,Outer,27.35,18.623301,74.0924
1656,2065,Bakori Phata,1224,Suburban,16.69,18.5895,73.9972
1657,2043,Bapurao Smarak,1225,Outer,26.72,18.6233580991364,74.0857940912247
1658,2066,Jadhav Vasti Nagar Road,1226,Suburban,17.16,18.5937,73.999901
1659,2044,Shinde Vasti Dongergaon,1227,Outer,26.2,18.623301,74.080299
1660,2067,Gade Vasti,1228,Suburban,17.67,18.5973716609815,74.0033805370331
1661,2045,Dongargaon,1229,Outer,25.47,18.623512,74.072456
1662,2068,Vitthalwadi Nagar Road,1230,Suburban,18.5,18.601601,74.009903
1663,2046,Kadam Vasti Perne,1231,Suburban,24.8,18.624001,74.065102
1664,2069,Rajashri Housing,1232,Suburban,19.07,18.6052,74.013901
1665,2047,Siddheshwar Nagar,1233,Suburban,24.93,18.6265708585398,74.0650525689125
1666,2070,12 Wa Mile Vithai Pump,1234,Suburban,19.44,18.6093142733346,74.0154585242272
1667,2048,Pernegaon,1235,Outer,25.01,18.6311687604376,74.0631911158562
1668,2071,Jagtap Dairy Lonikand,1236,Suburban,20.08,18.615101,74.018898
1669,2049,Walke Vasti Perne,1237,Suburban,24.94,18.632999,74.061302
1670,2056,Lonikand,1238,Suburban,20.97,18.620899,74.025002
1671,2050,Dream Villa Society Perne Road,1239,Suburban,24.9,18.6354793394916,74.0593662858009
1672,2752,Tulapur Phata,1240,Suburban,22.09,18.6268643489359,74.0336379170013
1673,2051,Pc Pole Company,1241,Suburban,24.77,18.637220314815,74.0568101406098
1674,2074,Jagtap Vasti Lonikand,1242,Suburban,22.81,18.6307036384413,74.0391558408737
1675,2052,Perne Phata,1243,Suburban,24.48,18.6412283022608,74.0508207678795
1676,2053,Walke Vasti,1244,Suburban,23.97,18.638,74.047302
1677,2075,Walke Vasti,1245,Suburban,24.21,18.6399,74.048698
1678,2054,Jagtap Vasti Lonikand,1246,Suburban,22.67,18.6297200153593,74.03829485178
1679,2076,Perne Phata,1243,Suburban,24.46,18.641199,74.050598
1680,2055,Tulapur Phata,1240,Suburban,22.11,18.6268656971798,74.0338531136513
1681,2077,Pc Pole Company,1241,Suburban,24.78,18.6371211938429,74.0570086240769
1682,2730,Lonikand,1238,Suburban,20.93,18.6206,74.024803
1683,2078,Dream Villa Society Perne Road,1239,Suburban,24.89,18.6354615483341,74.0592777729035
1684,2057,Jagtap Dairy Lonikand,1247,Suburban,20.32,18.616899,74.020401
1685,2079,Walke Vasti Perne,1237,Suburban,24.94,18.6329123214717,74.0614074468613
1686,2058,12 Wa Mile Vithai Pump,1248,Suburban,19.44,18.6092227621734,74.0155282616615
1687,2080,Pernegaon,1249,Outer,25.0,18.6315,74.062897
1688,2059,Rajashri Housing,1250,Suburban,18.77,18.6031,74.011902
1689,2081,Siddheshwar Nagar,1251,Suburban,24.92,18.6264,74.065002
1690,2060,Vitthalwadi Nagar Road,1252,Suburban,18.51,18.6014,74.010101
1691,2082,Kadam Vasti Perne,1231,Suburban,24.79,18.6239350785053,74.0650311112404
1692,2061,Gade Vasti,1228,Suburban,17.67,18.5972623484787,74.0034046769142
1693,2083,Dongargaon,1253,Outer,25.67,18.6236,74.074501
1694,3372,Jadhav Vasti Nagar Road,1226,Suburban,17.17,18.5937160069343,74.0000545978546
1695,2084,Shinde Vasti Dongergaon,1227,Outer,26.14,18.6232843879647,74.079721570015
1696,2063,Bakuri Phata,1254,Suburban,16.55,18.588301,73.996399
1697,2085,Bapurao Smarak,1225,Outer,26.7,18.6233657245057,74.0855365991593
1698,1417,Wagholi Kesnand Phata,1255,Suburban,15.26,18.5813941844399,73.9863605284482
1699,2086,Gaikwad Vasti Nhavisandas Road,1223,Outer,27.35,18.6234,74.0923
1700,2087,Ashirwad Bungalow,1256,Outer,27.53,18.622801,74.094498
1701,2088,Panchawati Niwas,1221,Outer,27.69,18.622299,74.096397
1702,2115,Nashik Phata Pul,1204,Urban,10.24,18.6064,73.821899
1703,2089,Dabhade Vasti Nhavisandas Road,1220,Outer,28.33,18.620701,74.103798
1704,2090,Enbhar Vasti,1219,Outer,28.67,18.6203155804203,74.1074073314667
1705,2091,Burkegaon,1218,Outer,28.88,18.6201224027908,74.1097086668015
1706,2092,Kumbharwada Nhavi Sandas,1217,Outer,29.02,18.619101,74.111603
1707,2093,Shinde Vasti Burkegaon,1216,Outer,29.46,18.616199,74.117302
1708,2094,Harpale Vasti Nhavi Sandas Road,1215,Outer,29.76,18.6139050161984,74.1212207078934
1709,2095,Jamadar Vasti,1257,Outer,30.0,18.6125603428385,74.1241604089737
1710,2096,Pimpri Sandas,1213,Outer,30.13,18.6110021354531,74.1261237859726
1711,2097,Talegaon Road Navin Pul,1212,Outer,30.59,18.6091134572809,74.1313809156418
1712,2098,Shitolemala Nhavisandas Road,1211,Outer,30.71,18.6084,74.132896
1713,2099,Kale Vasti,1258,Outer,31.07,18.605363999947,74.1374507546425
1714,2100,Shitolemala Dp Nhavisandas Road,1209,Outer,31.53,18.599199,74.143997
1715,2101,Nhavi Sandas Corner,1259,Outer,32.65,18.601101,74.154503
1716,2102,Indira Vasahat Nhavi Sandas,1207,Outer,32.9,18.605499,74.155602
1717,2103,Nhavi Sandas,1206,Outer,33.05,18.6082059690434,74.1562610864639
1718,9235,Yerawada,1260,Central,4.2,18.5452571214276,73.8866554888687
1719,6263,Nigdi Tilak Chowk,1261,Suburban,17.57,18.6596429888706,73.7779542803764
1720,2121,Lic Corner,1262,Suburban,17.64,18.6616192894851,73.7804656346582
1721,7304,Annapurna,1263,Suburban,17.59,18.662701,73.783798
1722,2123,Yamuna Nagar,1264,Suburban,17.64,18.6645499362303,73.7867700251541
1723,2124,Aajanta Nagar,1265,Suburban,17.34,18.6627853071889,73.7896810586067
1724,2125,Ambedkar Nagar,1266,Suburban,17.09,18.6613683896879,73.7921771698411
1725,2126,Thermax Company Chowk,1267,Suburban,16.96,18.660702674577,73.7936693429947
1726,2127,Kamalnayan Bajaj School,1268,Suburban,16.59,18.658623700719,73.7973464280221
1727,2128,Bird Valley,1269,Suburban,16.27,18.6566233633578,73.8003440503708
1728,2129,Hdfc Bank Telco Road,1270,Suburban,15.96,18.654699,73.803398
1729,2130,Bhola Hotel,1271,Suburban,15.57,18.6522809118368,73.8069838285446
1730,2131,Ksb Chowk,1272,Suburban,15.3,18.6506,73.809799
1731,2132,Telco Company,1273,Suburban,14.43,18.644899,73.8181
1732,2133,Telco Hostel,1274,Suburban,14.16,18.643101,73.820602
1733,2134,Yashwant Nagar Telco Road,1275,Suburban,13.88,18.6409,73.822403
1734,2135,Gavali Matha,1276,Suburban,13.38,18.637199,73.825996
1735,7320,Ganesh Nagar Telco Road,1277,Suburban,13.05,18.6345459227995,73.8281196513607
1736,2137,Power House Indrayni Nagar,1278,Suburban,12.75,18.6323277475307,73.8303646445274
1737,2138,Indrayani Nagar Corner,1279,Suburban,12.4,18.629601,73.832901
1738,2139,Century Enka Company,1280,Urban,11.95,18.625999,73.835899
1739,2140,Electronic Sadan,1281,Urban,11.57,18.622999,73.838501
1740,2141,Landewadi Telco Road,1282,Urban,11.3,18.6208569850531,73.8407608866692
1741,932,Century Enka Colony,538,Urban,10.66,18.6159,73.847397
1742,2142,Bhosari Pmt Chowk,1283,Urban,11.37,18.622499,73.851097
1743,2143,Maharashtra Chowk,1284,Urban,11.55,18.6242655065366,73.8562533259392
1744,2144,Shastri Chowk,1285,Urban,11.59,18.624599,73.859001
1745,2145,Durvankur Mangal Karyalay,1286,Urban,11.75,18.625953220363,73.8622829318047
1746,2146,Banacha Odha,1287,Urban,11.91,18.627199,73.864899
1747,2147,Phuge Vasti Bhosari Road,1288,Suburban,12.13,18.6289702213902,73.8681408762932
1748,2148,Ganesh Nagar Bhosari,1289,Suburban,12.34,18.6305994305114,73.8709008693695
1749,2149,Gajanan Maharaj Mandir Alandi Road,1290,Suburban,12.52,18.6319795440375,73.8727542757988
1750,2150,Ambedkar Chowk Vishrantwadi,1291,Urban,6.28,18.5728,73.878998
1751,2151,Ekta Nagar,1292,Urban,6.6,18.5735,73.884598
1752,2152,Kasturba Gandhi General Hospital,1293,Urban,6.81,18.5739,73.888199
1753,2153,Renuka Bungalow,1294,Urban,7.0,18.5742,73.891098
1754,2154,Gandhi Acid Company,1295,Urban,7.14,18.574499,73.893097
1755,2155,Kekan Gas,1296,Urban,7.3,18.5748,73.8955
1756,2157,Pathare Vasti,1297,Urban,9.57,18.558348,73.93821
1757,2158,Shankar Nagar,1298,Urban,9.43,18.5559727683496,73.9378595352173
1758,2159,Rakshak Nagar,1299,Urban,9.23,18.5525883377596,73.9374431334444
1759,2160,Thite Vasti,1300,Urban,8.8,18.545315688256,73.9359068870545
1760,3038,Sainath Nagar,1301,Urban,8.44,18.538984,73.934349
1761,3018,Mundhwa Gaon,1302,Urban,8.15,18.532526,73.932922
1762,2162,Kirtanebaug,1303,Urban,7.97,18.5233459179531,73.932224214077
1763,2163,Bapusaheb Magar Vasti,1304,Urban,8.02,18.5183101983955,73.9327794313431
1764,2164,Mega City,1305,Urban,8.03,18.5141721502013,73.9325460791588
1765,2165,Magarpatta Ma Na Pa Shala,1306,Urban,8.05,18.5117737151296,73.9324602484703
1766,2166,Tilekar Vasti,1307,Urban,7.78,18.5077,73.929298
1767,3024,Magarpatta Dawakhana,1308,Urban,7.72,18.503117,73.92762
1768,2167,Tilekar Vasti,1307,Urban,7.76,18.5077,73.9291
1769,2168,Magarpatta Ma Na Pa Shala,1306,Urban,8.03,18.5117,73.932297
1770,2169,Mega City,1309,Urban,8.01,18.514,73.932404
1771,2170,Bapusaheb Magar Vasti,1304,Urban,8.01,18.5182186385634,73.9326801896095
1772,2171,Kirtanebaug,1303,Urban,7.96,18.5233662640716,73.9321383833885
1773,3037,Mundhwa Gaon,1302,Urban,8.14,18.532511,73.932808
1774,2174,Thite Vasti,1310,Urban,8.79,18.5455165793989,73.9357781410217
1775,2175,Rakshak Nagar,1311,Urban,9.2,18.5522983596789,73.9372587098788
1776,2176,Shankar Nagar,1298,Urban,9.39,18.5556382744284,73.9376570166026
1777,2177,Pathare Vasti,1312,Urban,9.58,18.558702,73.93811
1778,2279,Moze Shale Dhanori Road,1313,Urban,10.91,18.5974450989301,73.920854996312
1779,2280,Sathe Vasti,1314,Urban,10.53,18.5973411553074,73.9149105548859
1780,2281,Torana Garden,1315,Urban,10.18,18.5971199878037,73.9094200730324
1781,2340,Jakat Naka Dhanori,1316,Urban,10.03,18.597099,73.9067
1782,1169,Kamalpark Vishrantwadi,1317,Urban,9.93,18.5974301304725,73.9043667912483
1783,1168,Madhav Nagar Dhanori,1318,Urban,9.75,18.5973,73.901199
1784,1167,Dhanorigaon,1319,Urban,9.49,18.596701,73.897102
1785,1166,Dhanori Shala,1320,Urban,9.26,18.595501,73.894699
1786,1165,Gurudev Datta Nagar,1321,Urban,8.96,18.5935,73.892502
1787,2179,Kekan Gas,1296,Urban,7.29,18.574699,73.8955
1788,1164,Gokul Nagar Dhanori Road,1322,Urban,8.68,18.5916846921536,73.8903029836823
1789,2180,Gandhi Acid Company,1295,Urban,7.11,18.574301,73.892998
1790,1163,Bhairav Nagar Dhanori Road,1323,Urban,8.39,18.5896,73.888397
1791,2181,Renuka Bungalow,1294,Urban,6.98,18.573999,73.891098
1792,1162,Shivani Medical Bhairav Nagar,1324,Urban,8.13,18.587601,73.887001
1793,2182,Kasturba Gandhi General Hospital,1293,Urban,6.8,18.5737,73.888298
1794,1161,Telephone Exchange Bhairav Nagar,1325,Urban,7.99,18.5865824253143,73.8861358165741
1795,2183,Ekta Nagar,1326,Urban,6.59,18.5734,73.884598
1796,2342,Bhairav Nagar Lane No. 7,1327,Urban,7.72,18.5846,73.884598
1797,2184,Ambedkar Chowk Vishrantwadi,1291,Urban,6.27,18.5726576068811,73.8790628314018
1798,1159,Om Chaitnya Nagari,1328,Urban,7.58,18.5835,73.883904
1799,1158,Amaba Nagari,1329,Urban,7.12,18.579901,73.881699
1800,1157,Dagadikhan,1330,Urban,6.66,18.5759297998663,73.8804736733437
1801,2282,Vishrantwadi Dhanori Road,1331,Urban,6.39,18.573799,73.879097
1802,2185,Gajanan Maharaj Mandir Alandi Road,1290,Suburban,12.51,18.6318905867092,73.8727328181267
1803,2186,Ganesh Nagar Bhosari,1289,Suburban,12.33,18.6305028475669,73.8708740472794
1804,2187,Phuge Vasti Bhosari Road,1288,Suburban,12.14,18.6290411047249,73.8684069354918
1805,2188,Banacha Odha,1287,Urban,11.9,18.6271249515599,73.864860534668
1806,2189,Durvankur Mangal Karyalay,1286,Urban,11.76,18.6259862628648,73.8624733686447
1807,2190,Shastri Chowk,1285,Urban,11.58,18.6245425569519,73.859107196331
1808,2191,Maharashtra Chowk,1332,Urban,11.55,18.6242731316326,73.8568568229675
1809,861,Bhosari Pmt Chowk,1283,Urban,11.34,18.622299,73.851402
1810,2192,Bhosari Gavhane Vasti,1333,Urban,11.16,18.6204992438522,73.849006033998
1811,2193,Agnishamak Kendra Landewadi,1334,Urban,11.16,18.6202801207089,73.8463691174809
1812,2194,Swami Samarth Mandir Landewadi,1335,Urban,11.13,18.6195670389151,73.8422079371178
1813,2195,Landewadi Telco Road,1282,Urban,11.27,18.620679058786,73.8408520817757
1814,2196,Electronic Sadan,1281,Urban,11.5,18.6225066060678,73.8391461968422
1815,2197,Indrayani Nagar Corner,1336,Suburban,12.38,18.6294,73.832703
1816,2198,Power House Indrayni Nagar,1278,Suburban,12.74,18.632175249903,73.830284178257
1817,2199,Ganesh Nagar Telco Road,1337,Suburban,13.02,18.634399,73.828499
1818,2200,Gavali Matha,1276,Suburban,13.37,18.636999,73.825897
1819,2201,Yashwant Nagar Telco Road,1338,Suburban,13.87,18.6409,73.822601
1820,2202,Telco Hostel,1339,Suburban,14.23,18.643499,73.819801
1821,2203,Telco Company,1273,Suburban,14.41,18.6446847026179,73.8181391358376
1822,2204,Ksb Chowk,1340,Suburban,15.23,18.65,73.809898
1823,2205,Bhola Hotel,1271,Suburban,15.54,18.6519784930676,73.8070267438889
1824,2206,Hdfc Bank Telco Road,1341,Suburban,15.92,18.6544,73.803398
1825,2207,Bird Valley,1269,Suburban,16.32,18.6568476393766,73.7997042922399
1826,2208,Kamalnayan Bajaj School,1342,Suburban,16.58,18.6584604712137,73.7972398305946
1827,2209,Thermax Company Chowk,1343,Suburban,16.88,18.6601766694898,73.7941722427212
1828,2210,Ambedkar Nagar,1344,Suburban,17.12,18.6616,73.792
1829,7302,Aajanta Nagar,1345,Suburban,17.35,18.6628,73.789299
1830,7309,Yamuna Nagar,1346,Suburban,17.58,18.6640658488976,73.787073086945
1831,7308,Annapurna,1347,Suburban,17.61,18.662701,73.783302
1832,7305,Lic Corner,1348,Suburban,17.63,18.6615436942563,73.7805367066226
1833,6260,Nigdi Tilak Chowk,1261,Suburban,17.56,18.6596201178022,73.7780830264092
1834,6347,Nigdi Bhakti Shakti Stand,903,Suburban,18.43,18.6651934271138,73.7716315307526
1835,6935,Vishrantwadi Dhanori Road,1331,Urban,6.38,18.5737269157166,73.879015830944
1836,1182,Dagadikhan,1330,Urban,6.67,18.5760213288393,73.8804548978806
1837,1181,Amaba Nagari,1329,Urban,7.12,18.579901,73.881599
1838,1180,Om Chaitnya Nagari,1349,Urban,7.47,18.582701,73.883102
1839,1179,Bhairav Nagar Lane No 7,1350,Urban,7.74,18.584801,73.884598
1840,2243,Telephone Exchange Bhairav Nagar,1325,Urban,7.98,18.586599,73.886002
1841,1177,Shivani Medical Bhairav Nagar,1324,Urban,8.14,18.5877137508765,73.8869538903237
1842,1176,Bhairav Nagar Dhanori Road,1323,Urban,8.4,18.5897043573806,73.8883566856384
1843,1175,Gokul Nagar Dhanori Road,1322,Urban,8.71,18.5919491640523,73.890432715416
1844,1174,Gurudev Datta Nagar,1351,Urban,8.97,18.593599,73.892403
1845,1173,Dhanori Shala,1320,Urban,9.25,18.595501,73.894501
1846,1172,Dhanorigaon,1319,Urban,9.49,18.596756459034,73.8970229029656
1847,1171,Madhav Nagar Dhanori,1318,Urban,9.74,18.5973,73.900902
1848,1170,Kamalpark Vishrantwadi,1352,Urban,9.96,18.5975343587232,73.90466183424
1849,2244,Jakat Naka Dhanori,1353,Urban,10.02,18.5973,73.906303
1850,2284,Torana Garden,1315,Urban,10.18,18.5970742290677,73.9094790816307
1851,2285,Sathe Vasti,1314,Urban,10.53,18.597401,73.914803
1852,2286,Moze Shale Dhanori Road,1354,Urban,10.93,18.5975,73.920998
1853,2287,Smashan Bhumi Lohagaon,1355,Urban,11.08,18.5944,73.927101
1854,2288,Shubham Mangal Karyalay,1356,Urban,11.5,18.5959353389995,73.9312773942948
1855,2289,Indrayani Vihar,1357,Urban,11.67,18.5952,73.934303
1856,2290,Sant Nagar Wagholi Road,1358,Urban,11.85,18.5942803759837,73.9377656579018
1857,2291,Karmbhumi Wagholi Road,1359,Suburban,12.1,18.593201,73.942001
1858,2292,Datta Mandir Dadachi Vasti,1360,Suburban,12.16,18.5928846655923,73.9431099186022
1859,2293,Dadachi Padal,1361,Suburban,12.23,18.5925811988993,73.9441942200489
1860,2294,Pawar Vasti Dadachi Padal,1362,Suburban,12.63,18.5908153242893,73.9507555961609
1861,2295,Yojana Poltry Farm,1363,Suburban,12.93,18.589701,73.9552
1862,2296,Dimond Water Park,1364,Suburban,13.03,18.5893,73.956703
1863,2347,Dr. Babasaheb Ambedkar Shashkiy Vastigruh,1365,Central,4.7,18.5532,73.8848
1864,2348,Bidi Kamgar Vasahat Yerwada,1366,Central,4.56,18.5532,73.882698
1865,2349,Ahilya Society,1367,Central,4.25,18.552601,73.878403
1866,2350,Ambedkar Bhavan Phule Nagar,1368,Central,4.08,18.552299,73.8759
1867,2354,Yerawada Jail,1369,Urban,5.75,18.562099,73.889
1868,2355,Yerawada Press,1370,Urban,5.7,18.5638805985686,73.8852640986443
1869,2356,Bungalow Number 116,1371,Urban,5.53,18.5648,73.880302
1870,1110,Shanti Nagar,1372,Urban,5.82,18.5681,73.879402
1871,2269,Dimond Water Park,1364,Suburban,13.05,18.5890713317279,73.9571017026901
1872,2270,Yojana Poltry Farm,1363,Suburban,12.9,18.589624931423,73.9548847884772
1873,2271,Pawar Vasti Dadachi Padal,1362,Suburban,12.65,18.5907,73.950996
1874,2272,Dadachi Padal,1361,Suburban,12.21,18.5926,73.944
1875,2273,Datta Mandir Dadachi Vasti,1360,Suburban,12.15,18.5928440654674,73.9429705752229
1876,2274,Karmbhumi Wagholi Road,1359,Suburban,12.07,18.593217733675,73.9415770769119
1877,2275,Sant Nagar Wagholi Road,1358,Urban,11.84,18.5942651226377,73.9375752210617
1878,2276,Indrayani Vihar,1357,Urban,11.67,18.5951,73.934402
1879,2277,Shubham Mangal Karyalay,1356,Urban,11.49,18.5958717845686,73.9311942458153
1880,2278,Smashan Bhumi Lohagaon,1355,Urban,11.07,18.5943159668346,73.9270314574242
1881,1304,Panyachi Taki Lohgaon,1373,Urban,10.78,18.5937172466266,73.9236117881983
1882,2352,Bungalow Number 116,1374,Urban,5.5,18.565001,73.879303
1883,2353,Yerawada Press,1370,Urban,5.7,18.5639695914356,73.8851836323738
1884,2343,Ambedkar Bhavan Phule Nagar,1375,Central,4.14,18.552601,73.876404
1885,2344,Ahilya Society,1367,Central,4.26,18.5527103637535,73.878376185894
1886,2345,Bidi Kamgar Vasahat Yerwada,1376,Central,4.57,18.5534,73.8825
1887,2346,Dr. Babasaheb Ambedkar Shashkiy Vastigruh,1365,Central,4.7,18.553308684308,73.8847300634101
1888,2327,Sangarsh Nagar,1377,Urban,8.96,18.559,73.931297
1889,2328,Bidi Kamgar Vasahat Kharadi,1378,Urban,8.97,18.5570153007091,73.9324682950974
1890,2329,Saibaba Mandir Kharadi,1379,Urban,9.03,18.5553930158921,73.934023976326
1891,2330,Yashwant Nagar Kharadi,1380,Urban,9.12,18.5537859724701,73.9356735348702
1892,2335,It Tower,1381,Urban,9.4,18.549999,73.940201
1893,2332,Patil Vasti,1382,Urban,9.62,18.549196,73.942696
1894,2333,Kharadi Gaon,1383,Urban,9.91,18.5483518382359,73.9459813117871
1895,2331,It Tower,1381,Urban,9.39,18.549801,73.940201
1896,2336,Yashwant Nagar Kharadi,1380,Urban,9.13,18.5537630872488,73.9357995986939
1897,2337,Saibaba Mandir Kharadi,1379,Urban,9.05,18.5552811336122,73.9342251420021
1898,2338,Bidi Kamgar Vasahat Kharadi,1378,Urban,8.97,18.5571805795671,73.9323744177818
1899,2339,Sangarsh Nagar,1377,Urban,8.98,18.559299,73.931297
1900,1208,Ruby Hall,752,Central,2.66,18.532997299267,73.8781562447548
1901,2367,Jspm Vidhyapith Wagholi,1384,Suburban,17.3,18.591057,74.00296
1902,2368,Nyati Ilan Society Wagholi,1385,Suburban,17.25,18.590858,74.002441
1903,2369,Bhagwant Chowk Gadevasti,1386,Suburban,17.13,18.590462,74.001457
1904,2370,Bgs College Wagholi,1387,Suburban,17.03,18.590385,74.000443
1905,2371,Jain Hostel Wagholi,1388,Suburban,16.98,18.590181,73.999969
1906,2372,Bakori Phata,1224,Suburban,16.71,18.589584870728,73.9974313974381
1907,2383,Lohegaon,1389,Urban,10.73,18.5936199893902,73.9230210665075
1908,2241,Jagatguru Chowk,1390,Urban,10.15,18.5972,73.908699
1909,2240,Archied Hospital,1391,Urban,10.44,18.6000942843145,73.9090445637703
1910,2239,Pride Ashiyana Society,1392,Urban,11.09,18.6062715032619,73.910251557827
1911,2238,Park Spring Society,1393,Urban,11.6,18.6109029995045,73.9114531874657
1912,2235,Ajinkya D.Y.Patil Vidhyapeeth Lohgaon,1394,Suburban,12.37,18.619101,73.910896
1913,2232,Prime City Charholi,1395,Suburban,12.99,18.622801,73.916
1914,2521,Manjari Budruk,1396,Suburban,13.47,18.522499,73.984398
1915,2522,Malwadi Manjari,1397,Suburban,13.25,18.521299,73.982399
1916,2523,Vasantdada Sugar Institute,1398,Suburban,12.63,18.5230661595677,73.9764860272408
1917,2524,Ghavte Nagar,1399,Urban,11.65,18.5250168285751,73.9671170711517
1918,2525,Ghule Vasti Manjari,1400,Urban,10.84,18.5252457190814,73.959419131279
1919,2526,Mhasoba Mandir Ghule Vasti,1401,Urban,10.61,18.5253677939342,73.9571794867516
1920,2527,Balaji Nagar Corner,1402,Urban,10.39,18.5258077713263,73.9550364017487
1921,2528,Ingale Nagar,1403,Urban,10.16,18.5267436732272,73.9528664946556
1922,2529,Lonkar Nagar,1404,Urban,9.77,18.5277456929532,73.9490711688996
1923,2530,Ganesh Nagari,1405,Urban,9.27,18.5298,73.944099
1924,2531,Om Hospital,1406,Urban,9.02,18.5307186560038,73.9415422081947
1925,2532,Keshav Nagar Chowk,1407,Urban,8.58,18.532,73.937202
1926,2533,Shinde Vasti Mundhwa,1408,Urban,8.45,18.5322114758707,73.935826420784
1927,2362,Mundhwagaon,1409,Urban,8.26,18.5327,73.933998
1928,2361,Mundhwa Chowk,1410,Urban,8.16,18.5328974810566,73.9329571165137
1929,2534,Diamond Meter Company,1411,Urban,7.63,18.534201,73.927597
1930,2535,Kachare Vasti,1412,Urban,7.18,18.533701,73.923302
1931,2536,Tadi Gutta,1413,Urban,6.59,18.5326,73.9179
1932,2537,Dhole Patil Farm,1414,Urban,6.44,18.532801,73.916397
1933,2538,Gulmohar City,1415,Urban,6.0,18.5355,73.911301
1934,2539,Kalyani Nagar Pul,1416,Urban,5.4,18.5389,73.904099
1935,2540,Bhairoba Pumping Station,1417,Urban,5.19,18.539101,73.901802
1936,2541,Mira Nagar,1418,Central,4.87,18.536501,73.899696
1937,2542,Rashmi Apartment,1419,Central,4.61,18.5361,73.897202
1938,2543,Kawdewadi,1420,Central,4.53,18.534201,73.897102
1939,2544,Shahu Udyan,1421,Central,4.37,18.5329,73.896004
1940,2545,Annadhanya Godam,1422,Central,3.79,18.533199,73.889999
1941,2546,Sant Gadge Maharaj Shala,1423,Central,3.74,18.5331,73.889503
1942,2547,Budhrani Hospital,1424,Central,3.54,18.5331,73.887497
1943,106820,St Meera College,1425,Central,3.69,18.5392201008008,73.8855451177354
1944,2549,Madhur Milan Mangal Karyalay,1426,Central,3.63,18.5382,73.885597
1945,2550,Shaniwarwada Stand,1427,Central,0.17,18.5216501448677,73.8558543572099
1946,441,Mira Society,1428,Central,2.53,18.501801,73.870499
1947,2551,Sadhu Vasvani Chowk,1429,Central,3.61,18.5381037913241,73.8853794336319
1948,2552,Alankar Talkies,1430,Central,3.97,18.5396,73.888496
1949,2553,Wadia College,1431,Central,4.75,18.5394,73.897102
1950,2554,Madhur Milan Mangal Karyalay,1432,Central,3.6,18.538099,73.8853
1951,2548,St Meera College,1433,Central,3.71,18.5399,73.885201
1952,2555,Bhairoba Pumping Station,1417,Urban,5.23,18.539301,73.9021
1953,376,Ganeshmala,1434,Central,3.31,18.496099,73.8386
1954,2556,Kalyani Nagar Pul,1435,Urban,5.46,18.5389,73.904701
1955,2557,Gulmohar City,1415,Urban,6.0,18.535801,73.911201
1956,2558,Dhole Patil Farm,1436,Urban,6.37,18.533501,73.915497
1957,2559,Tadi Gutta,1413,Urban,6.59,18.5327,73.917801
1958,2560,Kachare Vasti,1412,Urban,7.16,18.533899,73.923103
1959,2517,Mitra Mandal Sabhagruha,1437,Central,2.51,18.4979547164786,73.8539439439774
1960,2561,Diamond Meter Company,1438,Urban,7.62,18.5343273415055,73.9274176955223
1961,2518,Lakshminarayan,1439,Central,2.62,18.496874,73.857239
1962,2364,Mundhwa Chowk,1410,Urban,8.18,18.5331308230527,73.9331207575615
1963,2363,Mundhwagaon,1409,Urban,8.3,18.5327251860996,73.9343029260636
1964,2562,Shinde Vasti Mundhwa,1408,Urban,8.44,18.5323360889486,73.9357244968414
1965,2563,Keshav Nagar Chowk,1407,Urban,8.58,18.532101,73.937103
1966,2564,Om Hospital,1440,Urban,9.01,18.5308,73.941498
1967,2565,Ganesh Nagari,1405,Urban,9.29,18.5298,73.944298
1968,2566,Lonkar Nagar,1404,Urban,9.77,18.5278219886309,73.9490470290184
1969,2567,Ingale Nagar,1403,Urban,10.16,18.5268301421661,73.9528235793114
1970,2568,Balaji Nagar Corner,1402,Urban,10.4,18.5257619933846,73.9552241563797
1971,2569,Mhasoba Mandir Ghule Vasti,1401,Urban,10.58,18.5254644365418,73.9568871259689
1972,2570,Ghule Vasti Manjari,1441,Urban,10.86,18.525299,73.959602
1973,2571,Ghavte Nagar,1399,Urban,11.66,18.5249634205729,73.9671760797501
1974,2572,Vasantdada Sugar Institute,1442,Suburban,12.65,18.5231,73.976601
1975,2573,Malwadi Manjari,1397,Suburban,13.26,18.5213163882103,73.9824941754341
1976,2574,Manjari Budruk,1396,Suburban,13.46,18.522499,73.984299
1977,2389,Koregaon Bhima,1443,Outer,25.55,18.6461714415048,74.0595781803131
1978,2445,Bafna Industries,1444,Outer,26.31,18.6471956315459,74.0674477815628
1979,2446,Farshi Odha Vadagaon Phata,1445,Outer,26.88,18.6501309318812,74.0719404816628
1980,2447,Seco Company,1446,Outer,27.63,18.6539683473408,74.0778172017781
1981,2441,Kalyani Forge Nagar Road,1447,Outer,28.26,18.6570178870814,74.0828034281731
1982,2448,Gupta Steel Kalpesh Wajan Kata,1448,Outer,29.32,18.6624688030484,74.0910404920578
1983,2449,Rsb,1449,Outer,29.65,18.6646,74.0933
1984,2450,Jai Aambika Kala Kendr,1450,Outer,30.27,18.668204146422,74.0979284048899
1985,2451,Sanaswadi Nagar Road,1451,Outer,30.71,18.6709281760006,74.1010478138924
1986,2452,Enfield Company,1452,Outer,31.7,18.6775,74.107697
1987,2976,B U Bhandari L & T,1453,Outer,32.62,18.6832086352759,74.1142362356186
1988,2454,Jakate Vasti Bajrangvadi,1454,Outer,33.96,18.6885215066623,74.1256999969483
1989,2455,Shikrapur Phata,1455,Outer,34.77,18.6923809199291,74.1322714090347
1990,2499,Shikrapur St Stand,1456,Outer,34.98,18.6919439136799,74.1349589824677
1991,2942,Karanje Nagar / Marathe Colony Karanje Nagar,1457,Outer,35.04,18.6901088848909,74.1368713896059
1992,2500,Talegaon Dhamdhere Bazar,1458,Outer,35.57,18.6668980196268,74.1567546129227
1993,2509,Kshitej Vihar,1459,Outer,35.02,18.6861,74.139297
1994,2501,Godown Talegaon Dhamdhere,1460,Outer,35.23,18.6658459959291,74.1536888480187
1995,2502,St Stand Grampanchayat Talegaon,1461,Outer,34.93,18.6678051943866,74.1493302583695
1996,2510,Laxmi Mandir,1462,Outer,35.0,18.6817069757176,74.1419005393982
1997,2503,Iti Talegaon Dhamdhere,1463,Outer,34.84,18.6710882622758,74.1465300321579
1998,2511,Bhairoba Nagar,1464,Outer,34.9,18.6752656962837,74.1447812318802
1999,2504,Bhairoba Nagar,1464,Outer,34.91,18.6751310238445,74.1449046134949
2000,2512,Iti Talegaon Dhamdhere,1465,Outer,34.83,18.671,74.1465
2001,2505,Laxmi Mandir,1462,Outer,35.01,18.6816256672061,74.1420292854309
2002,2513,St Stand Grampanchayat Talegaon,1461,Outer,34.92,18.6678051943091,74.1492336988449
2003,2506,Kshitej Vihar,1459,Outer,35.03,18.686399,74.139198
2004,2514,Godown Talegaon Dhamdhere,1460,Outer,35.23,18.6658,74.153702
2005,2941,Karanje Nagar,1466,Outer,35.05,18.6899317805463,74.1370565172535
2006,2515,Talegaon Dhamdhere Bazar,1458,Outer,35.56,18.6668243275078,74.1566821932793
2007,2498,Shikrapur St Stand,1456,Outer,35.0,18.6920099728247,74.1351279616356
2008,2433,Shikrapur Phata,1455,Outer,34.76,18.6922615055639,74.1322553157807
2009,2434,Jakate Vasti Bajrangvadi,1454,Outer,33.97,18.6885113435093,74.1258984804154
2010,2435,B U Bhandari L & T,1453,Outer,32.59,18.6828783220549,74.1140297055245
2011,2436,Enfield Company,1467,Outer,31.85,18.678101,74.109001
2012,2437,Sanaswadi Nagar Road,1451,Outer,30.73,18.6709561276473,74.1012194752693
2013,2438,Jai Aambika Kala Kendr,1450,Outer,30.25,18.6679525780504,74.0978077054024
2014,2439,Rsb,1468,Outer,29.8,18.665199,74.094597
2015,2440,Gupta Steel Kalpesh Wajan Kata,1448,Outer,29.31,18.6623087087144,74.0910109877587
2016,2442,Seco Company,1446,Outer,27.67,18.6540445865816,74.0781202912331
2017,2443,Farshi Odha Vadagaon Phata,1445,Outer,26.93,18.6502910377041,74.0723320841789
2018,2444,Bafna Industries,1469,Outer,26.36,18.647301,74.068001
2019,2386,Koregaon Bhima,1470,Outer,25.53,18.6460926573817,74.0594494342804
2020,1374,Gunjan Corner,1471,Central,4.51,18.546301,73.889603
2021,2596,Zilla Parishad Shala Karegaon,1472,Outer,54.96,18.7846426843066,74.2975303530693
2022,2597,Kareshwar Mandir Karegaon,1473,Outer,54.84,18.7836,74.296898
2023,2598,Midc Police Station Karegaon,1474,Outer,54.43,18.7819052504778,74.2934748530388
2024,2599,Yash Inn Chowk Karegaon,1475,Outer,53.82,18.779499,74.2882
2025,2600,Telephone Exchange Midc Ranjangaon,1476,Outer,53.88,18.7833,74.286301
2026,2601,S K Chowk Ranjangaon,1477,Outer,53.74,18.7838732616114,74.2843660712242
2027,2687,3 M Company,1478,Outer,53.58,18.7832460400687,74.2829498648644
2028,2603,Fiat India,1479,Outer,53.08,18.7812856397885,74.2786663770676
2029,2604,Britaniya Company,1480,Outer,52.28,18.7774790711454,74.2722022533417
2030,2605,Bite Chip Company,1481,Outer,51.78,18.775299,74.267998
2031,2780,Hire Company,1482,Outer,51.51,18.7741929646698,74.2657274007797
2032,2607,Carraro India,1483,Outer,50.97,18.771299,74.261597
2033,2809,Ranjangaon Midc Chowk,1484,Outer,50.66,18.7672269925413,74.2608082662635
2034,2609,Lande Vasti,1485,Outer,49.44,18.7587578534561,74.252841611089
2035,2610,Phad Vasti,1486,Outer,48.84,18.7558,74.248001
2036,2611,Ranjangaon,1487,Outer,48.5,18.7549602324873,74.2447444796562
2037,2877,Pune Station Ambedkar Putala,1488,Central,1.85,18.5268510743631,73.8728830060528
2038,2697,Whaghale Phata,1489,Outer,47.85,18.7532052285538,74.2385995388031
2039,2698,Ravsaheb Avari School,1490,Outer,47.11,18.7475972210057,74.2341336607933
2040,2614,Hotel Rajyog,1491,Outer,46.2,18.7402999286434,74.2286941409111
2041,2615,Khandale Gaon Phata,1492,Outer,44.92,18.7326289228744,74.2194566130638
2042,2616,Suruchi Dairy,1493,Outer,44.15,18.727699,74.213997
2043,2702,Bharat Petrol Pump Kondhapuri,1494,Outer,43.59,18.7248102347203,74.2096289992333
2044,2618,Kondhapuri,1495,Outer,42.61,18.7248864420419,74.1986480355263
2045,2619,Kondhapuri Dairy Farm,1496,Outer,41.88,18.7223,74.1922
2046,2705,Virsaheb Mandir Kondhapuri,1497,Outer,40.88,18.717699,74.184097
2047,2620,Kavtimala Iti,1498,Outer,40.54,18.716145242624,74.1813182830811
2048,2621,Thombre Vasti,1499,Outer,40.12,18.7142247512664,74.1778783355556
2049,2708,Kasari Phata,1500,Outer,39.36,18.710791,74.171539
2050,2709,24 Va Mail,1501,Outer,38.37,18.706873,74.163017
2051,2624,Hotel Ranwara,1502,Outer,38.06,18.7058462549925,74.1602978110314
2052,2711,Bhujbal School,1503,Outer,36.8,18.7013088108228,74.1490969061852
2053,2880,Dhole Patil Collage,1504,Urban,11.71,18.554701,73.9617
2054,2626,Malthan Phata,1505,Outer,36.31,18.6999394237995,74.1445505619049
2055,2881,Dhole Patil Collage Chowk,1506,Urban,11.49,18.5516,73.960602
2056,2432,Pabalphata,1507,Outer,35.62,18.6961,74.139297
2057,2882,Marvel Zephyr Society,1508,Urban,11.34,18.5516,73.959099
2058,2878,Rakshak Nagar Phase 1,1509,Urban,9.51,18.5573010314642,73.9380446576053
2059,2883,Eon Phase 2,1510,Urban,11.05,18.5525,73.955902
2060,2879,Radisson Hotel,1511,Urban,9.29,18.553499,73.937599
2061,2884,Gera Society,1512,Urban,11.26,18.5598326489049,73.9550819993019
2062,2885,Sakore Nagar Courner,1513,Urban,11.25,18.5638475441698,73.953115940094
2063,2886,Tulja Bhawani Nagar,1514,Urban,10.9,18.563801,73.949402
2064,2887,Mio Plaza Chowk,1515,Urban,10.74,18.5595,73.949898
2065,2888,Forest Counti,1516,Urban,10.65,18.5576916719559,73.9497202634812
2066,2893,Kharadi Police Chowki,1517,Urban,10.05,18.549101,73.947098
2067,2889,Eon Chowk,1518,Urban,10.53,18.5539,73.950104
2068,2894,World Trade Center,1519,Urban,10.23,18.5529,73.947502
2069,2890,World Trade Center,1519,Urban,10.26,18.5529,73.9478
2070,2895,Eon Chowk,1518,Urban,10.49,18.5539512546103,73.9497309923172
2071,2891,Kharadi Police Chowki,1517,Urban,10.08,18.549,73.947403
2072,2896,Forest Counti,1516,Urban,10.65,18.5577552404667,73.9496719837189
2073,2897,Mio Plaza Chowk,1515,Urban,10.74,18.5596699153299,73.9497363567352
2074,2898,Tulja Bhawani Nagar,1514,Urban,10.91,18.5638475441698,73.9494439959526
2075,2899,Sakore Nagar Courner,1513,Urban,11.27,18.5639060250846,73.953295648098
2076,2900,Gera Society,1512,Urban,11.27,18.5599,73.9552
2077,2874,Radisson Hotel,1520,Urban,9.26,18.5534,73.937302
2078,2901,Eon Phase 2,1510,Urban,11.06,18.552401,73.956001
2079,2875,Rakshak Nagar Phase 1,1509,Urban,9.47,18.5570297236118,73.9378313260013
2080,2902,Marvel Zephyr Society,1508,Urban,11.34,18.5516983192591,73.9591187238693
2081,2903,Dhole Patil Collage Chowk,1506,Urban,11.48,18.551701,73.960503
2082,2904,Dhole Patil Collage,1504,Urban,11.68,18.5546,73.961502
2083,2456,Pabalphata,1507,Outer,35.62,18.6961995944792,74.1392451524735
2084,2759,Malthan Phata,1521,Outer,36.31,18.700016,74.144402
2085,2629,Bhujbal School,1503,Outer,36.78,18.7013316761104,74.148879647255
2086,2630,Hotel Ranwara,1502,Outer,38.09,18.7060037675892,74.1604506969452
2087,2762,24 Va Mail,1501,Outer,38.4,18.707157,74.163254
2088,2632,Kasari Phata,1522,Outer,39.3,18.7106172995826,74.1710293292999
2089,2633,Thombre Vasti,1499,Outer,40.14,18.7143745847177,74.1779460475269
2090,2634,Kavtimala Iti,1498,Outer,40.54,18.7161833483001,74.181186855003
2091,2766,Virsaheb Mandir Kondhapuri,1497,Outer,40.9,18.717899,74.184097
2092,2635,Kondhapuri Dairy Farm,1496,Outer,41.87,18.7223080765589,74.1920551657677
2093,2636,Kondhapuri,1523,Outer,42.59,18.7249347066365,74.1983985900879
2094,2769,Bharat Petrol Pump Kondhapuri,1494,Outer,43.61,18.7249042237362,74.2098677158356
2095,2876,Pune Station Ambedkar Putala,1488,Central,1.85,18.5268675444307,73.8728300817333
2096,2638,Suruchi Dairy,1493,Outer,44.13,18.727699,74.213799
2097,2639,Khandale Gaon Phata,1524,Outer,44.94,18.7327254476275,74.2196068167687
2098,2640,Hotel Rajyog,1491,Outer,46.18,18.7401983281946,74.2285305261612
2099,2773,Ravsaheb Avari School,1490,Outer,47.08,18.7475007046746,74.2338573932648
2100,2642,Whaghale Phata,1489,Outer,47.85,18.7533220600629,74.2385888099671
2101,2643,Ranjangaon,1487,Outer,48.48,18.7550135681439,74.2445755004883
2102,2644,Phad Vasti,1486,Outer,48.85,18.756001,74.248001
2103,2645,Lande Vasti,1485,Outer,49.44,18.7588352253285,74.2527129334308
2104,2778,Telephone Exchange Ranjangaon,1525,Outer,50.53,18.765574,74.260483
2105,2647,Carraro India,1526,Outer,50.94,18.7714,74.2612
2106,2648,Hire Company,1527,Outer,51.49,18.774380887739,74.2653974890709
2107,2649,Bite Chip Company,1528,Outer,51.81,18.7757458431736,74.2680367748522
2108,2650,Britaniya Company,1529,Outer,52.2,18.777367364561,74.271284882633
2109,2783,Fiat India,1530,Outer,52.98,18.7810901062302,74.2775854468346
2110,2652,3 M Company,1531,Outer,53.6,18.7835736176839,74.2828881742207
2111,2785,S K Chowk Ranjangaon,1477,Outer,53.74,18.784178,74.284164
2112,2654,Telephone Exchange Midc Ranjangaon,1532,Outer,53.92,18.7835329877818,74.2865359783173
2113,2655,Yash Inn Chowk Karegaon,1533,Outer,53.88,18.7799,74.288597
2114,2656,Midc Police Station Karegaon,1534,Outer,54.45,18.7820576134511,74.2936062812805
2115,2657,Kareshwar Mandir Karegaon,1473,Outer,54.82,18.7835279091402,74.2967015504837
2116,2658,Zilla Parishad Shala Karegaon,1535,Outer,54.95,18.7845944367869,74.2974418401718
2117,2390,Loni Dhamni,1536,Outer,47.58,18.8919819782055,74.0807864069939
2118,2391,Bandan Vasti,1537,Outer,47.11,18.887837829698,74.0793326497078
2119,2392,Padwal Vasti,1538,Outer,46.58,18.8836555110199,74.0770152211189
2120,2393,Shivanshu Hotel,1539,Outer,46.02,18.8782218937199,74.0761622786522
2121,2394,Sri Krishnanagar,1540,Outer,45.72,18.8752575668968,74.0760174393654
2122,2395,Golden Poultry Vadgaonpir,1541,Outer,44.87,18.868679010072,74.0718171000481
2123,2396,Thapewadi,1542,Outer,44.42,18.864799,74.070297
2124,2397,Sahyadri Career Academy,1543,Outer,44.12,18.862460615321,74.0690222382546
2125,2398,Nerhebend,1544,Outer,42.91,18.8527391525937,74.0637356042862
2126,2399,Ekeri Mal,1545,Outer,41.9,18.8451,74.058601
2127,2400,Smshanbhumi Pabal,1546,Outer,41.02,18.8374958820977,74.0557479858399
2128,2401,Maruti Mandir Pabal,1547,Outer,40.57,18.833401,74.054604
2129,2402,Gram Panchayat Karyalay Pabal,1548,Outer,40.41,18.8332006091037,74.0519714355469
2130,2403,Khed Chowk,1549,Outer,40.02,18.8297734089893,74.0508636911131
2131,5174,Bhairavnath Vidyalaya Mandir Pabal,1550,Outer,40.09,18.8296071370237,74.0524595660301
2132,2405,Shri Padma Mani Jain Mandir,1551,Outer,40.22,18.829599,74.054901
2133,2406,Chaudhary Vasti Pabal Road,1552,Outer,39.04,18.8205756278951,74.0489110350609
2134,2407,Chaudhary Agro Food Company,1553,Outer,40.08,18.8229316183461,74.0635478496552
2135,2408,Savarkar Vasti,1554,Outer,40.16,18.8211,74.067802
2136,2409,Ganesh Garden Mangal Karyalay,1555,Outer,40.23,18.8198850727123,74.0710499882698
2137,2410,Snehdeep Industries,1556,Outer,40.22,18.8179809536543,74.0736731886864
2138,2411,Duffalapur Phata Panyachi Taki,1557,Outer,39.87,18.8068731628247,74.0843430161476
2139,2412,Salunkevasti,1558,Outer,39.66,18.8013050271553,74.0886265039444
2140,2413,Dhamari Gaon,1559,Outer,39.42,18.7929,74.0961
2141,2414,New English School Dhamari,1560,Outer,39.4,18.7906,74.098602
2142,2415,Gangasagar Vasti Dhamari,1561,Outer,38.42,18.781401,74.095596
2143,2416,Gangasagar Hotel,1562,Outer,37.66,18.771299,74.096802
2144,2417,Yelvande Vasti,1563,Outer,36.75,18.760201,74.096703
2145,2418,Mai Palande English Medium School,1564,Outer,36.32,18.7544,74.097198
2146,2419,Inamdar Vasti Mukhi,1565,Outer,36.14,18.7507365090591,74.0986526012421
2147,2420,Mukhai Gaon,1566,Outer,35.85,18.7462180493782,74.0995538234711
2148,2421,Ramrao Genuji Galande Mahavidhyalay,1567,Outer,35.8,18.7453011351732,74.0998408198357
2149,2422,Tukai Temple Mukhi,1568,Outer,35.77,18.7392407409615,74.1055217385292
2150,2423,Ump Vasti,1569,Outer,35.77,18.736,74.108597
2151,2424,Khirsagar Vasti,1570,Outer,35.55,18.7303199326613,74.1111382842064
2152,2425,Sambhaji Raje College Jaatgaon,1571,Outer,35.38,18.7244088758362,74.1144078969956
2153,2426,Hp Petrol Pump Jategaon,1572,Outer,35.29,18.720921077403,74.1162398457527
2154,2427,Mauli Service Centre,1573,Outer,35.36,18.7173,74.120201
2155,2428,Kadam Pawar Vasti,1574,Outer,35.36,18.7096,74.126404
2156,2429,Bholenath Mandir,1575,Outer,35.29,18.7066,74.127899
2157,2430,Swapn Nagari,1576,Outer,35.37,18.7020709879196,74.1322284936905
2158,2431,Pratima Nagar,1577,Outer,35.53,18.6993042683941,74.1360104084015
2159,2457,Pratima Nagar,1577,Outer,35.53,18.6991848589118,74.136093556881
2160,2458,Swapn Nagari,1576,Outer,35.37,18.702,74.132301
2161,2459,Bholenath Mandir,1578,Outer,35.28,18.706499,74.127899
2162,2460,Kadam Pawar Vasti,1574,Outer,35.35,18.7096,74.126297
2163,2461,Hp Petrol Pump Jategaon,1572,Outer,35.28,18.7210836567158,74.1160789132118
2164,2462,Sambhaji Raje College Jaatgaon,1571,Outer,35.38,18.7243021852518,74.1144400835037
2165,2463,Khirsagar Vasti,1570,Outer,35.54,18.7302,74.111099
2166,2464,Ump Vasti,1579,Outer,35.76,18.736,74.108498
2167,2465,Tukai Temple Mukhi,1580,Outer,35.77,18.7393,74.1054
2168,2466,Ramrao Genuji Galande Mahavidhyalay,1567,Outer,35.79,18.7452833557031,74.0997710824013
2169,2467,Mukhai Gaon,1581,Outer,35.86,18.7463958437074,74.0994840860367
2170,2468,Inamdar Vasti Mukhi,1565,Outer,36.13,18.7508025451583,74.0985319018364
2171,2469,Mai Palande English Medium School,1564,Outer,36.31,18.7544,74.097099
2172,2470,Yelvande Vasti,1582,Outer,37.39,18.7682,74.096603
2173,2471,Gangasagar Hotel,1562,Outer,37.66,18.7713410818351,74.0967321395874
2174,2472,Gangasagar Vasti Dhamari,1583,Outer,38.41,18.781401,74.095497
2175,2473,New English School Dhamari,1584,Outer,39.27,18.789301,74.098297
2176,2474,Dhamari Gaon,1559,Outer,39.42,18.792801,74.0961
2177,2475,Salunkevasti,1558,Outer,39.65,18.8011831508745,74.0886372327805
2178,2476,Duffalapur Phata Panyachi Taki,1585,Outer,39.86,18.8065735595215,74.0845388174057
2179,2477,Snehdeep Industries,1556,Outer,40.21,18.8179834924166,74.0735846757889
2180,2478,Ganesh Garden Mangal Karyalay,1555,Outer,40.23,18.8198114471763,74.0710929036141
2181,2479,Savarkar Vasti,1554,Outer,40.15,18.8211,74.067703
2182,2480,Chaudhary Agro Food Company,1553,Outer,40.09,18.8228173738038,74.0639260411263
2183,2481,Chaudhary Vasti Pabal Road,1552,Outer,39.03,18.820522313074,74.0487876534462
2184,2482,Shri Padma Mani Jain Mandir,1551,Outer,40.22,18.8295,74.055
2185,2483,Bhairavnath Vidya Mandir Pabal,1586,Outer,40.08,18.8295,74.052399
2186,2484,Khed Chowk,1549,Outer,40.01,18.8297157014775,74.0507042088129
2187,2485,Gram Panchayat Karyalay Pabal,1548,Outer,40.42,18.8332970762513,74.0519472956658
2188,2486,Maruti Mandir Pabal,1547,Outer,40.58,18.8334950876688,74.0545651316643
2189,2487,Smshanbhumi Pabal,1546,Outer,40.98,18.837099,74.055603
2190,2488,Ekeri Mal,1587,Outer,42.03,18.8463,74.058899
2191,2489,Nerhebend,1544,Outer,42.89,18.8526325433524,74.0636229515076
2192,2490,Sahyadri Career Academy,1543,Outer,44.11,18.8624250809741,74.068917632103
2193,2491,Thapewadi,1542,Outer,44.4,18.864799,74.070099
2194,2492,Golden Poultry Vadgaonpir,1541,Outer,44.85,18.868529263684,74.0716722607613
2195,2493,Sri Krishnanagar,1540,Outer,45.71,18.8751991934157,74.0759316086769
2196,2494,Shivanshu Hotel,1539,Outer,46.0,18.8780772317973,74.0761032700539
2197,2495,Padwal Vasti,1538,Outer,46.57,18.8836072920085,74.0769320726395
2198,2496,Bandan Vasti,1537,Outer,47.12,18.8879977099535,74.0793380141258
2199,2497,Loni Dhamni,1536,Outer,47.59,18.892073336109,74.0807408094406
2200,2977,Vadgaon Sheri,1588,Urban,7.46,18.5432050446169,73.9232388138771
2201,2978,Datta Mandir Wadgaonsheri,1589,Urban,7.41,18.5469,73.921204
2202,2979,Match Well Company,1590,Urban,7.28,18.5497,73.918503
2203,2980,Sainikwadi,1591,Urban,7.32,18.553602890614,73.9166110754013
2204,2981,Vrundavan,1592,Urban,7.23,18.554399,73.915199
2205,2982,Vrundavan,1593,Urban,7.24,18.5545081267657,73.9152270555496
2206,2983,Sainikwadi,1591,Urban,7.33,18.5536283187389,73.916734457016
2207,2984,Match Well Company,1590,Urban,7.29,18.549601,73.918602
2208,2985,Datta Mandir Wadgaonsheri,1589,Urban,7.42,18.5470143558602,73.9212244749069
2209,2986,Vadgaon Sheri,1588,Urban,7.47,18.5431262129237,73.9233300089836
2210,2991,Bekar Company,1594,Urban,8.07,18.5638042396176,73.9180695314176
2211,2992,Green Oaks Company,1595,Urban,8.16,18.5650043675772,73.9181874323831
2212,106821,Kailas Market,1596,Urban,7.99,18.5651569256113,73.9159449365831
2213,2998,Datta Mandir Viman Nagar,1597,Urban,7.81,18.5651,73.913902
2214,2999,Corporation Bank,1598,Urban,7.27,18.565001,73.907097
2215,3000,Konark Puram,1599,Urban,7.52,18.568399,73.906998
2216,3001,Gangapuram Mhada,1600,Urban,7.8,18.5683,73.910797
2217,3002,Konark Campus,1601,Urban,8.02,18.5707761308445,73.9111769199371
2218,3003,Mhada Colony Viman Nagar,1602,Urban,8.26,18.5732169604172,73.9118179678917
2219,3284,Rohan Mithila Tower,1603,Urban,8.35,18.5748,73.911301
2220,3285,Symbiosis College Vimannagar,1604,Urban,8.18,18.575199,73.908401
2221,3281,Lohegaon Airport,1605,Urban,8.38,18.577999,73.907898
2222,8807,Lohgaon Airport,1606,Urban,8.39,18.5781670812298,73.907942222752
2223,8800,Symbiosis College Viman Nagar,1607,Urban,8.17,18.5756018207204,73.9077812433243
2224,3283,Rohan Mithila Tower,1603,Urban,8.37,18.5749,73.9114
2225,2995,Mhada Colony Viman Nagar,1602,Urban,8.26,18.5731152599601,73.9118555188179
2226,2996,Konark Campus,1601,Urban,8.03,18.5708295245204,73.9112520217896
2227,2997,Gangapuram Mhada,1600,Urban,7.82,18.5683,73.911003
2228,2988,Kailas Market,1608,Urban,8.08,18.567836919028,73.9148139953613
2229,2989,Green Oaks Company,1609,Urban,8.28,18.566299,73.918503
2230,2990,Bekar Company,1610,Urban,8.14,18.5646,73.918297
2231,3012,Kharadi Bypass,1611,Urban,9.77,18.561478,73.938675
2232,3017,Sainath Nagar,1301,Urban,8.46,18.5388616142811,73.9344960451126
2233,3042,Kharadi Bypass,1612,Urban,9.76,18.561558,73.938522
2234,3055,Keshav Nagar,1613,Urban,9.4,18.5347367788107,73.9445382356644
2235,3056,Pawar Vasti Keshav Nagar,1614,Urban,9.04,18.533701,73.941299
2236,3057,Ganpati Mandir Keshav Nagar,1615,Urban,8.82,18.532905747144,73.9392784237862
2237,3058,Keshav Nagar Pul,1616,Urban,8.62,18.5322,73.9375
2238,3079,Kalpataru Society Koregaonpark,1617,Central,4.75,18.5394,73.897102
2239,3080,Kasturba Gandhi Shala,1618,Central,3.96,18.539499,73.888397
2240,1439,Alankar Talkies,1619,Central,2.23,18.5285,73.876099
2241,1320,Wadia College,1620,Central,2.99,18.5355,73.880203
2242,3082,Kasturba Gandhi Shala,1621,Central,3.97,18.5396,73.888496
2243,3075,Keshav Nagar Pul,1622,Urban,8.61,18.5322,73.937401
2244,3076,Ganpati Mandir Keshav Nagar,1615,Urban,8.81,18.5329337214629,73.9392033219338
2245,3077,Pawar Vasti Keshav Nagar,1614,Urban,9.03,18.5336864811454,73.9411479234696
2246,3078,Keshav Nagar,1613,Urban,9.39,18.5348,73.944504
2247,3067,Bhat Nagar Udaybaug,1623,Urban,5.45,18.509199,73.906998
2248,3068,Kalashankar,1624,Urban,5.25,18.5196,73.906502
2249,3069,Vatare Mala,1625,Urban,5.24,18.525101,73.906197
2250,3070,Pawar Baug,1626,Urban,5.25,18.526501,73.906097
2251,3071,Shirke Company Devki Palace,1627,Urban,5.28,18.5289,73.905998
2252,3072,Anant Talkies,1628,Central,4.92,18.529302118039,73.9023739099503
2253,3073,Pingle Vasti Mundhwa Road,1629,Urban,5.78,18.5306,73.9105
2254,3074,Farshi Karkhana,1630,Urban,6.16,18.5312,73.914001
2255,3059,Farshi Karkhana,1630,Urban,6.12,18.531,73.913696
2256,3060,Pingle Vasti Mundhwa Road,1631,Urban,5.78,18.530399,73.9105
2257,3061,Anant Talkies,1628,Central,4.93,18.5294,73.902496
2258,3062,Shirke Company Devki Palace,1627,Urban,5.3,18.5289,73.906197
2259,3063,Pawar Baug,1632,Urban,5.27,18.5264,73.906303
2260,3064,Vatare Mala,1625,Urban,5.26,18.525101,73.906303
2261,3065,Kalashankar,1624,Urban,5.26,18.5196047484633,73.9066198468208
2262,3066,Bhat Nagar Udaybaug,1623,Urban,5.46,18.5091946603202,73.9071536064148
2263,5173,Pabal Gaon,1633,Outer,40.06,18.8298274067742,74.0514738713108
2264,5175,Jain English School,1634,Outer,40.22,18.8291,74.055603
2265,5176,Kanhur Phata,1635,Outer,40.13,18.8277,74.056503
2266,5177,Tube Company,1636,Outer,39.75,18.824699,74.054703
2267,5178,Shriram Petrol Pump,1637,Outer,39.27,18.821899,74.050797
2268,5179,Poultry Farm Pabal Road,1638,Outer,38.86,18.818199,74.049698
2269,5180,Zilla Parishad Shala Thetewadi,1639,Outer,37.6,18.804001,74.051102
2270,5181,Panyachi Taki Thetewadi,1640,Outer,37.23,18.802099,74.047699
2271,5182,Chimangiri Ashram,1641,Outer,36.84,18.801399,74.041901
2272,5183,Thetevasti Pabal Road,1642,Outer,36.21,18.796499,74.039001
2273,5184,Akshada Mangal Karyalay,1643,Outer,35.33,18.7876,74.0382
2274,2817,Kendur Phata Kaman,1644,Outer,35.04,18.7827,74.0411
2275,5185,Tahe Vasti,1645,Outer,34.8,18.777882818228,74.044418334961
2276,2819,Sukrewadi Phata,1646,Outer,34.19,18.7685678777527,74.0482887625694
2277,2820,Parhadwadi Phata,1647,Outer,33.35,18.754801,74.0541
2278,5186,Zp School Parhadvasti,1648,Outer,32.4,18.7450242820063,74.0525990724564
2279,2822,Parhad Vasti,1649,Outer,32.08,18.741699,74.052002
2280,2823,Gondhale Vasti,1650,Outer,31.0,18.7306,74.050003
2281,2831,Maruti Mandir Karandi,1651,Outer,30.57,18.726101,74.049202
2282,2825,Panyachi Taki Karandi,1652,Outer,30.95,18.727699,74.052696
2283,2830,Karandi Phata,1653,Outer,30.14,18.7129113162904,74.0580064058304
2284,2829,Karnadi Gaon Kaman,1654,Outer,31.49,18.7264156609204,74.0616998076439
2285,2866,Karnadi Gaon,1655,Outer,31.72,18.729099,74.061897
2286,106732,Karnadi Gaon Kaman,1656,Outer,31.46,18.7263596967068,74.0614495319826
2287,2865,Karandi Phata,1653,Outer,30.11,18.7129951501212,74.05757188797
2288,2864,Panyachi Taki Karandi,1652,Outer,30.93,18.7276,74.052597
2289,5188,Canol Karandi Road,1657,Outer,30.37,18.7241269079992,74.0487045049668
2290,2833,Kendur Chaufula Kendur Road,1658,Outer,30.17,18.722,74.048302
2291,2834,Manjare Wadi Chaufula Road,1659,Outer,29.49,18.7152,74.0466
2292,2835,Vajewadi Phata,1660,Outer,28.67,18.7059,74.045601
2293,2836,Bhosale Vasti Kendur Road,1661,Outer,29.19,18.712,74.045998
2294,2837,Pazar Talav Chaufula Road,1662,Outer,28.43,18.703199,74.045303
2295,2838,Bhondve Vasti Kendur Road,1663,Outer,28.06,18.6989,74.044899
2296,2839,Anand Ashram Kendur Road,1664,Outer,27.55,18.693199,74.043999
2297,2840,Chaudhary Vasti Kendur Road,1665,Outer,26.86,18.6854,74.042801
2298,2841,Shivale Vasti Kendur Road,1666,Outer,26.77,18.6845,74.042603
2299,2842,Kalukh Shetmala,1667,Outer,26.46,18.680901,74.042099
2300,2843,Bhandari Vasti,1668,Outer,26.07,18.6763,74.041397
2301,2844,Vadhu Budruk,1669,Outer,25.12,18.665199,74.039597
2302,9068,Maher Sanstha,1670,Outer,25.3,18.6635945414797,74.0432113409043
2303,2846,Shaskiya Vishramdham Vadhu Budruk,1671,Outer,25.49,18.6624128971076,74.0464970469475
2304,2847,Zf Steering Company,1672,Outer,25.58,18.6588,74.050598
2305,2848,Industrial Company,1673,Outer,25.58,18.6556,74.053101
2306,2849,Phadtare Wasti,1674,Outer,25.58,18.6526392390914,74.0552785992623
2307,2850,Chatrapati Sambhaji High School,1675,Outer,25.59,18.6502,74.057198
2308,1319,Bundgarden,1676,Central,3.57,18.5402221268499,73.8832846283913
2309,2851,Chatrapati Sambhaji High School,1675,Outer,25.59,18.65,74.057297
2310,2852,Industrial Company,1677,Outer,25.58,18.6567,74.0522
2311,2853,Zf Steering Company,1678,Outer,25.58,18.660101,74.0495
2312,2854,Shaskiya Vishramdham Vadhu Budruk,1679,Outer,25.5,18.6622299320818,74.0468001365662
2313,2855,Maher Sanstha,1670,Outer,25.28,18.663601,74.042999
2314,2856,Vadhu Budruk,1680,Outer,25.1,18.6651,74.039497
2315,2857,Bhandari Vasti,1681,Outer,25.85,18.673901,74.040901
2316,2858,Kalukh Shetmala,1682,Outer,26.36,18.6798,74.041801
2317,2859,Chaudhary Vasti Kendur Road,1683,Outer,27.24,18.6898,74.043404
2318,2860,Anand Ashram Kendur Road,1664,Outer,27.55,18.6932879582868,74.0439596772194
2319,5252,Kendur Chaufula,1684,Outer,29.64,18.7166,74.047096
2320,2862,Canol Karandi Road,1685,Outer,30.23,18.7227,74.048302
2321,2863,Maruti Mandir Karandi,1651,Outer,30.58,18.7262607074779,74.0491443872452
2322,2868,Gondhale Vasti,1650,Outer,31.0,18.7306577736726,74.0499570965767
2323,2869,Parhad Vasti,1649,Outer,32.08,18.7417820454406,74.0519653880851
2324,5254,Zp School Parhadvasti,1648,Outer,32.4,18.7450217419894,74.052537381649
2325,5255,Parhadwadi Phata,1647,Outer,33.33,18.7546199003002,74.0540903806687
2326,2872,Sukrewadi Phata,1646,Outer,34.2,18.7687,74.048302
2327,5256,Tathe Vasti,1686,Outer,34.79,18.7777482276074,74.0445390343666
2328,5257,Akshada Mangal Karyalay,1687,Outer,35.31,18.787399,74.038101
2329,5258,Thetevasti Pabal Road,1688,Outer,36.86,18.8015,74.042099
2330,5259,Chimangiri Ashram,1689,Outer,37.23,18.802,74.047897
2331,5260,Panyachi Taki Thetewadi,1690,Outer,37.34,18.802099,74.049698
2332,5261,Zilla Parishad Shala Thetewadi,1691,Outer,38.81,18.8165,74.051804
2333,5263,Shriram Petrol Pump,1637,Outer,39.28,18.822001,74.050797
2334,5265,Kanhur Phata,1692,Outer,40.1,18.8272,74.056702
2335,5266,Jain English School,1693,Outer,40.2,18.8291,74.055397
2336,5267,Bhairavnath Vidyalaya Mandir Pabal,1550,Outer,40.08,18.8295,74.052399
2337,3121,Yewalewadi,1694,Urban,10.15,18.437099,73.896103
2338,3151,Kamthe Madhamik Vidhyalay,1695,Urban,10.2,18.4361,73.894897
2339,3150,Manapa Shala Yevlewadi,1696,Urban,10.17,18.435499,73.892502
2340,3152,Baupu Saheb Shelar Nagar,1697,Urban,10.11,18.4355428840785,73.8910979539366
2341,3153,Pansare Nagar,1698,Urban,10.09,18.4354512799625,73.8903093752529
2342,3154,Aantra Society,1699,Urban,9.96,18.4364615466149,73.8897514343262
2343,3155,Ashtvinayak Colony,1700,Urban,9.78,18.4377,73.888199
2344,3156,Shikshak Colony Kamthe Nagar,1701,Urban,9.6,18.439199,73.887497
2345,3157,Sai Krushn Society,1702,Urban,9.29,18.4417617510742,73.88647377491
2346,3143,Aanant Tilekar Chowk,1703,Urban,8.77,18.446501,73.885696
2347,3158,Tilekar Steel,1704,Urban,8.63,18.4478,73.885498
2348,3141,Metro Green Society,1705,Urban,8.38,18.449718112071,73.8843923807144
2349,3140,Iscon Mandir,1706,Urban,8.15,18.4502828769252,73.8792256732897
2350,3139,Vit College,1707,Urban,7.58,18.457001,73.883003
2351,3161,Gopinath Mundhe Vyayam Shala,1708,Urban,7.3,18.4589305640242,73.8810153980413
2352,3162,Swami Vivekananda Udyan,1709,Urban,6.74,18.4634065912895,73.8783656595517
2353,3826,Gangadham Corner,1710,Urban,5.25,18.4761,73.8739
2354,2905,Nhavare,1711,Outer,56.53,18.662701,74.371597
2355,2906,Mallika Arjun College Nhavare Road,1712,Outer,56.4,18.6651,74.369598
2356,2907,Swayamvar Lawns Nhavare Road,1713,Outer,55.7,18.664499,74.3629
2357,2908,Ganesh Nursery Nhavare Road,1714,Outer,55.15,18.665001,74.3573
2358,2909,Kute Vasti Chowk,1715,Outer,54.64,18.6664380819319,74.3516828080308
2359,2910,Yadav Wasti Nhavare Road,1716,Outer,54.41,18.6675,74.349098
2360,2911,Colpewasti Nhavare Road,1717,Outer,53.33,18.6707375969966,74.3371975421906
2361,2912,Khadi Machine Urlgaon,1718,Outer,52.81,18.671101,74.331902
2362,2943,Prathamesh Saptarang Society,1719,Outer,36.18,18.670401,74.161301
2363,2913,Swami Samarth Vajan Kata,1720,Outer,52.09,18.6733,74.323898
2364,2944,Mulewadi,1721,Outer,36.68,18.6721,74.165802
2365,2914,Girmkar Vasti Nhavare Road,1722,Outer,51.78,18.674801,74.320198
2366,2945,Zilla Parishad Shala Todkarwadi,1723,Outer,37.31,18.673,74.171997
2367,2915,Afle Phata,1724,Outer,50.24,18.6798,74.302803
2368,2946,Zilla Parishad Shala Malwadi,1725,Outer,38.03,18.6751,74.178497
2369,2916,Swaraj Hotel Nhavare Road,1726,Outer,49.43,18.682501,74.293404
2370,2947,Krushn Mandir Malwadi,1727,Outer,38.21,18.675699,74.180099
2371,2917,Shivshambho Krushi Kendr,1728,Outer,48.97,18.683599,74.2883
2372,2948,Pathare Poultry Farm Nhavare Road,1729,Outer,39.58,18.676701,74.194099
2373,2918,Zilla Parishad Shala Dhamdhere Basti,1730,Outer,48.67,18.6847331491321,74.2847093939781
2374,2949,Mhalunge Phata Nhavare Road,1731,Outer,40.69,18.6752,74.206596
2375,2919,Dahiwadi Phata,1732,Outer,47.85,18.684,74.276604
2376,2950,Homachi Wadi,1733,Outer,40.83,18.6752727079904,74.208005748042
2377,2920,Satkar Poultry Farm,1734,Outer,47.38,18.6830079065962,74.2722129821777
2378,2951,Chaudhary Basti Nhavare Road,1735,Outer,40.95,18.6752027994418,74.2092782129641
2379,2921,Parodi Phata,1736,Outer,46.3,18.6818619699597,74.2616906762123
2380,2952,Angel Ganable School,1737,Outer,41.46,18.675565532323,74.2143926024437
2381,2922,Yelevasti Nhavare Road,1738,Outer,45.63,18.679399,74.255898
2382,2953,Raghunandan Petrol Pump,1739,Outer,41.78,18.6753241388958,74.2178285121918
2383,2923,Shivtakrar Mhalangi Phata,1740,Outer,44.02,18.6761677440943,74.2406541109085
2384,2954,Gholapwadi,1741,Outer,42.05,18.674801,74.220901
2385,2924,Shivalevasti Nhavare Road,1742,Outer,43.72,18.6754,74.237999
2386,2955,Rahu Phata,1743,Outer,42.2,18.6747,74.222504
2387,2925,Zilla Parishad Shala Balobachi Wadi,1744,Outer,43.12,18.6752,74.231796
2388,2956,Vitthal Rukmeini Mandir Nhavare Road,1745,Outer,42.49,18.6749379085732,74.2253842949867
2389,2926,Madhla Mala Navhre Road,1746,Outer,42.69,18.6748616788003,74.2275354266167
2390,2957,Madhla Mala Navhre Road,1746,Outer,42.7,18.6749226626214,74.2276078462601
2391,2927,Vitthal Rukmeini Mandir Nhavare Road,1745,Outer,42.48,18.6749,74.225304
2392,2958,Zilla Parishad Shala Balobachi Wadi,1744,Outer,43.11,18.6752479092966,74.2317464947701
2393,2928,Rahu Phata,1747,Outer,42.18,18.6746304482794,74.2224043607712
2394,2959,Shivalevasti Nhavare Road,1742,Outer,43.71,18.675435942246,74.2378780245781
2395,2929,Gholapwadi,1741,Outer,42.03,18.6747,74.220802
2396,2960,Shivtakrar Mhalangi Phata,1740,Outer,44.0,18.676201,74.240501
2397,2930,Raghunandan Petrol Pump,1739,Outer,41.77,18.6752301223852,74.217858016491
2398,2961,Yelevasti Nhavare Road,1738,Outer,45.63,18.6794633546629,74.2558246850968
2399,3137,Swami Vivekananda Udyan,1748,Urban,6.7,18.4637501301967,73.8782852300983
2400,2931,Angel Ganable School,1737,Outer,41.46,18.6755096307774,74.2144918441773
2401,2962,Parodi Phata,1736,Outer,46.31,18.681999,74.261703
2402,3138,Gopinath Mundhe Vyayam Shala,1708,Urban,7.33,18.4587066564869,73.8812675099099
2403,2932,Chaudhary Basti Nhavare Road,1735,Outer,40.96,18.6751449846317,74.2093827717795
2404,2963,Satkar Poultry Farm,1734,Outer,47.39,18.6829164352203,74.2723551392555
2405,2933,Homachi Wadi,1733,Outer,40.84,18.6752231399022,74.2081424223612
2406,2964,Dahiwadi Phata,1732,Outer,47.86,18.6842,74.276703
2407,2934,Mhalunge Phata Nhavare Road,1749,Outer,40.67,18.6751,74.206398
2408,2965,Zilla Parishad Shala Dhamdhere Basti,1730,Outer,48.65,18.6848169969187,74.284502863884
2409,2935,Pathare Poultry Farm Nhavare Road,1729,Outer,39.58,18.6766251186935,74.1941338777542
2410,2966,Shivshambho Krushi Kendr,1728,Outer,48.98,18.683701,74.2883
2411,2936,Krushn Mandir Malwadi,1727,Outer,38.24,18.675699,74.180496
2412,2967,Swaraj Hotel Nhavare Road,1726,Outer,49.43,18.6826,74.293404
2413,2937,Zilla Parishad Shala Malwadi,1750,Outer,38.04,18.6751,74.178596
2414,2968,Afle Phata,1751,Outer,50.21,18.6798,74.302498
2415,3142,Tilekar Steel,1704,Urban,8.6,18.4479726802796,73.8854357600212
2416,2938,Zilla Parishad Shala Todkarwadi,1723,Outer,37.29,18.6728,74.171898
2417,2939,Mulewadi,1721,Outer,36.7,18.6720818096645,74.1660243272782
2418,2969,Swami Samarth Vajan Kata,1720,Outer,52.08,18.6732684687015,74.3237972259522
2419,3144,Sai Krushn Society,1702,Urban,9.28,18.4419,73.886497
2420,2940,Prathamesh Saptarang Society,1719,Outer,36.16,18.6703,74.161201
2421,2970,Khadi Machine Urlgaon,1718,Outer,52.83,18.6712,74.3321
2422,3145,Shikshak Colony Kamthe Nagar,1752,Urban,9.46,18.440399,73.8871
2423,2971,Colpewasti Nhavare Road,1717,Outer,53.34,18.6708087465165,74.3373209238053
2424,3146,Ashtvinayak Colony,1753,Urban,9.6,18.4391,73.887398
2425,2972,Yadav Wasti Nhavare Road,1716,Outer,54.42,18.667601,74.349197
2426,3147,Aantra Society,1699,Urban,9.99,18.4363215966105,73.8900974392891
2427,2973,Kute Vasti Chowk,1754,Outer,54.63,18.6665345858266,74.3515983618384
2428,3148,Pansare Nagar,1698,Urban,10.15,18.4349214614927,73.890399859013
2429,3149,Baupu Saheb Shelar Nagar,1755,Urban,10.14,18.4351817072307,73.8908819157365
2430,2974,Swayamvar Lawns Nhavare Road,1756,Outer,55.7,18.664560180231,74.3628340959549
2431,2975,Mallika Arjun College Nhavare Road,1757,Outer,56.39,18.6651116083151,74.3694940209389
2432,3109,Yewalewadi,1694,Urban,10.14,18.437201,73.896103
2433,3206,Traffic Police Chowky,1758,Urban,7.07,18.504601,73.9216
2434,3207,Quality Bakery,1759,Urban,7.05,18.5057405991212,73.9217045903206
2435,3208,Wanwadi Police Station,1760,Urban,6.63,18.5074193120141,73.9180621504784
2436,3209,Tata Honeywell Company,1761,Urban,6.45,18.5112650289104,73.9170777797699
2437,3210,Shinde Vasti Jahangir Nagar,1762,Urban,6.2,18.5161,73.915298
2438,3181,Jehangir Nagar,1763,Urban,6.23,18.5197013148493,73.9157367200538
2439,3182,Bhim Nagar Jahangirnagar Road,1764,Urban,5.67,18.519699,73.9105
2440,3183,Mitra Nagar,1765,Urban,5.58,18.5217,73.909599
2441,3184,Siporex Company Main Gate,1766,Urban,5.59,18.5238393087624,73.9095595479012
2442,3185,Kalyani Forge Mudhwa,1767,Urban,5.6,18.525,73.909599
2443,3186,Milind Nagar,1768,Urban,5.61,18.525801,73.909599
2444,3187,Bharat Forge Company,1769,Urban,5.6,18.528799,73.909103
2445,3188,Shakti Nagar,1770,Urban,5.23,18.529301,73.905403
2446,3198,Shakti Nagar,1771,Urban,5.25,18.5292,73.905602
2447,3199,Bharat Forge Company,1769,Urban,5.61,18.5289,73.909103
2448,3200,Milind Nagar,1768,Urban,5.62,18.525801,73.909698
2449,3201,Kalyani Forge Mudhwa,1767,Urban,5.61,18.525,73.909698
2450,3202,Siporex Company Main Gate,1766,Urban,5.59,18.5238037032101,73.9096185564995
2451,3203,Mitra Nagar,1765,Urban,5.57,18.5217818087358,73.90953540802
2452,3204,Bhim Nagar Jahangirnagar Road,1772,Urban,5.68,18.5198,73.910599
2453,3205,Jehangir Nagar,1763,Urban,6.22,18.519501,73.915703
2454,3213,Shinde Vasti Jahangir Nagar,1762,Urban,6.2,18.5159,73.915298
2455,3214,Tata Honeywell Company,1761,Urban,6.46,18.5112294207408,73.9171609282494
2456,3215,Wanwadi Police Station,1760,Urban,6.64,18.507299,73.918098
2457,3216,Quality Bakery,1759,Urban,7.05,18.5057609472558,73.9217984676361
2458,3167,Ganesh Peth,1773,Central,0.75,18.5161,73.862198
2459,3168,Alpana Talkies,1774,Central,0.86,18.5161,73.863503
2460,106822,Nana Peth,1775,Central,1.13,18.5153775546422,73.8660711783551
2461,3169,Chacha Halwai,1776,Central,1.42,18.5153345642355,73.8690178902666
2462,3170,Quarter Gate,1777,Central,1.62,18.5163162159402,73.8714480400086
2463,3171,Sachapir Street,1778,Central,1.88,18.5165,73.874001
2464,3172,Batliwala Haud,1779,Central,2.26,18.5172,73.877899
2465,3100,Lal Deoul,1780,Central,1.74,18.5202075121615,73.8732156157494
2466,3173,Sarbatwala Chowk,1781,Central,2.18,18.514999,73.876602
2467,3174,Sachapir Street,1778,Central,1.86,18.5164535573137,73.8738808035851
2468,3175,Quarter Gate,1777,Central,1.62,18.516399,73.871498
2469,3176,Chacha Halwai,1782,Central,1.29,18.5153598974157,73.8676686365703
2470,3177,Alpana Talkies,1774,Central,0.87,18.5161432673093,73.8635838031769
2471,3178,Sonya Maruti Chowk,1089,Central,0.61,18.5159702391787,73.8601121401469
2472,3217,Vadachi Wadi,1783,Urban,11.52,18.4345,73.917702
2473,3218,Gurukrupa Colony,1784,Urban,11.03,18.4403,73.918404
2474,3219,Ghule Vasti Undri Road,1785,Urban,10.7,18.4438,73.918098
2475,3220,Sarla Shahdadpuri Road,1786,Urban,10.51,18.445517,73.917519
2476,3221,Austriniya Classic,1787,Urban,10.35,18.447001,73.917099
2477,3222,Undrigaon,1788,Urban,9.97,18.4506696956502,73.9160987734795
2478,3223,Atur Nagar,1789,Urban,9.66,18.4533,73.914902
2479,3224,Punekar Vasti,1790,Urban,9.38,18.4554885966859,73.9134326577187
2480,3225,Hole Vasti Undri,1791,Urban,8.99,18.459,73.912102
2481,3226,Kad Vasti Undri,1792,Urban,8.83,18.4622,73.913696
2482,3227,Vedant Apartment,1793,Urban,8.53,18.4630932293454,73.9104902744293
2483,3228,Sangriya Apartment,1794,Urban,8.32,18.463284,73.907707
2484,3229,Kumar Properties,1795,Urban,8.14,18.463493,73.905258
2485,3230,Clovher Highland Society,1796,Urban,7.55,18.4672782255453,73.9012788803419
2486,3231,Clovher Plaza,1797,Urban,7.31,18.469278,73.90033
2487,3232,Dorabji Mall,1798,Urban,6.99,18.4723714934029,73.8994529843331
2488,3254,Nibm Corner,1799,Urban,6.46,18.476416,73.896782
2489,106823,Ujwal Park,1800,Urban,6.29,18.4772304086736,73.8951900288872
2490,3128,Datta Mandir Kondhwa,1801,Urban,6.02,18.4779477983312,73.8921107321784
2491,3129,Kausar Bag,1802,Urban,6.37,18.473499,73.891403
2492,3130,Parge Nagar,1803,Urban,6.71,18.469801,73.891296
2493,3088,Shital Petrol Pamp Kondhwa,1804,Urban,6.58,18.4697,73.888901
2494,3089,Kondhwa Khurd,1805,Urban,6.28,18.47301811168,73.8890996575356
2495,3090,Kondhwa Shala,1806,Urban,5.97,18.476801,73.889801
2496,3091,Uco Bank,1807,Urban,5.73,18.4804,73.890999
2497,3092,Kamela Kondhwa Road,1808,Urban,5.55,18.4825724084008,73.891082392787
2498,3093,Lulla Nagar,1809,Urban,5.19,18.485399,73.889297
2499,3094,Netaji Nagar,1810,Urban,5.24,18.4882937274422,73.8930639624596
2500,3101,Shinde Chhatri,1811,Urban,5.04,18.492399,73.894302
2501,3096,Wanwadi Bazar,1812,Central,4.88,18.4951617852268,73.8945204019547
2502,3097,Wanwadi Corner,1813,Central,4.68,18.499201,73.894997
2503,3135,Military Hospital Vanawadi,1814,Central,4.13,18.5018845840417,73.8906499743462
2504,3099,Limb Center,1815,Central,3.75,18.5039194313592,73.8877156376839
2505,3136,Limb Center,1815,Central,3.76,18.503922,73.887856
2506,3131,Wanwadi Corner,1816,Central,4.8,18.498093,73.895676
2507,3132,Wanwadi Bazar,1812,Central,4.88,18.4952838816185,73.8946437835694
2508,3095,Shinde Chhatri,1811,Urban,5.04,18.4924934502972,73.894391655922
2509,3134,Netaji Nagar,1810,Urban,5.25,18.4881818014129,73.893147110939
2510,3102,Lulla Nagar,1817,Urban,5.19,18.4856,73.889503
2511,3103,Kamela Kondhwa Road,1808,Urban,5.56,18.4826232949063,73.8912109943225
2512,3104,Uco Bank,1807,Urban,5.77,18.480101,73.891098
2513,3105,Kondhwa Shala,1806,Urban,5.97,18.476999,73.889999
2514,3107,Shital Petrol Pamp Kondhwa,1818,Urban,6.64,18.4691475503855,73.8890328817957
2515,3256,Sangriya Apartment,1794,Urban,8.32,18.463417,73.907898
2516,3257,Vedant Apartment,1793,Urban,8.49,18.463165,73.910042
2517,3258,Kad Vasti Undri,1792,Urban,8.84,18.4622918203187,73.913848400116
2518,3259,Hole Vasti Undri,1791,Urban,9.01,18.4587910179402,73.9121773838997
2519,3260,Punekar Vasti,1819,Urban,9.37,18.4556030885454,73.9134487509728
2520,3261,Atur Nagar,1789,Urban,9.65,18.4534,73.914902
2521,3262,Austriniya Classic,1787,Urban,10.33,18.4473,73.917198
2522,3263,Ghule Vasti Undri Road,1785,Urban,10.68,18.444,73.918098
2523,3264,Vadachi Wadi,1820,Urban,11.17,18.4387,73.918404
2524,3242,Parmar Nagar,1821,Urban,5.07,18.5022177917129,73.9007806777954
2525,3241,Shiwarkar Garden,1822,Urban,5.22,18.4981,73.900299
2526,3240,Jambhulkar Nagar,1823,Urban,5.38,18.494801,73.900002
2527,3278,Jagtap Chowk,1824,Urban,5.5,18.4927808897085,73.8999518752098
2528,3238,Kedari Nagar Chowk,1825,Urban,5.94,18.486601,73.900299
2529,3279,Kedari Nagar,1826,Urban,6.05,18.4852169754011,73.900419265252
2530,3236,Abc Farm,1827,Urban,6.32,18.481701,73.900597
2531,3253,Salunke Vihar,1828,Urban,6.72,18.4811430236752,73.9051902294159
2532,3234,Holkar Chowk,1829,Urban,6.58,18.48008,73.902397
2533,3271,Siddharth Nagar,1830,Urban,6.93,18.477699,73.904602
2534,3270,Surya Society,1831,Urban,7.1,18.4778,73.906898
2535,3269,Sainik Vihar Nagar,1832,Urban,7.24,18.4774,73.908302
2536,3268,Ilina Tower Gate No 2,1833,Urban,7.42,18.4757,73.908997
2537,3267,Shankarao Ghule Chowk,1834,Urban,7.77,18.4723,73.910202
2538,3266,Imperial Blue Tower,1835,Urban,8.07,18.4715,73.9132
2539,3265,Bhangire Nagar Mahamadwadi,1836,Urban,8.27,18.471001,73.915298
2540,3272,Holkar Chowk,1837,Urban,6.77,18.477501,73.902199
2541,3235,Salunke Vihar,1828,Urban,6.73,18.4811,73.905296
2542,3275,Kedari Nagar Chowk,1825,Urban,5.93,18.486601,73.9002
2543,3251,Jagtap Chowk,1838,Urban,5.58,18.4916944466167,73.9001320003297
2544,3250,Jambhulkar Nagar,1823,Urban,5.39,18.494843546153,73.9000999408795
2545,3249,Shiwarkar Garden,1822,Urban,5.22,18.498425009886,73.900427081937
2546,3276,Parmar Nagar,1839,Urban,5.04,18.503029188556,73.9008021354675
2547,467,Mg Road Pune Camp,1840,Central,2.48,18.5156444830717,73.8796777559026
2548,2253,Lohegaon Khandoba Mal,1841,Suburban,12.32,18.6085,73.927597
2549,2254,Jaibaba Washing Center,1842,Suburban,12.0,18.605101,73.9272
2550,2255,Dharmvir Shambhuraje Chowk,1843,Urban,11.81,18.6029,73.927299
2551,3280,Kendriya Vidyalaya Burma Cell,1844,Urban,8.22,18.5795,73.903503
2552,3356,Gokul Nagar Narhe Road,1845,Urban,8.13,18.4602818159205,73.8127720408583
2553,3350,Datta Mandir Narhe Road,1846,Urban,8.08,18.4594,73.815002
2554,3357,Surbhi,1847,Urban,8.1,18.4568,73.819298
2555,3338,Dhayareshwar Industries,1848,Urban,8.11,18.456699,73.819298
2556,3347,Bhargaon Industries,1849,Urban,8.28,18.454399,73.820396
2557,3289,Manaji Nagar,1850,Urban,8.18,18.4534735288291,73.8244852423668
2558,3359,Jk Industries,1851,Urban,8.06,18.453199,73.828003
2559,3360,Shree Industries,1852,Urban,8.23,18.4510513452592,73.8293641805649
2560,3287,Shree Industries,1852,Urban,8.22,18.451099,73.829498
2561,3288,Jk Industries,1851,Urban,8.06,18.4531631249378,73.8280633091927
2562,3348,Dhayareshwar Industries,1848,Urban,8.1,18.4568,73.819298
2563,3349,Surbhi,1853,Urban,8.14,18.4561,73.819801
2564,3351,Gokul Nagar Narhe Road,1845,Urban,8.12,18.4604880294436,73.8126600606043
2565,1229,Dharmvir Shambhuraje Chowk,1843,Urban,11.82,18.603012,73.927231
2566,2267,Jaibaba Washing Center,1842,Urban,11.99,18.6050030308967,73.9271521568298
2567,1231,Lohegaon Khandoba Mal,1854,Suburban,12.3,18.608414,73.92746
2568,3361,Na Ta Wadi,1855,Central,1.81,18.5348,73.848701
2569,466,Tupe Hospital,299,Urban,8.64,18.500999,73.935997
2570,3444,Ramdara,1856,Suburban,18.38,18.464726565993,74.0208604931832
2571,3445,Keskar Vasti,1857,Suburban,18.24,18.4663191813089,74.0200075507164
2572,3446,Kolpe Vasti Lonikalbhor Road,1858,Suburban,18.08,18.4674,74.018799
2573,3447,Zilla Parishad Shala Nande Patil Vasti,1859,Suburban,18.06,18.4685,74.018997
2574,3448,Sidramnagar,1860,Suburban,18.13,18.470501,74.020401
2575,3449,Phule Vasti,1861,Suburban,18.3,18.473101,74.022903
2576,3450,Tarwadi Ranamala,1862,Suburban,18.44,18.4755,74.025002
2577,3451,Ambernath Mandir Loni,1863,Suburban,18.44,18.4804383668513,74.0264341235161
2578,3452,Chhatrapati Shivaji Udyan Loni,1864,Suburban,18.28,18.4825523286335,74.0254443883896
2579,3453,Loningaon,1865,Suburban,18.24,18.484699,74.025497
2580,3418,Lonigaon Phata,1866,Suburban,18.34,18.4887668690641,74.0273916721344
2581,3419,Loni Station,1867,Suburban,17.74,18.4891,74.021698
2582,3420,Kadam Vasti Loni,1868,Suburban,17.49,18.489401,74.019302
2583,3421,Fuel Depot,1869,Suburban,17.01,18.490101,74.014801
2584,3422,Wak Vasti Solapur Road,1870,Suburban,16.27,18.490999,74.007896
2585,3423,Kawdi Rasta,1871,Suburban,15.55,18.491899,74.001099
2586,3424,Kawdipat,1872,Suburban,14.76,18.493,73.993698
2587,3425,Kuran Farm,1873,Suburban,14.24,18.4937,73.9888
2588,3426,Fursungigaon Phata Solapur Road,1874,Suburban,13.7,18.4944470113091,73.9837038516998
2589,3427,Manjari Farm,1875,Suburban,12.93,18.4954593948397,73.9764350652695
2590,3428,Rambaug Shewalvadi Depot,1876,Suburban,12.43,18.4961314310472,73.971773423102
2591,3429,Rambaug Shewalvadi Depot,1876,Suburban,12.43,18.4962516644017,73.9717892452045
2592,3759,Manjari Farm,1877,Suburban,12.92,18.4956532223531,73.9764512009989
2593,3431,Fursungigaon Phata Solapur Road,1878,Suburban,13.68,18.4946,73.983597
2594,3432,Kuran Farm,1879,Suburban,14.07,18.494101,73.987198
2595,3433,Kawdipat,1872,Suburban,14.79,18.493099,73.994003
2596,3434,Kawdi Rasta,1871,Suburban,15.48,18.4923,74.000504
2597,3435,Wak Vasti Solapur Road,1870,Suburban,16.3,18.491199,74.008202
2598,3436,Fuel Depot,1880,Suburban,16.76,18.490601,74.012497
2599,3437,Kadam Vasti Loni,1881,Suburban,17.48,18.489599,74.019302
2600,3438,Loni Station,1867,Suburban,17.73,18.4893,74.021599
2601,3439,Lonigaon Phata,1866,Suburban,18.35,18.489,74.027496
2602,3454,Loningaon,1882,Suburban,18.25,18.4846713520051,74.0256375074387
2603,3455,Chhatrapati Shivaji Udyan Loni,1883,Suburban,18.29,18.4825,74.025497
2604,3456,Ambernath Mandir Loni,1884,Suburban,18.45,18.4804002084568,74.0265199542046
2605,3457,Tarwadi Ranamala,1862,Suburban,18.45,18.4755209518614,74.025157392025
2606,3458,Phule Vasti,1861,Suburban,18.32,18.473101,74.023102
2607,3459,Sidramnagar,1885,Suburban,18.14,18.4704100485821,74.0204313397408
2608,3460,Zilla Parishad Shala Nande Patil Vasti,1859,Suburban,18.07,18.4685,74.019096
2609,3461,Keskar Vasti,1857,Suburban,18.25,18.4662504903827,74.0200531482697
2610,3462,Ramdara,1856,Suburban,18.39,18.464701,74.020897
2611,3463,Wagholi Bazar Tal,1886,Suburban,15.06,18.580299,73.984802
2612,3464,Satav Park,1887,Suburban,14.96,18.573601,73.987
2613,3465,Snehalay Apang Shala,1888,Suburban,14.78,18.5676,73.987801
2614,3466,Vithai Warehouse,1889,Suburban,14.53,18.561701,73.987503
2615,3467,Avahalwadi,1890,Suburban,14.38,18.5569,73.987602
2616,3468,Savli Hotel,1891,Suburban,14.34,18.553101,73.988297
2617,3469,Holi Angel Shala,1892,Suburban,14.28,18.5455,73.989502
2618,3470,Chintamani Society Manjri Road,1893,Suburban,14.28,18.542299,73.990196
2619,3471,Sairatna Hotel,1894,Suburban,14.22,18.540001,73.989998
2620,3472,Mayuresh Automobiles,1895,Suburban,14.18,18.5377833683706,73.9899185299873
2621,3473,Manjari Khurd,1896,Suburban,14.2,18.528099,73.991096
2622,3474,Annasaheb Magar Vidyalay,1897,Suburban,14.09,18.5263,73.990196
2623,3475,Maruti Mandir Wes Manjri,1898,Suburban,13.68,18.524599,73.986397
2624,3476,Belhekar Vasti,1899,Suburban,12.84,18.5186,73.9785
2625,3477,Rangicha Odha,1900,Suburban,12.63,18.5171936727402,73.9764431118965
2626,3478,Railway Crossing Manjri,1901,Suburban,12.06,18.513399,73.970802
2627,3479,Gopal Patti,1902,Urban,11.68,18.5121,73.967102
2628,3480,Dhere Bungalow,1903,Urban,11.25,18.5107,73.962898
2629,3481,Ganesh Mandir Manjri Road,1904,Urban,10.73,18.5082573759975,73.9576267405027
2630,3816,Ghule Vasti Manjari Road,1905,Urban,10.58,18.507734725764,73.9561696363724
2631,3482,Mahadev Nagar Manjari,1906,Urban,10.4,18.506901,73.9543
2632,3483,Annasaheb Magar College,1907,Urban,10.43,18.5035175507753,73.9540010690689
2633,3581,Dhangar Vasti,1908,Suburban,13.1,18.4494204229995,73.9558973908425
2634,3582,Oswal Mala,1909,Suburban,13.0,18.451799,73.956497
2635,3583,Khandoba Mandir Devachi Uruli,1910,Suburban,12.9,18.453501,73.956596
2636,3584,Uruli Devachi,1911,Suburban,12.69,18.4562,73.9562
2637,3585,Bhaji Mandai Devachi Uruli,1912,Suburban,12.93,18.4559160323594,73.9586788415909
2638,3586,Raut Vasti,1913,Suburban,13.11,18.456499,73.961197
2639,3587,Bahiratwadi Devachi Urali,1914,Suburban,13.28,18.456699,73.963203
2640,3588,Uruli Devachi Phata,1915,Suburban,13.3,18.459499,73.965202
2641,3899,Hotel Shree Pure Veg / Shree Pure Veg,1916,Suburban,12.99,18.462601,73.963699
2642,3590,Mantarwadi,1917,Suburban,12.66,18.4659,73.962097
2643,3552,Navlakha Godown,1918,Suburban,12.31,18.4699,73.960602
2644,3553,Power House Fursungi,1919,Urban,11.67,18.4763858979197,73.9571821689606
2645,3554,Bhosale Garden Saswad Road,1920,Urban,11.39,18.479401,73.955704
2646,3555,Suiba Mangal Karyalay,1921,Urban,11.17,18.4819621517939,73.9545428752899
2647,3556,Suiba Mangal Karyalay,1921,Urban,11.19,18.4818,73.954697
2648,3557,Bhosale Garden Saswad Road,1920,Urban,11.43,18.479099,73.956001
2649,3558,Power House Fursungi,1919,Urban,11.68,18.4763630023429,73.95726531744
2650,3559,Navlakha Godown,1922,Suburban,12.5,18.4676497582434,73.961419405088
2651,4392,Mantarwadi,1917,Suburban,12.66,18.466024,73.962204
2652,3592,Shree Pure Veg,1923,Suburban,13.02,18.4625,73.963997
2653,3593,Uruli Devachi Phata,1915,Suburban,13.31,18.459499,73.965401
2654,3594,Bahiratwadi Devachi Urali,1914,Suburban,13.28,18.4567174711556,73.9632627367973
2655,3595,Raut Vasti,1913,Suburban,13.09,18.4564,73.960899
2656,3596,Bhaji Mandai Devachi Uruli,1912,Suburban,12.93,18.4558397045749,73.9586681127548
2657,3597,Uruli Devachi,1911,Suburban,12.72,18.455999,73.956398
2658,3598,Dhangar Vasti,1908,Suburban,13.11,18.4492626731448,73.9558839797974
2659,3484,Annasaheb Magar College,1907,Urban,10.44,18.504,73.954201
2660,3485,Mahadev Nagar Manjari,1906,Urban,10.41,18.5069894613216,73.9544168114662
2661,3819,Ghule Vasti Manjari Road,1905,Urban,10.57,18.507864,73.95607
2662,3486,Ganesh Mandir Manjri Rd,1924,Urban,10.72,18.5083406696955,73.9575261563497
2663,3487,Dhere Bungalow,1903,Urban,11.23,18.5107,73.9627
2664,3488,Gopal Patti,1902,Urban,11.68,18.512199,73.967102
2665,3489,Railway Crossing Manjri,1925,Urban,11.95,18.513,73.969803
2666,3490,Rangicha Odha,1900,Suburban,12.61,18.5171377191803,73.9762473106384
2667,3491,Belhekar Vasti,1926,Suburban,12.85,18.5186764375444,73.9785432815552
2668,3492,Maruti Mandir Wes Manjri,1927,Suburban,13.7,18.5245361573517,73.9865738153458
2669,3493,Annasaheb Magar Vidyalay,1897,Suburban,14.09,18.5261994265495,73.9901545643807
2670,3494,Manjari Khurd,1896,Suburban,14.19,18.5279211730385,73.9910504221916
2671,3495,Mayuresh Automobiles,1895,Suburban,14.17,18.5376892760026,73.9898675680161
2672,3496,Sairatna Hotel,1894,Suburban,14.2,18.5397,73.989799
2673,3497,Chintamani Society Manjri Road,1893,Suburban,14.27,18.542101,73.990097
2674,3440,Rama Krushi Rasayan Karkhana,1928,Suburban,18.92,18.488899,74.032997
2675,3441,Malyacha Mala,1929,Suburban,19.82,18.488899,74.041702
2676,3442,Borkar Vasti,1930,Suburban,20.27,18.4888,74.045998
2677,3443,Tamhane Vasti,1931,Suburban,20.55,18.4888,74.048698
2678,3391,Theur Phata,1932,Suburban,20.83,18.4888,74.051399
2679,3392,Green Acres,1933,Suburban,20.67,18.4954441328209,74.0509736537933
2680,3393,Panhale Farm,1934,Suburban,20.5,18.497999,74.049698
2681,3394,Kunjirmala,1935,Suburban,20.28,18.4979419983926,74.0475618839264
2682,3395,Kamble Vasti,1936,Suburban,19.94,18.501801,74.0448
2683,3396,Kunjir Vihir,1937,Suburban,19.91,18.506201,74.044899
2684,3397,Gosavi Vasti Theur Road,1938,Suburban,19.88,18.5168,74.045197
2685,3367,Zilla Parishad Shala Kesnand,1939,Suburban,18.34,18.5720111727686,74.0219528326662
2686,3398,Power House Theur,1940,Suburban,20.02,18.5202939844054,74.0465775132179
2687,3368,Kalubai Mandir Kesnand,1941,Suburban,18.21,18.5699777686672,74.0213003754616
2688,3399,Theur Gaon,1942,Suburban,20.01,18.5224939253176,74.0464675426483
2689,3369,O X Y Residency,1943,Suburban,18.15,18.5679564206934,74.0214237570763
2690,3400,Theur Factory,1944,Suburban,19.8,18.5232925095842,74.0444424748421
2691,3370,Patil Vasti Kesnand Road,1945,Suburban,18.14,18.563394951386,74.0227273106575
2692,3380,Smashan Bhumi Theur,1946,Suburban,18.95,18.5284,74.036201
2693,3371,Ganeshnagar Kesnand Road,1947,Suburban,18.14,18.559601,74.023697
2694,3401,Kolawadi,1948,Suburban,18.74,18.5290528875239,74.0341857075691
2695,106674,Jadhav Vasti Kesnand Road,1949,Suburban,18.26,18.5553276717629,74.0259173753657
2696,3402,Bhimnagar Kolawadi,1950,Suburban,18.78,18.531799,74.034401
2697,3373,Shumbhakar Park,1951,Suburban,18.37,18.5494682397448,74.0282392501831
2698,3403,Malwadi Kesnand Road,1952,Suburban,18.61,18.5341900145654,74.0325763821602
2699,3374,Gaikwad Mala Kolwadi,1953,Suburban,18.48,18.5463303136488,74.0298646688461
2700,3404,Sashte Phata,1954,Suburban,18.59,18.5399,74.031799
2701,3375,Zilla Parishad Shala Undre Vasti,1955,Suburban,18.52,18.542772740988,74.0307739377022
2702,3405,Zilla Parishad Shala Undre Vasti,1955,Suburban,18.51,18.542801,74.030701
2703,3376,Sashte Phata,1954,Suburban,18.59,18.5400059712814,74.031822681427
2704,3406,Gaikwad Mala Kolwadi,1953,Suburban,18.48,18.5462057109326,74.029840528965
2705,3377,Malwadi Kesnand Road,1952,Suburban,18.61,18.5342815659228,74.0325790643692
2706,3407,Shumbhakar Park,1951,Suburban,18.37,18.5492775246505,74.0282607078552
2707,3378,Bhimnagar Kolawadi,1950,Suburban,18.79,18.531824920757,74.0344673395157
2708,3379,Kolawadi,1948,Suburban,18.74,18.5289486174291,74.0342447161675
2709,3409,Ganeshnagar Kesnand Road,1956,Suburban,18.13,18.559299,74.023697
2710,3410,Patil Vasti Kesnand Road,1945,Suburban,18.14,18.5632,74.022697
2711,3381,Theur Factory,1944,Suburban,19.8,18.5233535477187,74.0444827079773
2712,3411,O X Y Residency,1943,Suburban,18.15,18.567875057916,74.021375477314
2713,3382,Theur Gaon,1957,Suburban,20.01,18.5227151894847,74.0464273095131
2714,3412,Kalubai Mandir Kesnand,1941,Suburban,18.19,18.5698328426342,74.0211823582649
2715,3383,Power House Theur,1940,Suburban,20.03,18.5203168741873,74.0466687083244
2716,3413,Zilla Parishad Shala Kesnand,1939,Suburban,18.35,18.572177697969,74.021969572147
2717,3384,Gosavi Vasti Theur Road,1938,Suburban,19.9,18.5173,74.045403
2718,3385,Kunjir Vihir,1958,Suburban,19.87,18.511999,74.044899
2719,3386,Kamble Vasti,1936,Suburban,19.95,18.5019,74.044899
2720,3387,Kunjirmala,1935,Suburban,20.29,18.4980157638063,74.0477147698403
2721,3388,Panhale Farm,1934,Suburban,20.54,18.4981,74.050102
2722,3389,Green Acres,1959,Suburban,20.67,18.4955967528706,74.0510219335556
2723,3390,Theur Phata,1932,Suburban,20.81,18.4886,74.051201
2724,3414,Tamhane Vasti,1960,Suburban,20.49,18.488701,74.048103
2725,3415,Borkar Vasti,1930,Suburban,20.23,18.4886,74.045601
2726,3416,Malyacha Mala,1929,Suburban,19.81,18.488701,74.041603
2727,3417,Rama Krushi Rasayan Karkhana,1928,Suburban,18.88,18.4888,74.0326
2728,3539,Undrigaon,1788,Urban,9.95,18.450695138989,73.9158573746681
2729,3649,Vaddhara Bandhara,1961,Urban,8.8,18.4657,73.917
2730,3650,Telephone Exchange,1962,Urban,8.91,18.4666168408429,73.9193925261498
2731,3651,Mohammadwadi Shala,1963,Urban,8.86,18.468201,73.920197
2732,3652,Mohammadwadigaon,1964,Urban,8.84,18.4699165039084,73.9214605093002
2733,3653,Desai Hospital,1965,Urban,8.8,18.473101,73.923599
2734,3654,Tarawade Vasti,1966,Urban,8.72,18.4758,73.924698
2735,3655,Dada Gujar Shala,1967,Urban,8.66,18.477523041054,73.9252638816834
2736,3505,Wadkarmala,1968,Urban,8.73,18.4798023924242,73.9275625348091
2737,3506,Harihareshwar Mandir,1969,Urban,8.74,18.482599,73.929398
2738,3507,Sayyad Nagar,1970,Urban,8.7,18.484699,73.930099
2739,3508,Chintamani Nagar Sasane Nagar,1971,Urban,8.73,18.487301,73.931801
2740,3509,Shivaji Maharaj Putla Sasane Nagar,1972,Urban,8.53,18.492901,73.932198
2741,3510,Kale Colony,1973,Urban,8.5,18.4948997865926,73.9326533675194
2742,3511,Canol,1974,Urban,8.46,18.497499,73.933197
2743,3512,Bhaji Market Hadapsar,1975,Urban,8.54,18.5014,73.935204
2744,3513,Bhaji Market Hadapsar Rd Inn,1976,Urban,8.53,18.501101,73.934998
2745,3514,Canol,1977,Urban,8.49,18.4958,73.932899
2746,3515,Kale Colony,1973,Urban,8.51,18.4946,73.932701
2747,3516,Shivaji Maharaj Putla Sasane Nagar,1978,Urban,8.53,18.4935,73.932503
2748,3517,Sasane Nagar,1979,Urban,8.57,18.491579202777,73.9320686932903
2749,3518,Chintamani Nagar Sasane Nagar,1971,Urban,8.73,18.487499,73.9319
2750,3519,Ganga Village,1980,Urban,8.9,18.483601,73.931602
2751,3656,Shriram Chowk,1981,Urban,8.98,18.4814174190811,73.9313182868056
2752,3657,Hp Gas,1982,Urban,8.86,18.480801,73.929604
2753,3658,Wadkarmala,1968,Urban,8.74,18.4798227437176,73.9276430010796
2754,3659,Dada Gujar Shala,1983,Urban,8.67,18.4774,73.925301
2755,3660,Tarawade Vasti,1966,Urban,8.73,18.4757066611749,73.9247462153435
2756,3661,Desai Hospital,1965,Urban,8.81,18.473,73.923698
2757,3662,Mohammadwadigaon,1984,Urban,8.85,18.469801,73.921501
2758,3663,Mohammadwadi Shala,1963,Urban,8.86,18.4680237211815,73.9200469851494
2759,3664,Telephone Exchange,1962,Urban,8.92,18.4665888559212,73.9194649457932
2760,3665,Vaddhara Bandhara,1961,Urban,8.81,18.465599,73.917
2761,3666,Gurukrupa Colony,1784,Urban,11.04,18.4396,73.917503
2762,3530,Hill View Society,1985,Urban,8.03,18.4529,73.883698
2763,3531,Smashan Bhumi Thosar Nagar,1986,Urban,8.01,18.453899,73.886002
2764,3532,Thosar Nagar,1987,Urban,8.15,18.4536,73.888397
2765,3113,Khadi Machine Katraj Kondhwa Road,1988,Urban,8.42,18.4521402349368,73.8912741893935
2766,3533,Hanuman Mandir Pisoli,1989,Urban,8.87,18.4511302194997,73.8983184099198
2767,3534,Dagade Farm,1990,Urban,9.13,18.4501,73.901398
2768,3535,Bharat Petrol Pump,1991,Urban,9.41,18.4491,73.9048
2769,3536,Matoshree Garden,1992,Urban,9.49,18.4492423183819,73.9063757658005
2770,3760,Balaji Park Pisoli,1993,Urban,9.57,18.4494916649347,73.9081916213036
2771,3538,Ambekar Hotel,1994,Urban,9.69,18.450001,73.910896
2772,3540,Shivparvati Garden,1995,Urban,10.17,18.451401,73.919998
2773,3541,Mayuri Wajankata,1996,Urban,10.49,18.4533,73.926598
2774,3542,Mayuri Mangal Karyalay,1997,Urban,10.68,18.4541,73.93
2775,3543,Handewadi Chowk,1998,Urban,10.79,18.455412268789,73.9327016472817
2776,3544,Sundar Society,1999,Urban,10.97,18.456699,73.936096
2777,3545,Samrudhi Hotel,2000,Urban,11.24,18.457399,73.940002
2778,3546,Green Park Hotel,2001,Urban,11.41,18.4573,73.942001
2779,3547,Dongar Matha Jambhle Wasti,2002,Urban,11.74,18.457701,73.946297
2780,3548,Pawan Khind Adarshnagar Phata,2003,Urban,11.83,18.461399,73.949997
2781,3549,Lucky Wajankata,2004,Urban,11.91,18.4645,73.953003
2782,3550,Kachara Depot Devachi Urali,2005,Suburban,12.07,18.4665176210039,73.9560180902481
2783,3551,Saswad Road Corner,2006,Suburban,12.71,18.4653,73.962303
2784,3560,Saswad Road Corner,2006,Suburban,12.7,18.465099,73.962097
2785,3561,Kachara Depot Devachi Urali,2007,Suburban,12.1,18.4664285775874,73.9563345909119
2786,3562,Lucky Wajankata,2004,Urban,11.92,18.4645,73.953102
2787,3563,Pawan Khind Adarshnagar Phata,2003,Urban,11.85,18.461201,73.950104
2788,3564,Dongar Matha Jambhle Wasti,2002,Urban,11.76,18.4576,73.946404
2789,3565,Green Park Hotel,2001,Urban,11.4,18.457199,73.941803
2790,3566,Samrudhi Hotel,2008,Urban,11.22,18.457508729435,73.9399436116219
2791,3567,Sundar Society,1999,Urban,10.99,18.4566,73.936302
2792,3568,Handewadi Chowk,1998,Urban,10.8,18.4553741049054,73.9328303933144
2793,3569,Mayuri Mangal Karyalay,1997,Urban,10.69,18.453899,73.929901
2794,3570,Mayuri Wajankata,2009,Urban,10.49,18.4531402261069,73.9264038205147
2795,3571,Shivparvati Garden,2010,Urban,10.24,18.4519,73.9216
2796,3572,Ambekar Hotel,1994,Urban,9.7,18.4497562772894,73.9107316732407
2797,3573,Balaji Park Pisoli,1993,Urban,9.58,18.4493975238248,73.9081406593323
2798,3574,Matoshree Garden,1992,Urban,9.5,18.4491,73.906303
2799,3575,Bharat Petrol Pump,1991,Urban,9.41,18.448999,73.904602
2800,3576,Dagade Farm,1990,Urban,9.12,18.4500870421594,73.9012876152992
2801,3577,Hanuman Mandir Pisoli,2011,Urban,8.88,18.451036079288,73.8985008001328
2802,3118,Khadi Machin,2012,Urban,8.48,18.4516006934332,73.8913321595945
2803,3578,Thosar Nagar,1987,Urban,8.15,18.453501,73.888298
2804,3579,Smashan Bhumi Thosar Nagar,1986,Urban,8.03,18.4538,73.8862
2805,3580,Hill View Society,1985,Urban,8.04,18.4527,73.883598
2806,3520,Siddhi Vinayak Vihar,2013,Urban,9.03,18.480499,73.931297
2807,3521,E C P Coloney,2014,Urban,9.1,18.4792,73.931297
2808,3522,Satav Nagar,2015,Urban,9.37,18.474899,73.931503
2809,3524,Jspm College,2016,Urban,9.49,18.4733254953062,73.9317762851715
2810,3778,Floriya Society,2017,Urban,9.87,18.469101,73.933098
2811,3780,Girls Hostel,2018,Urban,10.05,18.4671994383829,73.9337396621704
2812,3781,Ramya Nagari,2019,Urban,10.17,18.4659,73.934196
2813,3782,Tuljabhavani Mangal Karyalaya,2020,Urban,10.5,18.461,73.934097
2814,3783,Handewadigaon,2021,Urban,10.98,18.452999,73.9328
2815,3784,Sanket Vihar Handewadi,2022,Urban,11.65,18.445499,73.933998
2816,3785,Autadewadi Phata,2023,Urban,11.97,18.443247712804,73.9358881115914
2817,3786,Mauli Nagar Holkarwadi,2024,Suburban,12.21,18.441601,73.937302
2818,3787,Holkarwadi,2025,Suburban,12.63,18.4380417014074,73.9391362667084
2819,3770,Holkarwadi,2025,Suburban,12.63,18.438101,73.939201
2820,3771,Mauli Nagar Holkarwadi,2024,Suburban,12.19,18.4417184951464,73.9371943473816
2821,3772,Autadewadi Phata,2023,Urban,11.95,18.4433,73.935699
2822,3773,Sanket Vihar Handewadi,2022,Urban,11.68,18.445299,73.934097
2823,3774,Handewadigaon,2021,Urban,10.97,18.452999,73.932701
2824,3775,Tuljabhavani Mangal Karyalaya,2020,Urban,10.5,18.4609001581567,73.934021294117
2825,3776,Ramya Nagari,2019,Urban,10.17,18.465799,73.934097
2826,3777,Girls Hostel,2018,Urban,10.04,18.4672833932238,73.9336538314819
2827,3498,Jspm College,2016,Urban,9.52,18.4729362632941,73.9318004248889
2828,3500,Satav Nagar,2026,Urban,9.25,18.476801,73.931396
2829,3501,E C P Coloney,2014,Urban,9.09,18.479311418768,73.9312317967415
2830,3502,Siddhi Vinayak Vihar,2027,Urban,9.02,18.4806,73.931198
2831,3503,Shriram Chowk,2028,Urban,8.97,18.4816,73.931297
2832,3504,Hp Gas,1982,Urban,8.87,18.4807436336234,73.9296680688858
2833,3801,Ahireshwarwadi,2029,Central,2.7,18.4965537602653,73.8613930331457
2834,3800,Mukund Nagar,2030,Central,2.94,18.4944,73.862
2835,3799,Maharshi Nagar,2031,Central,3.21,18.4921,73.862701
2836,3798,Sant Namdev Vidyalay,2032,Central,3.27,18.4923325383268,73.8661070893353
2837,3820,Giridhar Bhavan,2033,Central,3.31,18.4928330126962,73.868476215535
2838,3821,Tillekar Manapa Madhyamik Vidhyalay,2034,Urban,7.78,18.4554,73.884102
2839,3822,Tillekar Nagar Chowk,2035,Urban,7.86,18.4548,73.884399
2840,3112,Angraj Nagar,2036,Urban,9.18,18.445499,73.893204
2841,3111,Shingad Collage Kondhwa Road,2037,Urban,9.5,18.4426619447641,73.8939744447349
2842,3110,Ganesh Mandir Kondhwa Hospital,2038,Urban,9.75,18.4405,73.894798
2843,3120,Shingad Collage Kondhwa Road,2039,Urban,9.52,18.442499,73.894096
2844,3119,Angraj Nagar,2040,Urban,9.05,18.446699,73.893097
2845,3823,Tillekar Nagar Chowk,2035,Urban,7.85,18.4548,73.8843
2846,3824,Tillekar Manapa Madhyamik Vidhyalay,2034,Urban,7.78,18.4554,73.884003
2847,3806,Giridhar Bhavan,2041,Central,3.32,18.4928521303213,73.8687846090865
2848,3805,Sant Namdev Vidyalay,2042,Central,3.26,18.492201,73.864998
2849,3804,Maharshi Nagar,2043,Central,3.21,18.492001,73.862396
2850,3803,Mukund Nagar,2030,Central,2.97,18.494202533395,73.8619470729194
2851,3802,Ahireshwarwadi,2044,Central,2.71,18.4965,73.861504
2852,3122,Defence Colony,2045,Central,4.78,18.4822442139336,73.8775113251232
2853,3123,Mount Carmel School,2046,Urban,5.03,18.4841,73.885101
2854,3087,Kondhwa Police Station,2047,Urban,7.07,18.465,73.889603
2855,3115,Talab Company,2048,Urban,7.49,18.461201,73.890602
2856,3114,Ramdas Maral,2049,Urban,7.88,18.4573,73.890701
2857,3117,Ramdas Maral,2050,Urban,7.84,18.4578,73.8909
2858,3108,Kondhwa Police Station,2047,Urban,7.05,18.4652844970682,73.8896880561602
2859,3126,Mount Carmel School,2046,Urban,5.01,18.484301,73.885101
2860,3127,Defence Colony,2051,Central,4.77,18.4822734250437,73.8774421646232
2861,3831,Gagan Vihar,2052,Central,4.77,18.4813,73.875397
2862,3832,Wardhman Pura,2053,Central,4.72,18.4809814807916,73.8734307203568
2863,106562,Gangadham Chowk,2054,Central,4.72,18.4807469460424,73.872548940919
2864,106685,Khutbav Gaon,2055,Outer,41.36,18.5366896986077,74.2485869500335
2865,106686,Panyachi Taki Khutbav,2056,Outer,41.11,18.5371449846287,74.2461839881268
2866,106687,Indian Oil Pump Khutbav,2057,Outer,41.03,18.5373179119389,74.2454921351886
2867,106688,Dhamdhere Vasti Khutbav,2058,Outer,40.95,18.5374959251637,74.2446764825052
2868,106689,Tin Deul Chowk,2059,Outer,40.85,18.5376586799498,74.2437437258704
2869,106690,Nathachi Wadi,2060,Outer,40.76,18.5378010902605,74.2429067725026
2870,106691,Ladkatwadi Phata,2061,Outer,40.65,18.5379740169068,74.2417791141036
2871,106692,Ladkatwadi,2062,Outer,40.47,18.5382740950834,74.2401179045869
2872,106693,Anganwadi Uttamnagar Undawadi,2063,Outer,40.04,18.5389505405655,74.2359490408051
2873,106694,Uttamnagar Undawadi,2064,Outer,39.73,18.5394388003018,74.2329558502182
2874,106695,Choufula Undawadi,2065,Outer,39.45,18.5400566725612,74.230336846674
2875,106696,Smashan Bhumi Undawadi,2066,Outer,39.31,18.5404533811348,74.22898480502
2876,106697,Undawadi Kaman,2067,Outer,39.07,18.5412901057928,74.2266573540393
2877,106698,Bhaisaheb Wajan Kata,2068,Outer,38.97,18.5415722977892,74.2256810148629
2878,106699,Tambewadi Gaon,2069,Outer,38.76,18.5422108612491,74.223604910602
2879,106700,Zilla Parishad Shala Tambewadi,2070,Outer,38.55,18.5432634532915,74.2215617244816
2880,106701,Smashan Bhumi Tambewadi,2071,Outer,38.35,18.5440009097783,74.2196358529137
2881,106702,Patil Wasti Khamgaon,2072,Outer,38.27,18.543535470209,74.2189005504799
2882,3669,Dalavi Wasti Khamgaon,2073,Outer,38.56,18.541901,74.221703
2883,3671,Gada Modi Chowk Khamgaon,2074,Outer,38.63,18.541466275587,74.2224767856742
2884,3672,Pinglevasti Khamgaon,2075,Outer,39.44,18.5159,74.230698
2885,3673,Mauli Enterprises Company Khamgaon,2076,Outer,39.5,18.511499,74.231201
2886,3674,Zilla Parishad Shala Yadav Wadi,2077,Outer,39.62,18.5063,74.232201
2887,3675,Jagtap Vasti Khamgaon,2078,Outer,39.68,18.503201,74.232597
2888,3676,Ganesha Mandir Kanchan Wadi,2079,Outer,39.75,18.499599,74.233002
2889,3677,Akhade Vasti Khamgaon,2080,Outer,39.32,18.494301,74.2286
2890,3678,Railway Crossing Kasurdi,2081,Outer,39.07,18.490801,74.225899
2891,3679,Zilla Parishad Shala Khamgaon Phata,2082,Outer,39.1,18.4877,74.225899
2892,3680,Khamgaon Phata,2083,Outer,39.11,18.4849155595753,74.2256793379784
2893,3681,Bhondve Vasti Solapur Road,2084,Outer,38.19,18.4865,74.217102
2894,8163,Javji Buvachi Wadi,2085,Outer,37.56,18.487499,74.211197
2895,3683,Hole Vasti Yavat Road,2086,Outer,36.98,18.488501,74.205803
2896,3684,Thorat Vasti,2087,Outer,36.56,18.489,74.201797
2897,3685,Pangarkar Vasti,2088,Outer,35.9,18.4895,74.195602
2898,3686,Gautam Nagar,2089,Outer,35.27,18.49,74.189598
2899,3687,Makar Vasti,2090,Outer,34.95,18.4895,74.186501
2900,3688,Sahajpur Phata,2091,Outer,34.06,18.4883,74.177902
2901,3689,Zurunge Vasti,2092,Outer,33.78,18.488001,74.175201
2902,3690,Mhetre Vasti,2093,Outer,33.26,18.487301,74.170197
2903,3691,Iti Boribhadak,2094,Outer,32.78,18.4867,74.165497
2904,3692,Boribhadak,2095,Outer,32.4,18.4865,74.161903
2905,3693,Atakirevasti,2096,Outer,32.43,18.4867,74.162201
2906,3694,Khedekar Mala,2097,Outer,31.32,18.486799,74.151604
2907,3695,Hotel Ashoka,2098,Outer,30.89,18.4869,74.147499
2908,3696,Z Plus Hospital,2099,Outer,30.16,18.487101,74.140602
2909,3697,Shindavane Phata,2100,Outer,29.39,18.4873354895964,74.1331945070867
2910,3698,Uruli Kanchan,2101,Outer,29.12,18.4874,74.130699
2911,3699,Sanasbaug,2102,Outer,28.66,18.487499,74.126297
2912,3700,Prayag Dham Phata,2103,Outer,28.0,18.4876,74.120003
2913,3701,Bhosale Vasti Uruli Kanchan,2104,Outer,27.55,18.4877,74.1157
2914,3702,Inamdar Vasti Solapur Road,2105,Outer,27.1,18.4877,74.111397
2915,3703,Rajendra Pipe Company,2106,Outer,26.85,18.487801,74.109001
2916,3704,Sortapwadi,2107,Outer,25.76,18.4879,74.098602
2917,3705,Chaudhary Vasti Solapur Road,2108,Suburban,24.76,18.4881,74.088997
2918,3706,Poultry Farm Sorthapwadi,2109,Suburban,24.2,18.4881,74.083702
2919,3707,Badade Vasti,2110,Suburban,23.85,18.488199,74.080299
2920,3752,Khorawade Vasti,2111,Suburban,23.61,18.4883,74.078003
2921,3709,Robbi Farm,2112,Suburban,23.1,18.488199,74.073097
2922,3710,Naigaon Phata,2113,Suburban,22.86,18.4883,74.070801
2923,3711,Kunjirwadi Phata,2114,Suburban,22.52,18.4884,74.067596
2924,3712,Tendulkar Vasti,2115,Suburban,21.86,18.4884,74.061203
2925,3713,Kalbhor Vasti,2116,Suburban,21.48,18.4884,74.057602
2926,3756,Hadapsar Gadital Solapur Road,930,Urban,8.94,18.5009086170245,73.9389712154903
2927,3714,Kalbhor Vasti,2117,Suburban,21.52,18.4886,74.057999
2928,3715,Tendulkar Vasti,2118,Suburban,21.84,18.4886,74.061096
2929,3716,Kunjirwadi Phata,2119,Suburban,22.52,18.488501,74.067596
2930,3717,Naigaon Phata,2120,Suburban,22.85,18.488501,74.070801
2931,3718,Robbi Farm,2121,Suburban,23.26,18.4884,74.074699
2932,3720,Badade Vasti,2122,Suburban,24.21,18.4883,74.083801
2933,3721,Poultry Farm Sorthapwadi,2123,Suburban,24.44,18.4882357293298,74.0859657648592
2934,3722,Chaudhary Vasti Solapur Road,2108,Suburban,24.76,18.488199,74.088997
2935,3723,Sortapwadi,2107,Outer,25.79,18.4881,74.0989
2936,3724,Rajendra Pipe Company,2124,Outer,26.55,18.4879,74.106102
2937,3725,Inamdar Vasti Solapur Road,2125,Outer,27.17,18.4879,74.112099
2938,3726,Bhosale Vasti Uruli Kanchan,2126,Outer,27.71,18.487801,74.117203
2939,3727,Prayag Dham Phata,2127,Outer,27.95,18.487801,74.119499
2940,3728,Sanasbaug,2128,Outer,28.67,18.4877,74.126404
2941,3729,Uruli Kanchan,2129,Outer,29.11,18.4875051550398,74.1306218504906
2942,3730,Shindavane Phata,2100,Outer,29.38,18.487499,74.133202
2943,3731,Z Plus Hospital,2099,Outer,30.19,18.487301,74.1409
2944,3732,Hotel Ashoka,2130,Outer,30.9,18.487101,74.147598
2945,3733,Khedekar Mala,2097,Outer,31.38,18.487,74.152199
2946,3734,Boribhadak,2131,Outer,32.65,18.4866384808216,74.1642815533916
2947,3735,Iti Boribhadak,2094,Outer,32.75,18.486799,74.165298
2948,3736,Mhetre Vasti,2093,Outer,33.27,18.487499,74.170303
2949,3737,Zurunge Vasti,2092,Outer,33.78,18.488199,74.175201
2950,3738,Sahajpur Phata,2132,Outer,34.07,18.488501,74.178001
2951,3739,Makar Vasti,2090,Outer,34.98,18.489799,74.186897
2952,3740,Gautam Nagar,2089,Outer,35.29,18.4902,74.189903
2953,3741,Pangarkar Vasti,2133,Outer,35.87,18.4896493829154,74.1953291120978
2954,3742,Thorat Vasti,2087,Outer,36.59,18.4891,74.202103
2955,3743,Hole Vasti Yavat Road,2086,Outer,36.99,18.488701,74.205902
2956,8165,Javji Buvachi Wadi,2134,Outer,37.56,18.487801,74.211197
2957,3745,Bhondve Vasti Solapur Road,2135,Outer,38.2,18.4867,74.217201
2958,8131,Khamgaon Phata,2083,Outer,39.1,18.4850910834956,74.2256471514702
2959,3811,Gadikhana Ganjpeth Road,2136,Central,0.93,18.5121,73.857803
2960,3812,Shitaladevi Chowk Guruwarpeth,2137,Central,1.35,18.508699,73.8601
2961,3813,Ganj Peth Police Chowky,2138,Central,1.41,18.5089,73.862396
2962,3363,Juna Motor Stand,2139,Central,2.1,18.509199,73.872704
2963,3362,Chudaman Talim,2140,Central,2.33,18.5084,73.874802
2964,3366,Chudaman Talim,2141,Central,2.43,18.508101,73.875702
2965,3814,Kashiwadi,2142,Central,2.1,18.507355724624,73.8711181282997
2966,3837,Ramoshigate,897,Central,1.69,18.50979491716,73.8681596517563
2967,1025,Chaphekar Chowk,2143,Suburban,14.52,18.6296037685139,73.7811032121684
2968,1024,Walhekarwadi Corner,2144,Suburban,14.86,18.6306375679046,73.7770745210791
2969,7915,Birla Hospital,2145,Suburban,14.53,18.6262371061243,73.7758245827505
2970,3842,Datta Nagar Chinchwad Road,2146,Suburban,14.36,18.6231878301758,73.7742494693129
2971,7736,Pudumjee Paper Mill,2147,Suburban,14.33,18.620501,73.771004
2972,3844,Thergaon Phata / Dange Chowk,2148,Suburban,14.3,18.617201,73.767403
2973,3851,Makan Hospital,278,Urban,7.34,18.5759819142546,73.8191557614287
2974,3852,Sangvi Phata Wakad Road,2149,Urban,7.8,18.572599,73.807297
2975,498,Baner Phata,2150,Urban,5.97,18.5504,73.8097
2976,4351,Saswad,2151,Outer,26.82,18.3452059105205,74.0315068427687
2977,3874,Police Chowky Saswad,2152,Outer,26.46,18.347401,74.0289
2978,4356,St Stand Saswad,2153,Outer,26.22,18.350071667125,74.0286462655394
2979,3876,Waghere College,2154,Outer,25.6,18.3578240033725,74.0284846552144
2980,3877,Hivarkar Mala,2155,Outer,25.44,18.3594,74.028099
2981,3878,Kirloskar Company Saswad,2156,Outer,25.14,18.361401,74.026199
2982,3879,Jakat Naka Saswad,2157,Suburban,24.7,18.364401,74.023399
2983,3880,Pawarwadi,2158,Suburban,23.72,18.3724,74.0186
2984,3881,Divegaon,2159,Suburban,22.64,18.383301,74.015404
2985,3882,Katoba High School Dive,2160,Suburban,22.4,18.3861109071694,74.0150112441782
2986,3883,Iti Saswad Road,2161,Suburban,22.15,18.389,74.014503
2987,3884,Dhumewadi,2162,Suburban,21.93,18.391399,74.014
2988,3885,Kalewadi Saswad Road,2163,Suburban,21.43,18.397499,74.013199
2989,3886,Jadhav Vasti,2164,Suburban,20.6,18.407499,74.011597
2990,3887,Zende Vasti,2165,Suburban,19.67,18.4146037400035,74.0061652853611
2991,3888,Zende Wadi,2166,Suburban,19.79,18.4138016184067,74.0069780807743
2992,3889,Mile Dagad Kramank 21 Diveghat,2167,Suburban,18.76,18.4144,73.995102
2993,3890,Mile Dagad Kramank 19 Diveghat,2168,Suburban,18.23,18.415501,73.989502
2994,3891,Sakal Office Vadaki,2169,Suburban,16.96,18.4251,73.982201
2995,3892,Vadkinala,2170,Suburban,16.72,18.4275,73.9813
2996,3893,Vijay Hotel,2171,Suburban,16.38,18.430901,73.980003
2997,3894,Metachem Company,2172,Suburban,15.79,18.4363,73.977303
2998,3895,10 Wa Mile Wadki,2173,Suburban,15.01,18.443199,73.973503
2999,3896,Jalindarbaug Wadki,2174,Suburban,14.66,18.4464,73.971802
3000,3897,Datta Nagar Saswadroad,2175,Suburban,14.26,18.4501404859229,73.9698046445847
3001,3898,Bhadale Vasti Saswad Road,2176,Suburban,13.8,18.454599,73.967598
3002,3900,Hotel Shree Pure Veg,2177,Suburban,13.02,18.4625,73.963997
3003,3901,Bhadale Vasti Saswad Road,2178,Suburban,13.76,18.455,73.967499
3004,3902,Datta Nagar Saswadroad,2175,Suburban,14.28,18.4500164418744,73.9699099390396
3005,3903,Jalindarbaug Wadki,2174,Suburban,14.69,18.446199,73.972
3006,3904,10 Wa Mile Wadki,2173,Suburban,15.0,18.443399,73.973503
3007,4399,Metachem Company,2179,Suburban,15.85,18.435835,73.977737
3008,4400,Hotel Vijay,2180,Suburban,16.35,18.431227,73.97998
3009,3907,Vadkinala,2181,Suburban,16.75,18.427299,73.981499
3010,3908,Sakal Office Vadaki,2169,Suburban,16.99,18.424801,73.982399
3011,3909,Zende Wadi,2166,Suburban,19.79,18.4138935401105,74.0070610688367
3012,3910,Zende Vasti,2182,Suburban,19.71,18.4144535969235,74.0064878590832
3013,3911,Jadhav Vasti,2164,Suburban,20.66,18.407,74.011902
3014,3912,Kalewadi Saswad Road,2183,Suburban,21.43,18.397699,74.013397
3015,4409,Dhumewadi,2162,Suburban,21.95,18.391478,74.014244
3016,4410,Iti Saswad Road,2161,Suburban,22.16,18.389004,74.014717
3017,3915,Katoba High School Dive,2160,Suburban,22.42,18.386101,74.015198
3018,3916,Divegaon,2184,Suburban,22.67,18.3832,74.015701
3019,3917,Pawarwadi,2158,Suburban,23.77,18.3720267156559,74.0189219022921
3020,4414,Jakat Naka Saswad,2185,Suburban,24.5,18.365923,74.022301
3021,3919,Kirloskar Company Saswad,2186,Outer,25.1,18.361799,74.026001
3022,3920,Hivarkar Mala,2187,Outer,25.45,18.359501,74.028297
3023,3921,Waghere College,2188,Outer,25.6,18.357901,74.028603
3024,3922,St Stand Saswad,2153,Outer,26.24,18.3499800175592,74.028744876825
3025,3923,Police Chowky Saswad,2152,Outer,26.48,18.3473,74.029099
3026,4352,Saswad,2151,Outer,26.83,18.345215,74.031654
3027,7735,Thergaon Phata,2189,Suburban,14.31,18.6174209431529,73.7674427295975
3028,3846,Pudumjee Paper Mill,2147,Suburban,14.35,18.620501,73.770798
3029,3847,Datta Nagar Chinchwad Road,2146,Suburban,14.38,18.623199,73.774002
3030,3848,Birla Hospital,2145,Suburban,14.52,18.6259957932077,73.7757307238435
3031,995,Walhekarwadi Corner,2144,Suburban,14.84,18.630551155795,73.7772032802608
3032,994,Chaphekar Chowk,2190,Suburban,14.64,18.630199,73.780098
3033,3849,Chinchwadgaon Aundh Road / Chinchwadgaon,2191,Suburban,14.29,18.6279752407541,73.7825455233875
3034,3872,Makan Hospital,2192,Urban,7.32,18.5761230108862,73.8197484638763
3035,80,Wakad Pul,2193,Suburban,13.03,18.5907821955897,73.7578940885293
3036,1079,Radha Hotel,2194,Urban,10.89,18.568138,73.766449
3037,3947,Kodit Naka,2195,Outer,26.36,18.34661378742,74.0265950534272
3038,4048,Sharda Lawns Saswad,2196,Outer,25.12,18.3510785676922,74.0143266662101
3039,3949,Kodit Gaon Phata,2197,Suburban,24.47,18.3542,74.008698
3040,3950,Prathmik Shala Hivare,2198,Suburban,23.46,18.357599,73.998199
3041,3951,Hivregaon,2199,Suburban,23.14,18.359699,73.996101
3042,3952,Dalvi Farm,2200,Suburban,23.01,18.3605,73.995201
3043,3953,Bargane Mala,2201,Suburban,22.65,18.3624,73.992203
3044,3954,Ramwadi Saswad Road,2202,Suburban,22.05,18.3649652749947,73.986519381699
3045,3955,Shendkar Mala,2203,Suburban,21.34,18.3675,73.978897
3046,3956,Chambli,2204,Suburban,20.85,18.3699,73.974602
3047,3957,Chambli Ganesh Nagar,2205,Suburban,20.52,18.371401,73.971397
3048,3958,Shreenath Wadi,2206,Suburban,20.25,18.372801,73.969101
3049,4002,Mauli Nagar Saswad Road,2207,Suburban,20.05,18.3736,73.967102
3050,3960,Jadhav Mala,2208,Suburban,19.82,18.374701,73.964897
3051,3961,Bopdev Gaon,2209,Suburban,18.67,18.381701,73.956398
3052,3962,Kaniphnath Gad Phata,2210,Suburban,18.41,18.3832,73.954399
3053,3963,Kaniphnath Mangal Karyalay,2211,Suburban,17.92,18.385799,73.950203
3054,3964,Manikgad Dhaba,2212,Suburban,17.73,18.3866,73.948097
3055,3965,Sai Baba Mandir Bhivri,2213,Suburban,17.19,18.388599,73.941902
3056,3966,Gaykwad Vasti Bhivri,2214,Suburban,16.79,18.389799,73.936501
3057,3967,Bhivrigaon,2215,Suburban,16.43,18.390699,73.931396
3058,3968,Malwadi Bhivri,2216,Suburban,16.23,18.3908,73.927399
3059,3969,Green Park Hotel,2217,Suburban,15.91,18.391899,73.923103
3060,3970,Divya Ashram,2218,Suburban,15.58,18.3937,73.9198
3061,3971,Askarwadi Phata,2219,Suburban,15.13,18.3962,73.915199
3062,3972,Talab Company Askarwadi,2220,Suburban,14.29,18.402901,73.911598
3063,3973,Bopdev Mandir,2221,Suburban,13.48,18.408701,73.906403
3064,3974,Mile Dagad Kramank 17 Bopdev Ghat,2222,Suburban,12.88,18.413601,73.9039
3065,3975,Mile Dagad Kramank 19 Bopdev Ghat,2223,Suburban,12.36,18.417999,73.902397
3066,3985,K J Collage,2224,Urban,11.7,18.424299,73.901901
3067,3977,Kanchan Hotel,2225,Urban,11.18,18.428463857285,73.8995736837387
3068,3978,Shankarao Yevle Nagar,2226,Urban,10.6,18.433306282475,73.8975325226784
3069,3982,Ganesh Mandir Yewalewadi,2227,Urban,9.95,18.438801,73.895401
3070,3983,Shankarao Yevle Nagar,2228,Urban,10.54,18.4338,73.8974
3071,3984,Kanchan Hotel,2225,Urban,11.18,18.4284613125444,73.8996595144272
3072,3986,Mile Dagad Kramank 19 Bopdev Ghat,2229,Suburban,12.54,18.416599,73.903198
3073,3987,Mile Dagad Kramank 17 Bopdev Ghat,2222,Suburban,12.88,18.413601,73.904099
3074,3988,Bopdev Mandir,2221,Suburban,13.45,18.409,73.906303
3075,3989,Talab Company Askarwadi,2230,Suburban,15.29,18.3949839208539,73.9160275516171
3076,3990,Askarwadi Phata,2219,Suburban,15.17,18.3958941122004,73.9154711023827
3077,3991,Divya Ashram,2218,Suburban,15.59,18.3937,73.919899
3078,3992,Green Park Hotel,2217,Suburban,15.92,18.3918,73.923103
3079,3993,Malwadi Bhivri,2216,Suburban,16.22,18.3909,73.927498
3080,3994,Bhivrigaon,2231,Suburban,16.49,18.3906,73.932297
3081,3995,Gaykwad Vasti Bhivri,2232,Suburban,16.76,18.3899,73.936302
3082,3996,Sai Baba Mandir Bhivri,2233,Suburban,17.1,18.389,73.941002
3083,3997,Manikgad Dhaba,2212,Suburban,17.73,18.3866,73.948196
3084,3998,Kaniphnath Mangal Karyalay,2234,Suburban,17.98,18.385599,73.950798
3085,3999,Kaniphnath Gad Phata,2210,Suburban,18.39,18.3834,73.9543
3086,4000,Bopdev Gaon,2235,Suburban,18.7,18.3815,73.956703
3087,4001,Jadhav Mala,2236,Suburban,19.76,18.375,73.964401
3088,4003,Shreenath Wadi,2206,Suburban,20.19,18.3731,73.968597
3089,4004,Chambli Ganesh Nagar,2237,Suburban,20.57,18.371099,73.971901
3090,4005,Chambli,2238,Suburban,20.92,18.369801,73.975502
3091,4006,Shendkar Mala,2203,Suburban,21.35,18.3675,73.979103
3092,4007,Ramwadi Saswad Road,2239,Suburban,22.03,18.365101,73.986397
3093,4008,Bargane Mala,2201,Suburban,22.66,18.3624,73.992302
3094,4009,Dalvi Farm,2200,Suburban,23.02,18.3605,73.9953
3095,4010,Hivregaon,2199,Suburban,23.13,18.3598,73.996101
3096,4011,Prathmik Shala Hivare,2198,Suburban,23.46,18.3577,73.998299
3097,4012,Kodit Gaon Phata,2197,Suburban,24.45,18.3543,74.008598
3098,4049,Kodit Jakat Naka,2240,Outer,26.34,18.3466863300644,74.0264595926677
3099,3948,Sharda Lawns,2241,Outer,25.25,18.350401,74.015404
3100,3959,Mauli Nagar,2242,Suburban,20.02,18.373699,73.966797
3101,3976,K J Collage Yewalewadi,2243,Urban,11.69,18.4244,73.901901
3102,3979,Ganesh Mandir Yewalewadi,2244,Urban,9.93,18.438999,73.8955
3103,4420,Shingad Collage Ambegaon,2245,Urban,6.75,18.4628471634229,73.8363768015705
3104,4421,Saurabh Palace,2246,Urban,6.95,18.4610473099185,73.8359973439439
3105,4422,Vishv Vihar Society,2247,Urban,7.2,18.4588347851169,73.835628494183
3106,4423,Indu Lawns,2248,Urban,7.34,18.4576,73.835403
3107,4424,Shivshrushti,2249,Urban,7.46,18.4564,73.835602
3108,4426,Abhinav Collage Ambegaon,2250,Urban,7.58,18.454901,73.8367
3109,4425,Ambegaon Budruk,2251,Urban,7.62,18.453699,73.840103
3110,4427,Trimurti Garden,2252,Urban,7.66,18.4526,73.843803
3111,1255,Datta Nagar Katraj Road,2253,Urban,7.78,18.450701,73.850304
3112,4428,Wondercity,2254,Urban,7.86,18.4498,73.853401
3113,106604,Vishnu Krupa Mangal Karyalay,2255,Outer,29.4,18.4867758548133,74.1332431806076
3114,106605,Dalkar Vasti,2256,Outer,29.4,18.4854021980522,74.1330500546749
3115,106606,Kamthe Agro,2257,Outer,29.4,18.4840437933166,74.132846365253
3116,4429,Wondercity,2254,Urban,7.88,18.4496,73.853302
3117,106607,Namo World Furniture,2258,Outer,29.39,18.4809555447397,74.132304546836
3118,106608,Kaleshiwar Prathamik Shala,2259,Outer,29.39,18.47560821507,74.1313443247823
3119,4430,Trimurti Garden,2260,Urban,7.68,18.4524,73.843697
3120,106609,Khedekar Vasti,2261,Outer,29.39,18.4718634586697,74.1306526083671
3121,4432,Ambegaon Budruk,2251,Urban,7.65,18.4535446895736,73.8396626676611
3122,106610,Postman Vasti,2262,Outer,29.42,18.4672281917965,74.1300032463471
3123,4431,Abhinav Collage Ambegaon,2263,Urban,7.63,18.454399,73.836998
3124,106611,Chairman Vasti Phata,2264,Outer,29.48,18.4608373221259,74.1290646564875
3125,4433,Shivshrushti,2249,Urban,7.46,18.4564,73.835503
3126,106612,Wak Vasti Shindavane,2265,Outer,29.58,18.4541459893925,74.1283083376556
3127,4434,Indu Lawns,2248,Urban,7.35,18.4575,73.835297
3128,106613,Walti Phata,2266,Outer,29.4,18.4521844970965,74.126039664514
3129,4435,Vishv Vihar Society,2247,Urban,7.19,18.4589212841482,73.8355849168333
3130,106614,Shindavane Grampanchayat,2267,Outer,29.68,18.4474690976225,74.1274237979379
3131,4436,Saurabh Palace,2246,Urban,6.95,18.4610899699904,73.835947711243
3132,106615,Shree Ganesh Mandir Shindavane,2268,Outer,29.83,18.4454545002113,74.1283023145287
3133,4437,Shingad Collage Ambegaon,2245,Urban,6.74,18.4628933144467,73.8364344966771
3134,106616,Khandoba Mandir Shindavane,2269,Outer,29.91,18.4427930253451,74.1282491217241
3135,106617,Hp Petrol Pump Shindavane,2270,Outer,30.01,18.4385963891793,74.1278756975008
3136,106618,Warcha Mala,2271,Outer,30.08,18.4356327917615,74.1275891432422
3137,106619,Shivtara Hotel,2272,Outer,30.3,18.4307777088833,74.1279958892136
3138,106620,Ghat Pump House,2273,Outer,30.32,18.4274933804082,74.1270093560735
3139,106621,Purandar Upsa Pamp House,2274,Outer,30.98,18.4184561756266,74.1300837910208
3140,106622,Jai Ganesh Hotel,2275,Outer,31.1,18.4067089273896,74.1261355009476
3141,106623,Waghapur Gaon,2276,Outer,31.22,18.3981565272747,74.1231699744209
3142,106624,Waghapur Chouphula,2277,Outer,31.38,18.3916716621996,74.1214278664178
3143,106625,Ware Vasti,2278,Outer,31.11,18.3884461490535,74.1167492228396
3144,106626,Shingapur Gaon,2279,Outer,30.92,18.385762430181,74.1131860467142
3145,106627,Band Vasti,2280,Outer,31.0,18.3825739160689,74.1121398653347
3146,106628,Korde Vasti,2281,Outer,30.91,18.3784980077848,74.1087278721849
3147,106629,Memane Vasti,2282,Outer,30.88,18.3754982260829,74.1064767916812
3148,106630,Patrawali Karkhana,2283,Outer,30.41,18.3711267260468,74.0982528483811
3149,106631,Vijayraj Hotel,2284,Outer,30.16,18.3709956608923,74.0953284043594
3150,106632,Zende Vasti,2285,Outer,29.56,18.372334370655,74.0894353681461
3151,106633,Hagwane Vasti,2286,Outer,28.89,18.3730235315314,74.0822065830176
3152,106634,Udachi Wadi,2287,Outer,28.32,18.3742456112783,74.0765795599004
3153,106635,Wanpuri,2288,Outer,27.6,18.371872018876,74.0663297434033
3154,106636,Kumbharwalan Phata,2289,Outer,27.51,18.3704882126997,74.0642120004877
3155,106637,Bhintade Farm,2290,Outer,27.57,18.3673538807336,74.0623317866413
3156,106638,Chatrapati Sambhaji Chowk Vanpuri,2291,Outer,27.47,18.3639937011947,74.0582968335908
3157,106639,Magar Poultry Farm,2292,Outer,27.34,18.3596559181509,74.0527988305297
3158,106640,Borkar Vasti Aambodi,2293,Outer,27.11,18.3562156693866,74.0466388104387
3159,106641,Aambodigaon,2294,Outer,27.21,18.3509906196811,74.042842440366
3160,106642,Madha Colony Saswad,2295,Outer,27.0,18.3483640796013,74.037286629071
3161,106643,Purandar High School Saswad,2296,Outer,26.89,18.346071639076,74.0333636371031
3162,4067,Midc Jejuri,2297,Outer,44.55,18.257299,74.175102
3163,4068,Mseb Jejuri Midc,2298,Outer,43.79,18.2635373949767,74.1712817146666
3164,4069,Hotel Sai Sagar,2299,Outer,43.03,18.2698,74.167503
3165,4070,Kolvihire Phata,2300,Outer,42.76,18.271999,74.1661
3166,4071,Gramin Rugnalay Jejuri,2301,Outer,42.31,18.275672517856,74.1637498245527
3167,4072,Jejuri Nagar Parishad,2302,Outer,41.92,18.278099,74.161102
3168,4073,Jejuri St Stand,2303,Outer,41.68,18.2789987778543,74.1588440537453
3169,4074,Kadepathar Phata,2304,Outer,41.37,18.2800831184422,74.1559747652537
3170,4075,Janki Hotel,2305,Outer,41.05,18.281099,74.153
3171,4076,Lawthaleshwar,2306,Outer,40.8,18.282,74.150703
3172,4077,Malharnagri,2307,Outer,39.84,18.284901,74.141296
3173,4078,Mseb Power House Jejuri Road,2308,Outer,39.41,18.286301,74.137199
3174,4079,Hotel Mauli Dhaba,2309,Outer,38.82,18.2883,74.1315
3175,4080,Belsar Phata,2310,Outer,38.4,18.2897,74.127502
3176,106917,Shivmalhar Bungalow,2311,Outer,37.74,18.299123743129,74.1279191420378
3177,106918,Naralicha Mala,2312,Outer,37.23,18.3081087250547,74.1296393281581
3178,106919,Kalyani Public School Belsar,2313,Outer,37.13,18.310078969021,74.1300027003523
3179,106920,Belsar Gaon,2314,Outer,37.11,18.313635788508,74.1328293612248
3180,106921,Bal Siddhnath Vidyalaya Belsar,2315,Outer,36.82,18.3178219489108,74.1327703364518
3181,106922,Belsar Chowk,2316,Outer,36.08,18.3239906484003,74.128879294339
3182,106923,Kothale Chaufula Belsar,2317,Outer,35.74,18.3236169816882,74.1245170776987
3183,106924,Garud Mala Belsar,2318,Outer,34.95,18.3251341980451,74.1162517620652
3184,106925,Phule Wadi,2319,Outer,34.4,18.3259897150577,74.1103247228563
3185,106926,Walunj Chaufula,2320,Outer,33.84,18.327985904966,74.1051787892394
3186,106927,Tamhane Vasti,2321,Outer,33.13,18.3308480675489,74.0990463909757
3187,106928,Mahatma Phule Smark Khanvadi,2322,Outer,32.59,18.3324695692061,74.0937106625352
3188,106929,Khanvadi Kaman,2323,Outer,32.13,18.3342803404976,74.0896618970008
3189,106930,Sahyadri Industry,2324,Outer,31.68,18.3353497591114,74.0850645656032
3190,106931,Zurunge Mala,2325,Outer,31.26,18.3361033050004,74.0804351182897
3191,106932,Ekhatpur Mujvadi,2326,Outer,30.84,18.3375188898749,74.0764225459145
3192,106933,Nimbalkar Vasti,2327,Outer,30.49,18.3387715200607,74.0732682485986
3193,3944,Jejuri Naka,2328,Outer,27.08,18.3438,74.033401
3194,106934,Ekhatpur Smshan Bhumi,2329,Outer,30.17,18.3407523662266,74.0709883438909
3195,106945,Tehsildar Karyaly Saswad,2330,Outer,27.13,18.3439992906142,74.0344076101662
3196,106935,Sindhutai Sapkal Ashram,2331,Outer,29.81,18.3422391992505,74.0678984228656
3197,106944,Mahavitaran Karyaly Saswad,2332,Outer,27.37,18.3440289798867,74.0377099299412
3198,106936,Kumbharvalan,2333,Outer,29.69,18.3435171748402,74.0675176136877
3199,106943,Sainath Housing Society,2334,Outer,27.6,18.3437938691969,74.0406105334422
3200,106937,Khaladkar Farm,2335,Outer,29.3,18.3435223462344,74.0625769359618
3201,106942,Shivshambho Residency,2336,Outer,27.79,18.343481611556,74.0428304943347
3202,106938,Anandvan Farm,2337,Outer,28.91,18.3436597461435,74.0577543512636
3203,106941,Mauli Residency,2338,Outer,28.05,18.3436190114974,74.0463925326051
3204,106939,Tartimala,2339,Outer,28.53,18.344026357526,74.0531302364117
3205,106940,Jejuri Bypass,2340,Outer,28.2,18.3440060698071,74.0487689121005
3206,4102,Jejuri Naka,2328,Outer,27.02,18.344,74.032898
3207,4124,Belsar Phata,2310,Outer,38.39,18.289801,74.127502
3208,4125,Hotel Mauli Dhaba,2309,Outer,38.83,18.288401,74.131798
3209,4126,Mseb Power House Jejuri Road,2341,Outer,39.41,18.286501,74.137299
3210,4127,Malharnagri,2342,Outer,39.85,18.285101,74.141602
3211,4128,Lawthaleshwar,2306,Outer,40.83,18.282,74.151001
3212,4323,Janki Hotel,2343,Outer,41.12,18.2809884101301,74.1537022695829
3213,4130,Kadepathar Phata,2304,Outer,41.37,18.2801,74.156097
3214,4131,Jejuri St Stand,2303,Outer,41.69,18.2790095611256,74.1589969396591
3215,4132,Jejuri Nagar Parishad,2302,Outer,41.91,18.2782,74.161102
3216,4133,Gramin Rugnalay Jejuri,2301,Outer,42.33,18.2756,74.163902
3217,4134,Kolvihre Phata,2344,Outer,42.81,18.2717,74.166397
3218,4135,Hotel Sai Sagar,2299,Outer,43.06,18.2696,74.167702
3219,4136,Mseb Jejuri Midc,2298,Outer,43.79,18.2636495677424,74.1714212210928
3220,4137,Midc Jejuri,2297,Outer,44.56,18.257299,74.175201
3221,4055,Parvati Darshan,2345,Central,2.93,18.4941104148583,73.8543167868092
3222,4056,Shivdarshan,2346,Central,3.12,18.4925,73.853203
3223,4057,Lakshmi Nagar Corner,2347,Central,3.16,18.492599,73.8507
3224,4065,Sarang Society,2348,Central,3.44,18.490101,73.849899
3225,4438,Gandhi Training College,2349,Central,3.94,18.4855,73.849998
3226,6359,Dnyaneshwar Society,2350,Central,4.26,18.482607,73.849937
3227,4440,Date Stop,2351,Central,4.52,18.4802,73.850304
3228,6361,Yashvant Nagar Padmavati / Yashvant Nagar,2352,Central,4.69,18.478369,73.852539
3229,4442,Power House Padmawati,2353,Central,4.86,18.476801,73.852898
3230,4443,Padmawati Stand,2354,Central,4.88,18.4765,73.8554
3231,4444,Daulat Nagar Dhankawadi Road,2355,Urban,6.23,18.464399,73.8563
3232,5271,Gulab Nagar,2356,Urban,6.11,18.4654668254021,73.854742184107
3233,4446,Teliphone Bhavan Dhankwadi,2357,Urban,6.36,18.463301,73.854103
3234,4447,Rajmudra Society,2358,Urban,6.5,18.462099,73.852898
3235,4448,Shivshankar Society,2359,Urban,6.74,18.459999,73.850899
3236,4449,Mohan Nagar Dhankawadi,2360,Urban,6.75,18.460199,73.848801
3237,4450,Raje Chowk,2361,Urban,6.88,18.4594,73.845901
3238,4451,Ambegaon Pathar Corner,2362,Urban,6.74,18.460699,73.845703
3239,4452,Ganesh Nagar Ambegaon Pathar,2363,Urban,6.51,18.462799,73.845802
3240,4453,Prerna Shala Aambegaon Pathar,2364,Urban,6.55,18.4627,73.844002
3241,4454,Saisiddhi Chowk,2365,Urban,6.61,18.4625,73.8424
3242,4455,Narayani Nagar,2366,Urban,7.02,18.459,73.841301
3243,4456,Mangde Nagar,2367,Urban,7.21,18.457399,73.840698
3244,4458,Chintamani Dnyanpith,2368,Urban,7.4,18.455799,73.839996
3245,4457,Chintamani Dnyanpith,2368,Urban,7.41,18.4557,73.839996
3246,4459,Mangde Nagar,2369,Urban,7.18,18.4576,73.840698
3247,4460,Narayani Nagar,2366,Urban,6.99,18.459299,73.841301
3248,4461,Saisiddhi Chowk,2370,Urban,6.6,18.462601,73.8423
3249,4462,Ganesh Nagar Ambegaon Pathar,2363,Urban,6.49,18.4629,73.846001
3250,4463,Ambegaon Pathar Corner,2362,Urban,6.72,18.4608,73.845901
3251,4464,Raje Chowk,2361,Urban,6.88,18.4594,73.846001
3252,4465,Mohan Nagar Dhankawadi,2360,Urban,6.74,18.460199,73.8489
3253,4466,Rajmudra Society,2358,Urban,6.47,18.462299,73.852898
3254,4467,Teliphone Bhavan Dhankwadi,2357,Urban,6.36,18.463301,73.853897
3255,4469,Daulat Nagar Dhankawadi Road,2355,Urban,6.23,18.464399,73.856201
3256,4470,Padmawati Stand,2354,Central,4.88,18.4765,73.855301
3257,4471,Yashvant Nagar Padmavati,2371,Central,4.7,18.4783,73.852402
3258,4472,Date Stop,2351,Central,4.53,18.480101,73.850403
3259,4473,Dnyaneshwar Society,2372,Central,4.27,18.4825,73.849899
3260,4066,Parvati Darshan,2345,Central,2.9,18.4944,73.854301
3261,143,Lakshminarayan,2373,Central,1.91,18.5035,73.853699
3262,4493,Bharati Vidyapeeth,2374,Urban,7.05,18.457199,73.851501
3263,4494,Bharati Vidyapeeth Shala,2375,Urban,7.01,18.4575,73.852997
3264,4495,Rajaram Gas Agency,2376,Urban,7.33,18.4544962519476,73.8539161905281
3265,4496,Katraj Dairy,2377,Urban,7.35,18.4543,73.857803
3266,4488,Katraj Dairy,2377,Urban,7.34,18.454399,73.857803
3267,4489,Rajaram Gas Agency,2378,Urban,7.3,18.4548,73.853699
3268,4490,Chandrabhaga Corner,2379,Urban,7.41,18.454,73.851303
3269,4491,Icchapurti Ganesh Mandir,2380,Urban,7.23,18.455601,73.850899
3270,4492,Bharati Vidyapeeth,2381,Urban,7.04,18.4573,73.851402
3271,1450,Kesnand Phata Wagholi,2382,Suburban,15.37,18.5810109154766,73.987735177662
3272,4575,Chroma Mall Wagholi,2383,Suburban,16.24,18.586229,73.99427
3273,4574,Canvan&#39;S Residency Wagholi,2384,Suburban,16.35,18.5844188235555,73.9963470589284
3274,4573,Iv Botanica,2385,Suburban,16.5,18.584166,73.998085
3275,4572,Iv Villa Main Gate,2386,Suburban,16.56,18.584076,73.998688
3276,4576,I V Estate Phata,2387,Suburban,16.59,18.584013,73.999062
3277,4571,Umang Premier Apartment,2388,Suburban,16.68,18.583895,74.000061
3278,4570,Iv Villa Lane No. 1,2389,Suburban,17.05,18.583128,74.004295
3279,4569,I V Estate Wagholi,2390,Suburban,17.31,18.583063,74.007019
3280,2223,St Stand Alandi,500,Suburban,17.45,18.673401,73.893402
3281,4526,Mauli Nagar Alandi Road,2391,Suburban,13.24,18.638201,73.875298
3282,2299,Patil Estate,2392,Central,1.2,18.531029,73.854637
3283,1140,Manapa Mangal Tolkies,2393,Central,0.44,18.523661281315,73.8543791291028
3284,4539,Vanaj Company,2394,Urban,6.06,18.507401,73.800903
3285,4545,Modern High School,2395,Central,1.06,18.5255431969067,73.8481819808764
3286,2305,Ambedkar Society,469,Central,4.05,18.553101,73.873596
3287,2219,Charholi Phata,497,Suburban,15.99,18.6614,73.886299
3288,4553,St Stand Alandi,2396,Suburban,17.45,18.6735,73.893097
3289,4216,Morgaon St Stand,2397,Outer,56.0,18.2764,74.320999
3290,4217,Morgaon Chowk,2398,Outer,55.69,18.2768,74.317902
3291,4218,Shri Mayureshwar Ganpati Mandir,2399,Outer,55.57,18.2771,74.316704
3292,4219,Shri Mayureshwar Madhyamik Vidhyalay,2400,Outer,55.38,18.2777,74.315002
3293,4220,Shashkiy Vishramgruh Morgaon,2401,Outer,54.94,18.278,74.310402
3294,4221,Kedari Garden Mangal Karyalay,2402,Outer,54.53,18.2778,74.305901
3295,4222,Radhakrishna Mandir,2403,Outer,54.4,18.2775,74.304298
3296,4223,Jaywant Nagar Morgaon Road,2404,Outer,54.07,18.277201,74.300499
3297,4224,Thanekarmala,2405,Outer,53.42,18.275299,74.292198
3298,4225,Kadam Vasti,2406,Outer,52.98,18.2761,74.287804
3299,4226,Ambi Phata Morgaon Road,2407,Outer,52.25,18.275299,74.279198
3300,4227,Tavre Vasti,2408,Outer,51.64,18.275499,74.272499
3301,4228,Jogwadi Phata,2409,Outer,51.04,18.2764,74.266403
3302,4229,Indian Oil Company,2410,Outer,50.53,18.278099,74.261902
3303,4230,Chorwadi,2411,Outer,49.46,18.2778,74.249603
3304,4231,Mawdi Kadapathar,2412,Outer,49.2,18.2761,74.245499
3305,4232,Jawalarjun Phata,2413,Outer,48.65,18.2761,74.239197
3306,4233,Bhairavnath Mandir Chachar Mala,2414,Outer,48.17,18.276199,74.233803
3307,4234,Deshmukh Mala,2415,Outer,47.91,18.276199,74.230797
3308,4235,Korhale Phata,2416,Outer,47.37,18.2757,74.224197
3309,4236,Hp Petrol Pump Morgaon Road,2417,Outer,46.65,18.275499,74.215698
3310,4237,Nazare Kadapathar,2418,Outer,46.24,18.2757,74.211098
3311,4238,Ghatewadi Phata,2419,Outer,45.75,18.2757,74.205299
3312,4239,Simlex Still Company,2420,Outer,45.44,18.2759,74.201797
3313,4240,Matoshree Hotel Jejuri Road,2421,Outer,44.91,18.276501,74.195999
3314,4241,Rmc Company,2422,Outer,44.11,18.2782,74.187798
3315,4242,Khairewadi Phata,2423,Outer,43.74,18.2792,74.184196
3316,4243,Shubham Lawns,2424,Outer,43.51,18.2803,74.182297
3317,4244,Nazare Dharan Colony Phata,2425,Outer,43.27,18.2813,74.180298
3318,4245,Jejuri Railway Station,2426,Outer,42.43,18.284201,74.172501
3319,4246,Ganesh Mangal Karyalay,2427,Outer,42.22,18.282499,74.168602
3320,4247,Shatayu Hospital,2428,Outer,42.05,18.279699,74.164101
3321,4248,Shatayu Hospital,2428,Outer,42.04,18.279699,74.163902
3322,4249,Ganesh Mangal Karyalay,2429,Outer,42.23,18.2827,74.1689
3323,4250,Nazare Dharan Colony Phata,2430,Outer,43.26,18.2815,74.180298
3324,4251,Shubham Lawns,2424,Outer,43.48,18.280399,74.182098
3325,4252,Khairewadi Phata,2423,Outer,43.73,18.279301,74.184097
3326,4253,Rmc Company,2422,Outer,44.09,18.2784,74.187698
3327,4254,Matoshree Hotel Jejuri Road,2421,Outer,44.88,18.2766,74.195702
3328,4255,Simlex Still Company,2431,Outer,45.33,18.276199,74.200699
3329,4256,Ghatewadi Phata,2419,Outer,45.69,18.275801,74.204597
3330,4257,Nazare Kadapathar,2418,Outer,46.23,18.2757,74.210899
3331,4258,Hp Petrol Pump Morgaon Road,2432,Outer,46.57,18.2757,74.214897
3332,4259,Korhale Phata,2416,Outer,47.32,18.2757,74.223602
3333,4260,Deshmukh Mala,2433,Outer,47.87,18.2763,74.2304
3334,4261,Bhairavnath Mandir Chachar Mala,2414,Outer,48.15,18.2763,74.233597
3335,4262,Jawalarjun Phata,2413,Outer,48.66,18.276199,74.239403
3336,4263,Mawdi Kadapathar,2434,Outer,49.2,18.276199,74.245598
3337,4264,Chorwadi,2411,Outer,49.46,18.278,74.249702
3338,4265,Indian Oil Company,2410,Outer,50.52,18.2782,74.261803
3339,4266,Jogwadi Phata,2435,Outer,51.02,18.276501,74.266296
3340,4267,Tavre Vasti,2436,Outer,51.59,18.2757,74.272102
3341,4268,Ambi Phata Morgaon Road,2407,Outer,52.19,18.2754,74.278603
3342,4269,Kadam Vasti,2406,Outer,53.02,18.276199,74.2883
3343,4270,Thanekarmala,2437,Outer,53.31,18.2756,74.2911
3344,4271,Jaywant Nagar Morgaon Road,2438,Outer,54.17,18.2773,74.301598
3345,4272,Radhakrishna Mandir,2403,Outer,54.35,18.277599,74.303802
3346,4273,Kedari Garden Mangal Karyalay,2402,Outer,54.56,18.277901,74.306198
3347,4274,Shashkiy Vishramgruh Morgaon,2401,Outer,54.9,18.278099,74.310097
3348,4275,Shri Mayureshwar Madhyamik Vidhyalay,2400,Outer,55.34,18.277901,74.314697
3349,4276,Shri Mayureshwar Ganpati Mandir,2399,Outer,55.56,18.277201,74.316704
3350,4277,Morgaon Chowk,2398,Outer,55.67,18.276899,74.317703
3351,4278,Nira,2439,Outer,59.58,18.102959,74.210472
3352,4279,Buva Saheb Chowk Nira,2440,Outer,59.86,18.103018,74.214859
3353,4280,Chhatrapati Shivaji Maharaj Chowk Nira,2441,Outer,59.64,18.106493,74.215981
3354,4281,Krishnai Hotel Nira,2442,Outer,58.45,18.111113,74.204178
3355,4282,Pimpre Khurd,2443,Outer,57.95,18.114889,74.201584
3356,4283,Thopte Vasti,2444,Outer,56.67,18.124289,74.19458
3357,4284,Nandan Dudh Dairy,2445,Outer,56.22,18.12752,74.19194
3358,4285,Saraswati Lawns Thopte Wadi,2446,Outer,55.82,18.130653,74.189957
3359,4286,Jejuri Mandaki Phata,2447,Outer,55.32,18.134087,74.186943
3360,4287,Rakh Gulunche Phata,2448,Outer,55.02,18.13633,74.185356
3361,4288,Sanket Mangal Karyalay Pisurti,2449,Outer,54.37,18.140978,74.181671
3362,4289,Railway Gate Pisurti,2450,Outer,53.99,18.143827,74.17952
3363,4290,Viroba Vasti,2451,Outer,53.42,18.148054,74.176491
3364,4291,Pisurti Phata,2452,Outer,52.68,18.153822,74.172813
3365,4292,Bolhai Basti Pisurti,2453,Outer,51.99,18.159718,74.170166
3366,4293,Hp Petrol Pump Kamathwadi,2454,Outer,51.55,18.163677,74.168617
3367,4294,Kamath Wadi,2455,Outer,51.24,18.166656,74.167763
3368,4295,Sukal Wadi Phata,2456,Outer,50.48,18.173647,74.165344
3369,4296,Malwadi Valhe,2457,Outer,48.99,18.184444,74.157074
3370,4297,Railway Station Valhe,2458,Outer,49.26,18.182688,74.158836
3371,4298,St Stand Valhegaon,2459,Outer,48.59,18.187429,74.154907
3372,4299,Panyachi Taki Valhe,2460,Outer,48.59,18.187551,74.154938
3373,4300,Wagdar Wadi Phata,2461,Outer,48.38,18.190142,74.155197
3374,4301,Vitbhatti Valhe,2462,Outer,47.93,18.197428,74.157478
3375,4302,Patar Mala,2463,Outer,47.91,18.1980410673482,74.1579615754219
3376,4303,Ramsingh Dhaba,2464,Outer,47.73,18.200602,74.158432
3377,4304,Daundj Gaon,2465,Outer,47.36,18.206701,74.160286
3378,4305,Patangrao Kadam Vidyalaya Daundaj,2466,Outer,46.81,18.216042,74.163139
3379,4306,Kadam Vasti Daundaj,2467,Outer,46.56,18.220293,74.16433
3380,4307,Bhairavnath Nagar,2468,Outer,46.33,18.224663,74.165962
3381,4308,Jagtap Mala Daundj,2469,Outer,46.14,18.228283,74.167236
3382,4309,Balajichi Wadi Phata,2470,Outer,46.0,18.230869,74.168076
3383,4310,Malhargarh Hotel Bhorwadi,2471,Outer,45.81,18.234755,74.169518
3384,4311,Daundaj Khind,2472,Outer,45.64,18.239157,74.171661
3385,4312,Bhorwadi,2473,Outer,45.67,18.245722,74.178452
3386,4313,Indiana Company Jejuri,2474,Outer,44.91,18.254104468745,74.17669313432
3387,4314,Surya Lawns,2475,Outer,44.34,18.259138,74.174156
3388,4315,Midc Jejuri,2476,Outer,44.1,18.261101,74.172966
3389,4316,Mseb Jejuri Midc,2477,Outer,44.18,18.262419,74.175186
3390,4325,Malharnagri,2478,Outer,39.98,18.284445,74.142586
3391,4357,Waghere College,2479,Outer,25.88,18.354542,74.028816
3392,4358,Hivarkar Mala,2480,Outer,25.55,18.3584141616753,74.0284343526187
3393,4360,Jakat Naka Saswad,2185,Suburban,24.51,18.36569,74.022186
3394,4367,Jadhav Vasti,2481,Suburban,20.98,18.402845,74.012238
3395,4370,Mile Dagad Kramank 21 Diveghat,2482,Suburban,18.67,18.4151103817922,73.9945910459126
3396,4371,Mile Dagad Kramank 19 Diveghat,2483,Suburban,18.44,18.416695,73.993149
3397,4376,10 Wa Mile Wadki,2484,Suburban,15.31,18.4405825651823,73.9749825951772
3398,4377,Jalindarbaug Wadki,2485,Suburban,14.88,18.444813,73.973099
3399,4383,Navlakha Godown,2486,Suburban,12.52,18.4674558336727,73.9614535407955
3400,4397,Jalindarbaug Wadki,2487,Suburban,14.8,18.445246,73.972488
3401,4398,10 Wa Mile Wadki,2484,Suburban,15.29,18.440845,73.974899
3402,4403,Mile Dagad Kramank 19 Diveghat,2488,Suburban,17.81,18.42074,73.988922
3403,4404,Mile Dagad Kramank 21 Diveghat,2489,Suburban,19.11,18.413767,73.998787
3404,4405,Zende Wadi,2490,Suburban,19.21,18.414293,74.000465
3405,4407,Jadhav Vasti,2481,Suburban,20.95,18.403177,74.01226
3406,4412,Divegaon,2491,Suburban,22.57,18.384295,74.015411
3407,4416,Hivarkar Mala,2492,Outer,25.55,18.3584065161945,74.0285208952786
3408,4353,Malharnagri,2493,Outer,39.96,18.284739,74.142593
3409,106824,Indiana Company Jejuri,2474,Outer,44.96,18.2538216462308,74.1771009508499
3410,373,Shinde Farm,2494,Urban,7.23,18.508101,73.789398
3411,4626,Chandani Chowk Paud Road,2495,Urban,7.86,18.506901,73.783501
3412,4627,Mile Dagad Kramank 8 Bavdhan Ghat,2496,Urban,8.18,18.507,73.780403
3413,4628,Rajwade Bungalow,2497,Urban,8.59,18.507,73.776497
3414,4629,Dagade Vasti,2498,Urban,9.4,18.507,73.7687
3415,4630,Bhagwat Vasti,2499,Urban,9.82,18.5047,73.765099
3416,4631,Deshmukh Vasti,2500,Urban,10.13,18.503599,73.762299
3417,4632,Daulat Garden,2501,Urban,10.66,18.5013847981298,73.7576580126501
3418,4633,Bhugaon,2502,Urban,11.4,18.500999,73.750504
3419,4634,Chutke Vasti,2503,Suburban,12.05,18.501101,73.744202
3420,4635,Matalwadi Bhugaon,2504,Suburban,12.4,18.500401,73.740997
3421,4636,Tangde Bandhumala,2505,Suburban,12.7,18.4993,73.738297
3422,4637,Mile Dagad Kramank 18 Bhukum,2506,Suburban,13.49,18.500099,73.730598
3423,4638,Shell Petrol Pump,2507,Suburban,13.96,18.500601,73.725998
3424,4639,Muktai Lawns,2508,Suburban,14.27,18.499599,73.723198
3425,4640,Bhukum,2509,Suburban,14.64,18.498501,73.719803
3426,4641,Bandal Farm,2510,Suburban,15.2,18.4981,73.7145
3427,4642,Bhukum Ashram,2511,Suburban,15.39,18.498501,73.712601
3428,4643,Mile Dagad Kramank 21 Pirangutghat,2512,Suburban,15.86,18.5042,73.707298
3429,4705,Vanalika Society Pirangut / Mile Dagad Karmank 22 Piranguthat,2513,Suburban,16.77,18.5111404465704,73.6979372917737
3430,4693,Lavle Phata,2514,Suburban,17.06,18.5109,73.695198
3431,4694,Pirangut,2515,Suburban,17.69,18.510201,73.689301
3432,4688,Oskar Company,2516,Suburban,18.15,18.5112,73.684799
3433,4695,Coca Cola Company,2517,Suburban,18.56,18.512199,73.680901
3434,4696,Minilec Company,2518,Suburban,19.22,18.5061,73.675003
3435,4697,Hallcon Company,2519,Suburban,19.45,18.501801,73.673302
3436,4698,Kirloskar Company Uravade Road,2520,Suburban,19.55,18.5002,73.672501
3437,4706,Yamuna Nagar Mutha Road / Yamuna Nagar,2521,Suburban,20.1,18.4955102388922,73.6678838017673
3438,4699,Syber Natic Company,2522,Suburban,20.41,18.493601,73.665199
3439,4700,Ravle Bungalow,2523,Suburban,20.65,18.4911,73.6633
3440,4577,Mhasoba Mandir Kharawade,2524,Outer,29.63,18.454201,73.584503
3441,4651,Urawdegaon,2525,Suburban,20.65,18.486099,73.6642
3442,4578,Zilla Parishad Shala Kharawade,2526,Outer,28.98,18.4546750259809,73.5908044861519
3443,4653,Marnewadi Phata,2527,Suburban,20.84,18.482401,73.6632
3444,4579,Budhvihar Kharawade,2528,Outer,28.68,18.456499,73.593201
3445,4652,Ambegaon Phata Lavasa Road,2529,Suburban,21.1,18.480801,73.661003
3446,4580,Gujarwadi Phata Kharawade,2530,Outer,28.57,18.457199,73.594101
3447,4654,Matoshree Hotel Mutha Road,2531,Suburban,22.1,18.4743,73.652802
3448,4581,Gulmohar Villa,2532,Outer,28.46,18.457899,73.595001
3449,4655,Amrale Misal House,2533,Suburban,22.38,18.472401,73.650597
3450,4582,Aandhgaon,2534,Outer,27.88,18.4594,73.600304
3451,4656,Hotel Turning Point,2535,Suburban,22.54,18.471399,73.6493
3452,4583,Malegaon Mutha Road,2536,Outer,27.48,18.458099,73.6045
3453,4657,Hotel Nisarg,2537,Suburban,23.7,18.4686845553937,73.6386564426566
3454,4584,Datta Nagar Mutha Road,2538,Outer,27.12,18.457303920674,73.6082871087323
3455,4658,Amruteshwar Hotel,2539,Suburban,24.79,18.4585,73.630898
3456,4585,Shedgewadi Phata,2540,Outer,25.67,18.4574597728576,73.6224921060837
3457,4659,Mutha Gaon,2541,Outer,25.51,18.4583278909114,73.6238526526085
3458,4586,Mutha Gaon,2542,Outer,25.49,18.458599,73.623901
3459,4660,Shedgewadi Phata,2543,Outer,25.66,18.457399,73.622597
3460,4587,Amruteshwar Hotel,2544,Suburban,24.77,18.458599,73.630997
3461,4661,Datta Nagar Mutha Road,2538,Outer,27.13,18.457199,73.6082
3462,4589,Hotel Turning Point / Hotel Nisarg,2545,Suburban,23.69,18.4688332805664,73.6387020770269
3463,4662,Malegaon Mutha Road,2536,Outer,27.5,18.458,73.604401
3464,4663,Aandhgaon,2534,Outer,27.88,18.459299,73.600304
3465,4590,Amrale Misal House,2546,Suburban,22.37,18.472601,73.650597
3466,4664,Gulmohar Villa,2532,Outer,28.45,18.457899,73.5951
3467,4591,Matoshree Hotel Mutha Road,2531,Suburban,22.11,18.4743,73.652702
3468,4665,Gujarwadi Phata Kharawade,2530,Outer,28.56,18.457199,73.5942
3469,4592,Marnewadi Phata,2547,Suburban,20.8,18.4832,73.663399
3470,4593,Ambegaon Phata Lavasa Road,2548,Suburban,21.04,18.4811744177773,73.6615038067307
3471,4666,Zilla Parishad Shala Kharawade,2526,Outer,28.95,18.454664241106,73.5910686508675
3472,4594,Urawdegaon,2525,Suburban,20.66,18.486,73.6642
3473,4667,Mhasoba Mandir Kharawade,2549,Outer,29.08,18.4543831383211,73.5899072675131
3474,4681,Ravle Bungalow,2523,Suburban,20.67,18.491199,73.663101
3475,4682,Syber Natic Company,2522,Suburban,20.42,18.493601,73.6651
3476,4703,Yamuna Nagar Mutha Road,2550,Suburban,20.08,18.4956,73.668098
3477,4684,Kirloskar Company Uravade Road,2551,Suburban,19.57,18.5002,73.672302
3478,4685,Hallcon Company,2519,Suburban,19.44,18.502199,73.673302
3479,4686,Minilec Company,2518,Suburban,19.24,18.5061,73.674896
3480,4687,Coca Cola Company,2517,Suburban,18.55,18.5123,73.681
3481,4689,Pirangut,2515,Suburban,17.68,18.510201,73.6894
3482,4690,Lavle Phata,2514,Suburban,17.08,18.511101,73.695
3483,4607,Mile Dagad Kramank 21 Pirangutghat,2512,Suburban,15.84,18.5044,73.707397
3484,4608,Bhukum Ashram,2511,Suburban,15.36,18.4986,73.712898
3485,4609,Bandal Farm,2552,Suburban,15.18,18.498199,73.714699
3486,4610,Bhukum,2553,Suburban,14.68,18.498501,73.719398
3487,4611,Muktai Lawns,2508,Suburban,14.26,18.499701,73.723198
3488,4612,Shell Petrol Pump,2507,Suburban,13.99,18.500601,73.7257
3489,4613,Mile Dagad Kramank 18 Bhukum,2506,Suburban,13.45,18.5,73.731003
3490,4614,Tangde Bandhumala,2505,Suburban,12.71,18.499399,73.738197
3491,4615,Matalwadi Bhugaon,2554,Suburban,12.4,18.500601,73.740997
3492,4616,Chutke Vasti,2503,Suburban,12.02,18.501301,73.744499
3493,4617,Bhugaon,2502,Urban,11.4,18.501101,73.750504
3494,4618,Daulat Garden,2555,Urban,10.73,18.5012,73.757004
3495,4619,Deshmukh Vasti,2500,Urban,10.15,18.5037,73.7621
3496,4620,Bhagwat Vasti,2499,Urban,9.82,18.504801,73.764999
3497,4621,Dagade Vasti,2498,Urban,9.4,18.507099,73.7687
3498,4622,Rajwade Bungalow,2497,Urban,8.59,18.507299,73.776398
3499,4623,Mile Dagad Kramank 8 Bavdhan Ghat,2556,Urban,8.39,18.507601,73.778297
3500,4624,Chandani Chowk Paud Road,2557,Urban,8.0,18.507758920319,73.7819831187339
3501,4625,Shinde Farm,2558,Urban,7.16,18.5083603220714,73.7900050530113
3502,127,Swargate Corner,2559,Central,2.19,18.500799,73.858398
3503,4707,Marnewadi,2560,Suburban,23.58,18.4737439972472,73.6385759553478
3504,4708,Datta Mandir Marnewadi Road,2561,Suburban,21.67,18.4792,73.6558
3505,4709,Lal Ghar,2562,Suburban,21.25,18.4803522642348,73.659629588856
3506,4711,Lal Ghar,2563,Suburban,22.67,18.480499,73.645897
3507,4712,Datta Mandir Marnewadi Road,2564,Suburban,23.57,18.4733732194424,73.6387435815772
3508,4713,Vadgaon Mawal,2565,Outer,34.4,18.7439,73.630898
3509,4714,Bhegde Lawns,2566,Outer,34.03,18.740801,73.632698
3510,4715,English Medium School,2567,Outer,33.59,18.7383,73.635902
3511,4716,Matoshree Hospital,2568,Outer,33.28,18.737301,73.639099
3512,4717,Vadgaonmawal Corner,2569,Outer,32.74,18.7358,73.644798
3513,4718,Deccan Poultry Farm,2570,Outer,32.42,18.7339,73.647102
3514,4719,Midc Phata,2571,Outer,32.06,18.7314757101918,73.6493914681865
3515,4720,Vadgaonmawal Phata,2572,Outer,31.43,18.7285,73.6549
3516,4721,Swaraj Nagari,2573,Outer,31.23,18.7293,73.6586
3517,4722,Paisa Fund,2574,Outer,31.22,18.7314,73.661201
3518,4723,Samarth Vidyalay Talegaon Dhabhade,2575,Outer,31.15,18.7327858372948,73.6639804388622
3519,4724,Mhalaskar Petrol Pump,2576,Outer,30.91,18.7328,73.667397
3520,4725,Eagle Company,2577,Outer,30.63,18.732599,73.671303
3521,6605,Talegaon Railway Station,2578,Outer,30.34,18.7318,73.674698
3522,4727,Bsnl Office Talegaon,2579,Outer,29.76,18.7279150238859,73.6783873506781
3523,4728,Talegaon Nagarparishad,2580,Outer,29.39,18.7255,73.680702
3524,4729,Khandge Petrol Pump,2581,Outer,29.18,18.7241,73.682098
3525,4730,Jijamata Chowk,2582,Outer,28.81,18.72163032824,73.684417635749
3526,6603,Talegaon Dhabhade Maruti Mandir,2583,Outer,28.77,18.7199,73.6828
3527,4732,Bhandari Hospital,2584,Outer,28.8,18.7181,73.680099
3528,4733,Sant Tukaram Nagar Kamshet Road,2585,Outer,28.83,18.716801,73.678101
3529,4734,Vipraj Company,2586,Outer,28.88,18.715401,73.675697
3530,4735,Talegaon Khind,2587,Outer,28.4,18.7124,73.679001
3531,4736,Gruhaprakalp,2588,Outer,27.74,18.707899,73.682999
3532,4737,Somatne Phata,2589,Outer,27.09,18.7035266573916,73.6871587203676
3533,4738,Poona Poultry,2590,Outer,26.43,18.700199,73.692703
3534,4739,Shankarwadi,2591,Outer,25.54,18.6978,73.702797
3535,4740,Bhegdewadi Phata,2592,Outer,25.09,18.696899,73.708397
3536,4741,Indrayani Darshan,2593,Suburban,24.21,18.6916313234402,73.7148332790014
3537,4742,Krushna Mandir Dehu Road,2594,Suburban,23.83,18.6893548037345,73.7176279626744
3538,4743,Central Restaurant,2595,Suburban,23.49,18.6873,73.7201
3539,4744,Church,2596,Suburban,23.06,18.683701,73.721802
3540,4745,Indira Nagar,2597,Suburban,22.64,18.679899,73.723198
3541,4746,D Mart Kivale,2598,Suburban,22.28,18.6768,73.724503
3542,106826,Mamurdi Gaon,2599,Suburban,21.73,18.67171582087,73.726259435063
3543,4748,Lekha Pharm,2600,Suburban,21.32,18.667999,73.7276
3544,4749,Kivle Phata,2601,Suburban,20.4,18.6601556322636,73.7313503156309
3545,4750,Centosa Park,2602,Suburban,19.74,18.6539,73.733299
3546,7262,Mahadev Corner Ravet / Mahadev Corner,2603,Suburban,19.48,18.6516126407982,73.7342450154187
3547,7647,Ravet Phata,2604,Suburban,19.05,18.647661,73.735672
3548,4753,Bharat Petrol Pump / Bharat Petrol Pump Ravet,2605,Suburban,18.14,18.6395,73.739098
3549,6682,Punawale Pul / Punawala Phata / Punawale Corner,2606,Suburban,17.61,18.634701,73.740997
3550,4754,Lotus Business School,2607,Suburban,17.49,18.6335113139381,73.7413903702684
3551,4756,Sai Cng Pump,2608,Suburban,17.15,18.630501,73.742699
3552,7652,Maruti Suzuki Service Center,2609,Suburban,16.44,18.623749,73.745155
3553,4758,Jspm Collage Punavale,2610,Suburban,16.05,18.620199,73.746696
3554,4759,Dy Patil Collage Punavale,2611,Suburban,15.45,18.614599,73.748901
3555,4760,Indira Collage Punavale,2612,Suburban,14.86,18.6089,73.751099
3556,590,Bhumkar Chowk,2613,Suburban,14.5,18.6055596570045,73.7524911041205
3557,4761,Bu Bhandari Showroom,2614,Suburban,14.15,18.601999,73.7537
3558,9279,Sai Sayaji Hotel,2615,Suburban,13.91,18.5996121261054,73.7545807484014
3559,81,Digambar Marble Kaveri Hotel,702,Suburban,12.15,18.581499,73.7612
3560,4811,Yashoda Niwas,2616,Urban,10.53,18.5639,73.767998
3561,4812,Bitwise,2617,Urban,9.99,18.557199,73.770302
3562,4813,Renault Showroom,2618,Urban,9.8,18.5547808671114,73.7711193576904
3563,7782,Suskhind Phata By Pass Highway / Suskhind Phata,2619,Urban,9.32,18.548445,73.773422
3564,4815,Sayli Restaurant,2620,Urban,8.88,18.5436,73.7761
3565,4816,Sutarwadi,2621,Urban,8.4,18.5406,73.7799
3566,4817,Pashan Tale,2622,Urban,8.16,18.537001,73.781303
3567,4818,Hra Reliance,2623,Urban,8.45,18.5273348143768,73.7768754834279
3568,4819,Dsk Toyota,2624,Urban,8.95,18.524599,73.771896
3569,4820,Nisarga Society,2625,Urban,9.24,18.5156,73.769203
3570,4821,Paranjpe Scheme Dagade Vasti,2626,Urban,9.0,18.5114,73.771896
3571,4822,Hotel V Wine,2627,Urban,8.24,18.5084,73.779602
3572,4823,Chandani Chowk Bypass Highway,2628,Urban,7.86,18.507401,73.783401
3573,4832,Shrushti Hotel,2629,Urban,7.61,18.4566,73.830498
3574,4824,Vedant Colony,2630,Urban,7.14,18.5070656238653,73.7904451226353
3575,4833,Krushnai Mangal Karyalay,2631,Urban,7.61,18.458799,73.825203
3576,4825,Futira Complex,2632,Urban,7.5,18.498199,73.789497
3577,4834,Navale Bridge Vadgaon,2633,Urban,7.6,18.4599,73.823196
3578,7933,Rojri School,1096,Urban,7.75,18.4924340145505,73.7893534136002
3579,7938,Vadgaon Budruk Highway,2634,Urban,7.46,18.4636192054225,73.8190993666649
3580,4827,R M D Collage,2635,Urban,7.61,18.4902,73.791901
3581,4836,Daulat Nagar Mumbai Pune Bypass / Daulat Nagar Bypass Highway,2636,Urban,7.16,18.4731283123584,73.8106302667174
3582,1944,Runwal Project,1102,Urban,7.44,18.4881,73.794899
3583,7789,Warjegaon,2637,Urban,7.12,18.4798284350167,73.8045215396307
3584,1952,Cipla Center Atul Nagar,2638,Urban,7.27,18.4849399039549,73.7988099320058
3585,7937,Warjegaon,2637,Urban,7.08,18.4800910895259,73.804762258028
3586,4828,Daulat Nagar Mumbai Pune Bypass / Daulat Nagar Bypass Highway,2636,Urban,7.13,18.4732237102788,73.8108649718402
3587,4829,Vadgaon Budruk Highway,2639,Urban,7.46,18.463357741178,73.819544605472
3588,4830,Krushnai Mangal Karyalay,2631,Urban,7.59,18.4589,73.825401
3589,4839,Futira Complex,2640,Urban,7.53,18.498501,73.789101
3590,4831,Balaji Furniture,2641,Urban,7.58,18.4569,73.830597
3591,7792,Ved Bhavan,2642,Urban,7.01,18.504389,73.792351
3592,4840,Vedant Colony,2630,Urban,7.16,18.5067986194273,73.7902940326883
3593,7786,Chandani Chowk Bypass Highway,2628,Urban,7.9,18.5072920871599,73.7830771207692
3594,4842,Paranjpe Scheme Dagade Vasti,2643,Urban,8.68,18.508833408334,73.7752793149367
3595,4843,Nisarga Society,2625,Urban,9.28,18.5159,73.768799
3596,7892,Patil Nagar / Patil Nagar Bavadhan,2644,Urban,9.28,18.5191564757905,73.768734813391
3597,4845,Dsk Toyota,2624,Urban,8.97,18.525101,73.771797
3598,4846,Hra Reliance,2645,Urban,8.47,18.5275362965468,73.7766810614063
3599,4847,Pashan Tale,2622,Urban,8.2,18.537399,73.780998
3600,4848,Sutarwadi,2646,Urban,8.43,18.5404,73.779602
3601,4849,Sayli Restaurant,2647,Urban,8.77,18.5425,73.776802
3602,7787,Suskhind Phata By Pass Highway / Suskhind Phata,2619,Urban,9.32,18.5479666264853,73.7732591011087
3603,4851,Bitwise,2617,Urban,10.02,18.556999,73.769897
3604,4852,Yashoda Niwas,2616,Urban,10.56,18.5637,73.767502
3605,9280,Sai Sayaji Hotel,2648,Suburban,13.92,18.5993747857802,73.7542355503252
3606,4763,Bu Bhandari Showroom,2649,Suburban,14.2,18.6021329661423,73.7531511418867
3607,4764,Indira Collage Punavale,2612,Suburban,14.9,18.608999,73.750702
3608,4765,Dy Patil Collage Punavale,2650,Suburban,15.49,18.614599,73.748497
3609,7667,Jspm Collage Punavale / Jspm College Tathawade,2651,Suburban,15.98,18.619202,73.746582
3610,7668,Maruti Suzuki Service Center,2609,Suburban,16.45,18.623634,73.744942
3611,7669,Sai Cng Pump,2652,Suburban,16.94,18.62818,73.743156
3612,6687,Punawale Pul / Punawala Phata / Punawale Corner,2653,Suburban,17.6,18.6342142671375,73.7406320065694
3613,7671,Lotus Business School,2654,Suburban,17.51,18.6333919753653,73.7409759965883
3614,4771,Bharat Petrol Pump / Bharat Petrol Pump Ravet,2655,Suburban,18.17,18.6394,73.738602
3615,6728,Ravet Phata,2604,Suburban,19.05,18.647522,73.735588
3616,6729,Mahadev Corner Ravet / Mahadev Corner,2656,Suburban,19.49,18.6514475916964,73.7338346663671
3617,4774,Centosa Park,2657,Suburban,19.67,18.653,73.7332
3618,4775,Kivle Phata,2658,Suburban,20.47,18.6602058704114,73.7303759013019
3619,4776,Lekha Pharm,2659,Suburban,21.31,18.6677036173871,73.7273959828651
3620,4777,Mamurdi Gaon,2660,Suburban,21.72,18.6714,73.725998
3621,4778,D Mart Kivale,2661,Suburban,22.28,18.6765,73.724098
3622,4779,Indira Nagar,2662,Suburban,22.54,18.678801,73.723297
3623,4780,Church,2596,Suburban,23.07,18.683599,73.721603
3624,4781,Central Restaurant,2595,Suburban,23.52,18.687401,73.719803
3625,4782,Krushna Mandir Dehu Road,2594,Suburban,23.79,18.6891,73.717796
3626,4783,Indrayani Darshan,2663,Suburban,24.56,18.693701,73.712196
3627,4784,Bhegdewadi Phata,2592,Outer,25.07,18.696699,73.708397
3628,4785,Shankarwadi,2591,Outer,25.53,18.697701,73.702797
3629,4786,Poona Poultry,2664,Outer,25.99,18.698799,73.697403
3630,4787,Somatne Phata,2665,Outer,26.96,18.7025968087757,73.6879143379952
3631,4788,Gruhaprakalp,2666,Outer,27.83,18.708401,73.682297
3632,4789,Talegaon Khind,2587,Outer,28.39,18.7122,73.678802
3633,4790,Vipraj Company,2667,Outer,28.64,18.7136,73.677002
3634,4791,Sant Tukaram Nagar Kamshet Road,2668,Outer,28.9,18.7155,73.675499
3635,4792,Bhandari Hospital,2584,Outer,28.82,18.7181,73.679901
3636,6646,Talegaon Dhabhade Maruti Mandir,2583,Outer,28.8,18.7204918621914,73.6831147190839
3637,4794,Jijamata Chowk,2582,Outer,28.81,18.7215,73.684303
3638,4795,Khandge Petrol Pump,2581,Outer,29.17,18.724001,73.682098
3639,4796,Bsnl Office Talegaon,2579,Outer,29.75,18.7278520671712,73.6783691714758
3640,4798,Eagle Company,2669,Outer,30.59,18.7323,73.671501
3641,4799,Mhalaskar Petrol Pump,2670,Outer,30.88,18.732599,73.667603
3642,4800,Samarth Vidyalay,2671,Outer,31.17,18.7324364548797,73.6632825708193
3643,4801,Paisa Fund,2574,Outer,31.21,18.7313,73.661301
3644,4802,Swaraj Nagari,2573,Outer,31.23,18.7292,73.658501
3645,4803,Vadgaonmawal Phata,2572,Outer,31.42,18.728201,73.654701
3646,4804,Midc Phata,2571,Outer,32.03,18.731199,73.649498
3647,4805,Deccan Poultry Farm,2570,Outer,32.45,18.7339,73.646698
3648,4806,Vadgaonmawal Corner,2569,Outer,32.76,18.735701,73.644501
3649,4807,Matoshree Hospital,2568,Outer,33.27,18.737101,73.639
3650,4808,English Medium School,2567,Outer,33.57,18.738001,73.635902
3651,4809,Bhegde Lawns,2672,Outer,33.89,18.739799,73.6334
3652,4810,Vadgaon Mawal,2565,Outer,34.41,18.7439,73.630798
3653,4962,Gram Panchayat Belawade,2673,Outer,27.13,18.4893,73.601501
3654,4963,Dhamale Vasti Belawade Road,2674,Outer,27.35,18.489799,73.599297
3655,4964,Dahibhate Vasti,2675,Outer,27.82,18.4965,73.594101
3656,4965,Om Farm House,2676,Outer,27.93,18.4998,73.592697
3657,4966,Khecharegaon Phata,2677,Outer,28.16,18.5023,73.590302
3658,106465,Appasaheb Dhamale Madhyamik Vidhyalay,2678,Outer,28.33,18.49864,73.58898
3659,106466,Shilimkar Settlement,2679,Outer,28.38,18.496491851012,73.5887169020265
3660,106467,Mhasoba Gate Khechre,2680,Outer,28.67,18.4937047483997,73.5862342009982
3661,106468,Dhumalwadi Khechre,2681,Outer,29.01,18.4875186335902,73.583744454866
3662,106469,Khecharegaon,2682,Outer,29.46,18.4863118512176,73.579661597473
3663,106470,Dhumalwadi Khechre,2681,Outer,28.98,18.4876102099192,73.5840929663828
3664,106471,Mhasoba Gate Khechre,2680,Outer,28.68,18.4935768012414,73.5862172003173
3665,106472,Shilimkar Vasti,2683,Outer,28.39,18.496105980359,73.5887043127878
3666,106473,Appasaheb Dhamale Madhyamik Vidhyalay,2684,Outer,28.34,18.4984362220908,73.5888837023462
3667,106474,Khechregaon Phata,2685,Outer,28.17,18.5023737090718,73.5902136570259
3668,4967,Kandhare Vasti Kondhale,2686,Outer,28.2,18.5037258540631,73.589800408587
3669,4981,Aishwarya Farm House Kondhale,2687,Outer,27.96,18.509501,73.591797
3670,4969,Chavan Vasti Kondhavale,2688,Outer,27.69,18.514099,73.5942
3671,4970,Zilla Parishad Shala Kondhavale,2689,Outer,27.88,18.5229,73.5923
3672,4971,Kondhawle Phata,2690,Outer,27.83,18.5245,73.592796
3673,4972,Shirke Vasti Paud,2691,Outer,26.7,18.5243,73.6035
3674,4973,Paud Shashkiy Vishram Gruh,2692,Outer,26.26,18.5242,73.607697
3675,4974,Chinmay Hotel,2693,Outer,25.63,18.5231,73.613602
3676,5010,Tahshildar Kacheri Paud,2694,Outer,25.33,18.5243,73.616501
3677,4906,Paud St Stand,2695,Outer,25.11,18.5242678685451,73.6185479847869
3678,4942,Vitthalwadi Phata Paud Road,2696,Suburban,24.44,18.521,73.624901
3679,4943,Manik Press Road,2697,Suburban,24.07,18.5201,73.628403
3680,4944,Forest Office Paud,2698,Suburban,23.74,18.52,73.6315
3681,4945,Balkawade Vasti Paud Road,2699,Suburban,22.72,18.52,73.641197
3682,4946,Sant Company,2700,Suburban,22.41,18.5177,73.644203
3683,4947,Sanakta Company,2701,Suburban,22.05,18.5186,73.647598
3684,4948,Datta Mandir Paud Road,2702,Suburban,21.61,18.5149,73.651802
3685,4949,Sutarwadi Paud Road,2703,Suburban,21.16,18.515499,73.656097
3686,4950,Cable Company,2704,Suburban,20.77,18.514799,73.659798
3687,4951,Kasar Amboli,2705,Suburban,20.34,18.513599,73.663902
3688,4952,Shindewadi Paud Road,2706,Suburban,19.56,18.5135,73.671303
3689,1912,Sangam Metal Company,2707,Suburban,19.12,18.513201,73.675499
3690,4692,Vanalika Society Pirangut,2708,Suburban,16.81,18.511101,73.697601
3691,4953,Shindewadi Paud Road,2709,Suburban,19.55,18.513399,73.671402
3692,4954,Cable Company,2710,Suburban,20.81,18.5147,73.659401
3693,4955,Sutarwadi Paud Road,2703,Suburban,21.17,18.515499,73.655998
3694,4956,Datta Mandir Paud Road,2702,Suburban,21.6,18.514799,73.651901
3695,4957,Sanakta Company,2711,Suburban,22.06,18.518299,73.647499
3696,4958,Sant Company,2700,Suburban,22.42,18.5175,73.644096
3697,4959,Forest Office Paud,2698,Suburban,23.73,18.519899,73.631599
3698,4960,Manik Press Road,2697,Suburban,24.08,18.519899,73.628304
3699,4961,Vitthalwadi Phata Paud Road,2696,Suburban,24.42,18.5207,73.625099
3700,4907,Paud St Stand,2695,Outer,25.08,18.523701,73.618896
3701,5011,Tahshildar Kacheri Paud,2712,Outer,25.34,18.5243,73.616402
3702,4977,Chinmay Hotel,2713,Outer,26.25,18.524099,73.607803
3703,4978,Paud Shashkiy Vishram Gruh,2714,Outer,26.74,18.5242,73.603104
3704,4979,Shirke Vasti Paud,2715,Outer,28.13,18.5242996360173,73.5899081970556
3705,4980,Kondhawle Phata,2690,Outer,27.82,18.5243,73.592903
3706,4982,Gram Panchayat Belawade,2716,Outer,27.0,18.487101,73.603104
3707,106733,Shilim Gaon,2717,Outer,42.27,18.6149053941263,73.4682696384519
3708,106734,Vagheshwar,2718,Outer,41.36,18.6123569700277,73.476451887381
3709,106735,Shirvali Phata,2719,Outer,41.14,18.611351794334,73.4783495974264
3710,106736,Jadhav Wadi,2720,Outer,40.98,18.6111175802853,73.479842619293
3711,106737,Anjawali Fata,2721,Outer,40.67,18.6114013645817,73.4830200755745
3712,106738,Ghare Vasti,2722,Outer,40.06,18.6120894685137,73.489138945121
3713,106739,Anjawali Jawan No 3,2723,Outer,39.81,18.6151608515103,73.4924867827764
3714,106740,Anjawali Jawan No 2,2724,Outer,39.56,18.615622205688,73.4951294464931
3715,106741,Patil Vasti,2725,Outer,38.92,18.6176647349146,73.501980430544
3716,106742,Jawan Village No. 1,2726,Outer,38.52,18.6212844418185,73.5070603474722
3717,106743,Mhatre Resort,2727,Outer,37.91,18.6160339896872,73.5114802407181
3718,4871,Kashing,2728,Outer,37.43,18.6133,73.515404
3719,4872,Tidkewadi,2729,Outer,37.21,18.6094,73.516403
3720,4873,Krishna Sankul Hadsi,2730,Outer,36.95,18.606701,73.518204
3721,4874,Hadsi Talav,2731,Outer,36.66,18.6022,73.519798
3722,4875,Sathevasti Hadsi,2732,Outer,36.39,18.5954,73.520699
3723,4876,Zilla Parishad Shala Hadsi,2733,Outer,36.17,18.590599,73.521698
3724,4877,Bodke Wadi,2734,Outer,35.97,18.5895,73.523399
3725,4878,Grin Villa Phata,2735,Outer,35.18,18.583599,73.529701
3726,4879,Kolwan Police Chowki,2736,Outer,35.01,18.582399,73.531097
3727,4880,Kolwan Gaon,2737,Outer,34.71,18.5819,73.533897
3728,4881,English Medium School Kolwan,2738,Outer,34.54,18.580799,73.535301
3729,4882,Chinmay Vibhuti Company,2739,Outer,34.01,18.5774,73.539703
3730,4930,Dongargaon,2740,Outer,33.57,18.5746,73.543404
3731,4883,Sathewadi Kolwan Road,2741,Outer,33.3,18.574301,73.545998
3732,4884,Nandgaon Phata,2742,Outer,32.53,18.5737,73.553299
3733,4885,Durgawadi Phata,2743,Outer,32.21,18.5735,73.556297
3734,4886,Bhumkar Properties,2744,Outer,32.03,18.573,73.557999
3735,4887,Sharday Care Centre,2745,Outer,31.72,18.572399,73.560898
3736,4888,Chikhalgaon Phata,2746,Outer,31.21,18.572001,73.565697
3737,4889,Someswarwadi Kolwan Road,2747,Outer,30.79,18.570999,73.569504
3738,4890,Kumbre Dairy,2748,Outer,30.53,18.568899,73.571701
3739,4891,Nanegaon Phata,2749,Outer,30.1,18.5658,73.575203
3740,4892,Kule Phata,2750,Outer,29.84,18.5641,73.5774
3741,4893,Shraddha Lawns,2751,Outer,29.33,18.561701,73.581902
3742,4894,Marathewadi,2752,Outer,29.08,18.560801,73.584198
3743,4895,Modern College Kolwan Road,2753,Outer,28.7,18.5595,73.587601
3744,4896,Dakhane Phata,2754,Outer,28.09,18.556101,73.592903
3745,4897,Sai Ganesh Mangal Karyalay,2755,Outer,27.76,18.554701,73.595901
3746,4898,Ghotawade Phata Kolwan Road,2756,Outer,27.43,18.5529,73.598801
3747,4899,Jilha Parishad Shala Chale,2757,Outer,27.2,18.551001,73.6007
3748,4900,Savargaon,2758,Outer,27.02,18.5439,73.601601
3749,4901,Indira Vasti Karmoli,2759,Outer,26.9,18.5413,73.602501
3750,4902,Karmoli Phata,2760,Outer,26.5,18.5359,73.605904
3751,4903,Hulawadewadi Phata,2761,Outer,26.23,18.532,73.6082
3752,4904,Shivaji Vidyalaya,2762,Outer,25.86,18.5282239837512,73.6115649890507
3753,4905,Darvali Phata,2763,Outer,25.21,18.525801,73.617699
3754,4908,Darvali Phata,2763,Outer,25.21,18.5257,73.617699
3755,4909,Shivaji Vidyalaya,2762,Outer,25.85,18.5280720128053,73.6116528136449
3756,4910,Hulawadewadi Phata,2761,Outer,26.24,18.532,73.608101
3757,4911,Karmoli Phata,2760,Outer,26.49,18.5357,73.606003
3758,4912,Indira Vasti Karmoli,2764,Outer,26.91,18.541401,73.602402
3759,4913,Savargaon,2758,Outer,27.03,18.5441,73.601501
3760,4914,Ghotawade Phata Kolwan Road,2756,Outer,27.44,18.552999,73.598701
3761,4915,Sai Ganesh Mangal Karyalay,2755,Outer,27.76,18.554501,73.595901
3762,4916,Dakhane Phata,2754,Outer,28.09,18.556,73.592903
3763,4917,Modern College Kolwan Road,2765,Outer,28.7,18.559401,73.587601
3764,4918,Marathewadi,2752,Outer,29.11,18.560801,73.5839
3765,4919,Shraddha Lawns,2751,Outer,29.32,18.5616,73.582001
3766,4920,Kule Phata,2750,Outer,29.85,18.5641,73.577301
3767,4921,Nanegaon Phata,2749,Outer,30.1,18.565701,73.575203
3768,4922,Kumbre Dairy,2748,Outer,30.52,18.5688,73.571701
3769,4923,Someswarwadi Kolwan Road,2747,Outer,30.79,18.5709,73.569504
3770,4924,Chikhalgaon Phata,2746,Outer,31.2,18.571899,73.565804
3771,4925,Sharday Care Centre,2745,Outer,31.68,18.5723,73.561203
3772,4926,Bhumkar Properties,2744,Outer,32.05,18.573,73.5578
3773,4927,Durgawadi Phata,2766,Outer,32.22,18.5734,73.556198
3774,4928,Nandgaon Phata,2742,Outer,32.52,18.573601,73.553398
3775,4929,Sathewadi Kolwan Road,2741,Outer,33.31,18.5742,73.545898
3776,4931,Chinmay Vibhuti Company,2767,Outer,34.1,18.5779,73.539001
3777,4932,English Medium School Kolwan,2738,Outer,34.54,18.5807,73.535301
3778,4933,Kolwan Gaon,2737,Outer,34.71,18.5818,73.533897
3779,4934,Kolwan Police Chowki,2736,Outer,35.02,18.5823,73.530998
3780,4935,Grin Villa Phata,2735,Outer,35.2,18.5837,73.529503
3781,4936,Bodke Wadi,2734,Outer,35.98,18.5896,73.5233
3782,4937,Zilla Parishad Shala Hadsi,2733,Outer,36.19,18.590599,73.5215
3783,4938,Sathevasti Hadsi,2768,Outer,36.4,18.5959,73.520699
3784,4939,Hadsi Talav,2731,Outer,36.67,18.6022,73.519699
3785,4940,Krishna Sankul Hadsi,2730,Outer,36.96,18.606701,73.518097
3786,4941,Kashing,2769,Outer,37.44,18.613701,73.515404
3787,4983,Shivaji Vidyalaya Paud,2770,Outer,25.74,18.527599,73.612701
3788,4985,Bhadasgaon,2771,Outer,33.93,18.547199,73.536102
3789,4986,Gawdewadi Bhadas,2772,Outer,33.21,18.5427,73.542603
3790,4987,Shileshwar Gaon,2773,Outer,32.68,18.5427,73.5476
3791,4988,Jilla Parishad School Shileshwar,2774,Outer,32.09,18.542299,73.5532
3792,4989,Jilla Parishad School Asade,2775,Outer,31.31,18.542,73.5606
3793,4990,Pawarvasti Khubavali,2776,Outer,30.22,18.5434,73.571098
3794,4991,Khubwali,2777,Outer,29.94,18.542601,73.5737
3795,4992,Mauli Nivas,2778,Outer,29.79,18.5425529565094,73.5750683261426
3796,4993,Bhuir Farm,2779,Outer,29.57,18.5418173790122,73.5771272647489
3797,4994,Mahindra College,2780,Outer,29.18,18.5394388923395,73.5806476436563
3798,4995,Giriraj Resort,2781,Outer,28.99,18.5375,73.582298
3799,4996,Raodegaon,2782,Outer,28.59,18.530199,73.585701
3800,4997,River Vhiv,2783,Outer,28.18,18.529499,73.5896
3801,4998,Hulawadewadi,2784,Outer,27.25,18.531401,73.598503
3802,4984,Shivaji Vidyalaya Paud,2770,Outer,25.76,18.5276140880666,73.6125323862272
3803,4999,Hulawadewadi,2784,Outer,27.23,18.531401,73.598701
3804,5000,River Vhiv,2785,Outer,28.21,18.529499,73.589302
3805,5001,Raodegaon,2782,Outer,28.57,18.5301,73.585899
3806,5002,Giriraj Resort,2786,Outer,28.99,18.537201,73.582298
3807,5003,Mahindra College,2780,Outer,29.17,18.539301,73.580704
3808,5004,Bhuir Farm,2779,Outer,29.61,18.541901,73.576797
3809,5005,Pawarvasti Khubavali,2776,Outer,30.23,18.5434,73.570999
3810,5006,Jilla Parishad School Asade,2775,Outer,31.27,18.541901,73.560997
3811,5007,Jilla Parishad School Shileshwar,2774,Outer,32.06,18.5422,73.553497
3812,5008,Shileshwar Gaon,2787,Outer,32.72,18.5427,73.547203
3813,5009,Gawdewadi Bhadas,2772,Outer,33.22,18.542801,73.542503
3814,5015,Maharashtra Housing Board Samta Nagar,2788,Urban,6.23,18.561701,73.896599
3815,5016,Moze Vidyalay Samta Nagar,2789,Urban,6.12,18.5595,73.897598
3816,5018,M 23,2790,Urban,6.01,18.558201,73.8974
3817,5017,Shanti Rakshak Society,2791,Urban,5.81,18.557899,73.895103
3818,5019,Maharashtra Housing Board Corner,2792,Urban,5.71,18.5588,73.892601
3819,5020,Maharashtra Housing Board Corner,2792,Urban,5.71,18.5588,73.8927
3820,5022,Shanti Rakshak Society,2791,Urban,5.84,18.5579865505455,73.8953514912613
3821,5021,M 23,2790,Urban,6.0,18.558201,73.897301
3822,5023,Moze Vidyalay Samta Nagar,2793,Urban,6.11,18.5595,73.8974
3823,4762,Balewadi Depot,2794,Urban,11.25,18.572901,73.765503
3824,5024,Mitcon,2795,Urban,11.33,18.5751,73.765999
3825,5025,Moze Vidhyalay Balewadi,2796,Urban,11.18,18.5752091101075,73.7677899927741
3826,5026,Sai Chowk Balewadi,2797,Urban,10.85,18.574699,73.771202
3827,5027,Dasara Chowk,2798,Urban,10.41,18.5737406378344,73.7755850958213
3828,5028,Baburao Genuji Balwadkar Shala,2799,Urban,10.35,18.575001,73.777199
3829,5029,Balewadigaon,2800,Urban,10.22,18.5762,73.779701
3830,5030,Laxmi Mata Mandir Balewadi,2801,Urban,9.94,18.5735,73.7808
3831,5031,Ira Bekri,2802,Urban,9.66,18.569799,73.781303
3832,5032,Chakankarmala,2803,Urban,9.34,18.5665,73.7826
3833,106475,Indian Oil Petrol Pump Tulapur,2804,Suburban,21.76,18.6707195411343,73.9889509150451
3834,5073,Vishwa Sankruti,2805,Suburban,21.86,18.669701,73.991699
3835,5045,Tulapur Gaon,2806,Suburban,21.98,18.6691,73.994102
3836,5046,Sambhaji Maharaj Smarak,2807,Suburban,22.04,18.667999,73.9963
3837,5047,Nirgudkar Farm,2808,Suburban,22.13,18.6649,74.001099
3838,5048,Balsadan,2809,Suburban,22.19,18.6633,74.0037
3839,5049,Dyanesh Balsadan Iti,2810,Suburban,22.35,18.6611,74.008102
3840,5050,Khule Vasti Phulgaon,2811,Suburban,22.35,18.657301,74.012001
3841,5051,Phulgaon,2812,Suburban,22.36,18.654499,74.014801
3842,5052,Sainik School Fulgaon,2813,Suburban,22.33,18.651199,74.017403
3843,5064,Sakoremala,2814,Suburban,22.34,18.6492,74.019402
3844,5054,Raysoni Farm,2815,Suburban,22.39,18.646,74.022697
3845,5055,Lg Electronic Company,2816,Suburban,22.6,18.6427,74.028
3846,5056,Kukut Palan Kendra,2817,Suburban,22.66,18.6416,74.029503
3847,5057,Power House Vadhu Phata,2818,Suburban,22.8,18.6371,74.034599
3848,5058,Concentric Company,2819,Suburban,22.55,18.6334,74.034302
3849,5034,Chakankarmala,2820,Urban,9.35,18.566401,73.782402
3850,5035,Ira Bekri,2802,Urban,9.67,18.569799,73.781197
3851,5036,Laxmi Mata Mandir Balewadi,2821,Urban,9.95,18.5734,73.780701
3852,5037,Balewadigaon,2800,Urban,10.22,18.576099,73.779602
3853,5038,Baburao Genuji Balwadkar Shala,2799,Urban,10.33,18.5749,73.777298
3854,5039,Dasara Chowk,2798,Urban,10.36,18.5737,73.7761
3855,5040,Sai Chowk Balewadi,2822,Urban,10.84,18.574499,73.771202
3856,5041,Moze Vidhyalay Balewadi,2796,Urban,11.17,18.5750812738517,73.7677672373889
3857,5042,Mitcon,2795,Urban,11.33,18.5749,73.7659
3858,2733,Rajashri Housing,2823,Suburban,18.86,18.6039234203791,74.012458164495
3859,5059,Concentric Company,2824,Suburban,22.4,18.631399,74.033997
3860,5060,Power House Vadhu Phata,2825,Suburban,22.78,18.6369,74.0345
3861,5061,Kukut Palan Kendra,2826,Suburban,22.67,18.6411,74.029999
3862,5062,Lg Electronic Company,2816,Suburban,22.61,18.6425521461164,74.0281754375342
3863,5053,Sakoremala,2827,Suburban,22.34,18.649099,74.019501
3864,5065,Sainik School Fulgaon,2813,Suburban,22.32,18.6513,74.017197
3865,5066,Phulgaon,2828,Suburban,22.35,18.6546847179984,74.0145228865212
3866,5067,Khule Vasti Phulgaon,2811,Suburban,22.34,18.657301,74.011803
3867,5068,Dyanesh Balsadan Iti,2810,Suburban,22.33,18.660999,74.008003
3868,5069,Balsadan,2809,Suburban,22.2,18.6630758703939,74.0040141336067
3869,5071,Sambhaji Maharaj Smarak,2807,Suburban,22.03,18.667999,73.996101
3870,5075,Panyachi Taki Alandi,2829,Suburban,18.0,18.677099,73.899399
3871,5076,Santoshi Mata Mandir Alandi,2830,Suburban,18.0,18.676701,73.901199
3872,5077,Suiba Mangal Karyalay,2831,Suburban,17.99,18.6759,73.903801
3873,5078,Nanashree Lawns,2832,Suburban,17.95,18.674999,73.9058
3874,5079,Tanish Shrushti Society,2833,Suburban,17.87,18.6735,73.908401
3875,5080,Thorave Vasti,2834,Suburban,17.87,18.672701,73.910896
3876,5081,Dhanore Power House,2835,Suburban,17.9,18.670799,73.917297
3877,5082,Petrol Pump Dhanore,2836,Suburban,17.9,18.6702,73.9189
3878,5083,Polybond Company,2837,Suburban,17.86,18.6691,73.9207
3879,5084,Alpha Cement Company,2838,Suburban,17.86,18.668301,73.922699
3880,5085,Rashami Hitter Company,2839,Suburban,17.88,18.667299,73.925697
3881,5086,Dhanore Phata,2840,Suburban,17.95,18.6667,73.928596
3882,5087,Dattawadi Wajan Kata,2841,Suburban,18.04,18.665899,73.932404
3883,106829,Thakur Vasti,2842,Suburban,18.2,18.6659906813492,73.9356690322088
3884,5089,Solugaon,2843,Suburban,18.49,18.666,73.941498
3885,5090,Zilla Parishad Shala Solugaon,2844,Suburban,18.7,18.6663,73.944901
3886,5091,Vadgaon Shinde Phata,2845,Suburban,19.23,18.667801,73.952202
3887,5092,Hotel Tiranga,2846,Suburban,19.44,18.668301,73.955101
3888,5093,Ravin Cable,2847,Suburban,19.92,18.670401,73.959999
3889,5094,Infro Company Vajan Kata,2848,Suburban,20.29,18.671499,73.964699
3890,5095,Kamaljai Nagar,2849,Suburban,20.43,18.671801,73.966499
3891,5096,Sita Anusaya Niwas,2850,Suburban,20.93,18.6733,73.972603
3892,5097,Markalgaon,2851,Suburban,21.15,18.671,73.979301
3893,5098,Panaychi Taki Markal,2852,Suburban,21.22,18.670401,73.981201
3894,5099,Seeta Anusya Niwas,2853,Suburban,20.94,18.6732036413622,73.9728328138561
3895,5100,Nilanjan Society Soosgaon,2854,Urban,11.67,18.563101,73.7556
3896,5101,Yashvina Jeevan Orchid Society,2855,Urban,11.56,18.562799,73.756599
3897,5102,Eva Multi Specialty Hospital,2856,Urban,11.33,18.562201,73.758698
3898,5103,Sarathi Souvenir Society,2857,Urban,10.9,18.561501,73.762802
3899,5104,Wibgyor School,2858,Urban,10.67,18.560301,73.764702
3900,5105,Belakas Society,2859,Urban,10.52,18.556,73.764297
3901,5106,Mohannagar,2860,Urban,10.29,18.556801,73.766998
3902,5107,Nanavare Chowk,2861,Urban,9.98,18.5576217862772,73.7706009846387
3903,5108,Centra Corner,2862,Urban,9.82,18.5573381507117,73.7720454075101
3904,5109,Murkoote Park,2863,Urban,9.69,18.5578416143259,73.7736761891505
3905,5110,Raghunana Kalamkar Chowk,2864,Urban,9.47,18.5584467857955,73.7763315795459
3906,106782,Aagnishaman Kendr Baner,2865,Urban,9.53,18.5601899456376,73.7766706489883
3907,106783,Maitri Academy Baner,2866,Urban,9.67,18.5630846673223,73.7768197476767
3908,106784,Kalamkar Chowk,2867,Urban,9.72,18.5641830944829,73.7769163153868
3909,5269,Gulab Nagar,2868,Urban,6.05,18.466101,73.8536
3910,5270,Dhankawadi,2869,Urban,6.14,18.4655,73.850098
3911,5112,Nanavare Chowk,2870,Urban,9.97,18.5574914611182,73.770614393054
3912,5113,Mohannagar,2871,Urban,10.26,18.5564,73.767097
3913,5114,Wibgyor School,2858,Urban,10.68,18.5604,73.764603
3914,5115,Sarathi Souvenir Society,2872,Urban,10.89,18.561399,73.762901
3915,5116,Eva Multi Specialty Hospital,2856,Urban,11.32,18.562099,73.758698
3916,5117,Yashvina Jeevan Orchid Society,2855,Urban,11.54,18.5627,73.756699
3917,5123,Sant Tukaram Maharaj Krida Sankul Dehugaon,2873,Suburban,23.56,18.7188596958186,73.778278880263
3918,5124,Abhang English Medium School Dehugaon,2874,Suburban,23.8,18.7206752623015,73.7769873663798
3919,4501,Film Institute,2875,Central,3.06,18.5125202491471,73.8288827279914
3920,5125,Sant Tukaram Maharaj Society Dehugaon,2876,Suburban,24.09,18.7228439956024,73.7753708209993
3921,4502,Law College,2877,Central,2.96,18.516199,73.829002
3922,5126,Abhang Hospital Dehugaon,2878,Suburban,24.22,18.723553,73.77375
3923,4503,Bhandarkar Road,2879,Central,2.79,18.5192307599211,73.8303069757187
3924,5127,Four S School Dehu,2880,Suburban,24.34,18.724001,73.771797
3925,5273,Symbiosis College,2881,Central,2.91,18.5219452573271,73.8291361822795
3926,5128,Bhairavanath Chowk Dehugaon,2882,Suburban,24.5,18.7244,73.768898
3927,4504,Sheti Mahamandal,2883,Central,2.91,18.524599,73.829498
3928,5129,Abhang Nagari Dehugaon,2884,Suburban,24.37,18.7229,73.768204
3929,4505,Ramoshiwadi,2885,Central,2.96,18.5277,73.829697
3930,5130,Dehugaon,2886,Suburban,24.15,18.719999,73.766296
3931,4506,Shivaji Housing Society,2887,Central,3.02,18.530001,73.829903
3932,5131,Dehugaon Gram Panchayat,2888,Suburban,23.81,18.7173,73.767799
3933,4477,Bahiratwadi,2889,Central,3.18,18.5343,73.830299
3934,5132,Parndwal Chowk,2890,Suburban,23.66,18.714701,73.765198
3935,4507,Mseb Office Chaturshringi,2891,Central,3.38,18.5374216278907,73.8301721822242
3936,5133,Krushnkunj Society,2892,Suburban,23.6,18.713301,73.763298
3937,4508,Chatuhshrungi Paytha,2893,Central,3.59,18.540501,73.830002
3938,5134,Malwadi Dehu,2894,Suburban,23.5,18.7113,73.761002
3939,5135,Radha Krishna Lawns,2895,Suburban,23.3,18.7092,73.760696
3940,5136,Zendemala,2896,Suburban,22.63,18.702101,73.760002
3941,5137,Cod Depot,2897,Suburban,22.4,18.6994,73.759201
3942,5138,Tukaram Park,2898,Suburban,22.38,18.698099,73.756897
3943,6560,Mahadev Mandir Paduka,2899,Suburban,22.11,18.693275,73.753113
3944,5140,Chincholi,2900,Suburban,21.95,18.6897042415215,73.7495698100508
3945,5141,Ashok Nagar Dehu,2901,Suburban,21.68,18.685801,73.747704
3946,6596,Dehugaon Phata Dehu Road,2902,Suburban,21.43,18.6796356769445,73.7422164170109
3947,5143,Dehu Road Station,2903,Suburban,21.36,18.6787334506906,73.7418550886206
3948,5144,Cisv Dehu Road,2904,Suburban,21.16,18.6783727087053,73.7447105039256
3949,5145,Garden City,2905,Suburban,20.99,18.677999,73.747002
3950,6566,Kendriya Vidyalay Dehu Road,2906,Suburban,20.6,18.6769929096778,73.7521842623881
3951,6567,B Sub Depot,2907,Suburban,20.09,18.6755788526738,73.759037332719
3952,6568,Kohima Line,2908,Suburban,19.61,18.6734387334919,73.7641476344553
3953,5149,Puna Gate Parmar Complex,2909,Suburban,18.86,18.668301,73.769096
3954,4475,Chatuhshrungi Paytha,2910,Central,3.58,18.5404,73.830101
3955,4476,Mseb Office Chaturshringi,2911,Central,3.37,18.5375169899887,73.8303015928922
3956,4478,Shivaji Housing Society,2887,Central,3.01,18.5303,73.830101
3957,4479,Ramoshiwadi,2885,Central,2.95,18.528,73.829903
3958,4480,Sheti Mahamandal,2912,Central,2.89,18.524599,73.829697
3959,5272,Symbiosis College,2881,Central,2.9,18.5218143057926,73.8292294133683
3960,4482,Bhandarkar Road,2879,Central,2.78,18.5192727057826,73.8303981918636
3961,4483,Law College,2877,Central,2.94,18.516199,73.829201
3962,4484,Film Institute,2875,Central,3.05,18.5127454146618,73.8289109056499
3963,5153,Bhakti Shakti Garden,2913,Suburban,18.37,18.6647684997645,73.7720191901638
3964,5154,Puna Gate Parmar Complex,2909,Suburban,18.85,18.6681,73.768997
3965,5155,Kohima Line,2908,Suburban,19.62,18.6734450839345,73.7640121552873
3966,5156,B Sub Depot,2914,Suburban,20.06,18.6754,73.759399
3967,6575,Kendriya Vidyalay Dehu Road,2906,Suburban,20.59,18.6768868632421,73.7522004766124
3968,5158,Garden City,2905,Suburban,20.99,18.6779197425722,73.7469425718569
3969,5159,Cisv Dehu Road,2904,Suburban,21.15,18.678258357978,73.744768164845
3970,5160,Dehu Road Station,2903,Suburban,21.35,18.6786312104696,73.7419200999744
3971,5161,Dehugaon Phata Dehu Road,2902,Suburban,21.43,18.6796502610794,73.7421446909304
3972,5162,Ashok Nagar Dehu,2901,Suburban,21.71,18.6861,73.747704
3973,5163,Chincholi,2900,Suburban,21.96,18.6898408193882,73.749603331089
3974,5164,Mahadev Mandir Paduka,2899,Suburban,22.1,18.6933,73.753197
3975,5165,Tukaram Park,2915,Suburban,22.37,18.697701,73.756302
3976,5166,Cod Depot,2916,Suburban,22.41,18.699699,73.759499
3977,5167,Zendemala,2896,Suburban,22.65,18.702299,73.759903
3978,5168,Radha Krishna Lawns,2895,Suburban,23.32,18.709299,73.760597
3979,5169,Malwadi Dehu,2917,Suburban,23.52,18.7115,73.761002
3980,5170,Krushnkunj Society,2892,Suburban,23.62,18.713499,73.763397
3981,5172,Dehugaon Gram Panchayat,2888,Suburban,23.83,18.7174134828068,73.7677377225706
3982,506,Sai Chowk Navi Sangvi,2918,Urban,7.75,18.5783717023223,73.8158887864253
3983,507,Krushna Bazar Chowk,2919,Urban,8.08,18.5817008302555,73.8155615509377
3984,508,Katepuram Chowk,2920,Urban,8.43,18.5858,73.8162
3985,471,Gajanan Maharaj Nagar Pimplegurav,2921,Urban,8.63,18.5864450608962,73.8137376637828
3986,470,Ram Nagar Pimple Gurav,2922,Urban,8.89,18.5886466917199,73.8128364498703
3987,469,Ambedkar Nagar Pimplegurav,2923,Urban,8.9,18.590799,73.816597
3988,931,Bhosari Terminal,2924,Urban,11.63,18.624901,73.851601
3989,933,Optonica Company,539,Urban,10.99,18.6184015996809,73.8428804753879
3990,472,Katepuram Chowk,2920,Urban,8.42,18.5856677691832,73.8162222845017
3991,473,Krushna Bazar Chowk,2919,Urban,8.1,18.5819401328333,73.8155966989766
3992,474,Sai Chowk Navi Sangvi,2925,Urban,7.79,18.5789145565947,73.8160658354833
3993,5187,Parhadvasti,2926,Outer,32.08,18.741699,74.052002
3994,2828,Karnadi Gaon,1655,Outer,31.71,18.728901,74.061996
3995,5189,Kendur Chaufula,2927,Outer,29.62,18.716499,74.046997
3996,5190,Manjre Vasti Canol,2928,Outer,29.19,18.718599,74.0383
3997,5191,Shete Vasti,2929,Outer,28.86,18.719999,74.0317
3998,5192,Tube Investment Company,2930,Outer,28.74,18.7201,74.0299
3999,5193,Sablewadi Shikrapur Road,2931,Outer,28.59,18.723301,74.023399
4000,5194,Bijness Center Shikrapur Road,2932,Outer,28.45,18.7234,74.021103
4001,5195,Dabre Vasti,2933,Outer,28.25,18.7257,74.014702
4002,5196,Bahulai Vasti,2934,Outer,27.84,18.726801,74.006302
4003,5197,Sidhigavhan Phata,2935,Outer,27.57,18.7269,74.001503
4004,5198,Bahulphata,2936,Outer,27.42,18.727301,73.998199
4005,5199,Vaishnavi Dhaba,2937,Outer,27.15,18.73,73.988899
4006,5200,Ramling Ware House,2938,Outer,26.9,18.7309,73.982498
4007,6993,Mohitewadi Shikrapur Road / Mohitewadi,2939,Outer,26.73,18.7331306074383,73.9748700212923
4008,5202,Mohitewadi Petrol Pump,2940,Outer,26.56,18.734301,73.968803
4009,5203,Krushi Utpanna Bazar Samiti,2941,Outer,26.2,18.735701,73.957802
4010,5204,Shell Pimpalgaon,2942,Outer,26.0,18.736099,73.952003
4011,5205,Chakan Phata,2943,Outer,25.63,18.735201,73.945
4012,5206,Shelgaon,2944,Outer,25.48,18.733101,73.946602
4013,5207,Koyali Phata,2945,Suburban,24.79,18.726999,73.945
4014,5208,Khandoba Mandir Wadgaonghenand,2946,Suburban,24.22,18.7222,73.9431
4015,5209,Vadgaon Ghenand Shala,2947,Suburban,23.81,18.7192,73.940598
4016,5210,Bhose Phata,2948,Suburban,23.58,18.718599,73.936302
4017,5211,Pawarvasti Wadgaonghenan,2949,Suburban,23.09,18.7145,73.934502
4018,5212,Gavhanevasti Bahul Road,2950,Suburban,22.44,18.709499,73.931
4019,5213,Steel Tube Company,2951,Suburban,20.91,18.6987,73.919701
4020,5214,Saigarden,2952,Suburban,20.72,18.6975,73.917702
4021,5215,Richards Company,2953,Suburban,20.51,18.6959,73.916496
4022,5216,Thakurvasti,2954,Suburban,20.18,18.693199,73.915199
4023,5217,Vishrantwad,2955,Suburban,19.79,18.6905,73.911797
4024,5218,Kurhadvasti,2956,Suburban,19.34,18.687599,73.907303
4025,5219,Devpari Maharaj Mandir,2957,Suburban,19.05,18.685499,73.905098
4026,5220,Goshala Vadgaon Ghenand Road,2958,Suburban,18.55,18.681801,73.901398
4027,5221,Vitthalbaba Darga,2959,Suburban,18.19,18.6789,73.899399
4028,5222,Alandi Police Chowky,2960,Suburban,17.85,18.675972047244,73.8984886736517
4029,6542,Magzine Bhosari Road,2961,Suburban,12.63,18.632799,73.873802
4030,5223,Alandi Police Chowky,2962,Suburban,17.86,18.676001,73.898804
4031,5224,Devpari Maharaj Mandir,2957,Suburban,19.05,18.685499,73.904999
4032,5225,Kurhade Vasti,2963,Suburban,19.36,18.6877,73.907402
4033,5226,Vishrantwad,2964,Suburban,19.73,18.6901,73.9114
4034,5088,Thakur Vasti,2965,Suburban,20.17,18.6931455986185,73.9150702873773
4035,5227,Richard Company,2966,Suburban,20.54,18.696199,73.916603
4036,5228,Saigarden Bahul Road,2967,Suburban,20.74,18.6976757776442,73.9179481079442
4037,5229,Shivam Steel Tube Company,2968,Suburban,20.93,18.6989,73.919701
4038,5230,Gavhane Vasti Bahul Road,2969,Suburban,22.46,18.7097,73.931099
4039,5231,Pawar Vasti Wadgaonghenand,2970,Suburban,23.12,18.714701,73.9347
4040,5232,Vadgaon Ghenand Shala,2947,Suburban,23.82,18.719299,73.940598
4041,5233,Khandoba Mandir Wadgaonghenand,2946,Suburban,24.23,18.7223,73.9431
4042,5234,Koyali Phata,2945,Suburban,24.81,18.7272,73.945
4043,5235,Shelgaon,2944,Outer,25.46,18.733,73.946503
4044,5236,Chakan Phata,2943,Outer,25.64,18.7353,73.944901
4045,5237,Shell Pimpalgaon,2942,Outer,26.0,18.7362,73.951797
4046,7035,Krushi Utpanna Bajar Samiti,2971,Outer,26.22,18.7357379873312,73.9582014083862
4047,5239,Mohitewadi Petrol Pump,2972,Outer,26.54,18.7346,73.967796
4048,5240,Mohitewadi Shikrapur Road,2973,Outer,26.74,18.7331007537228,73.9751234624314
4049,5241,Ramling Ware House,2938,Outer,26.89,18.731001,73.982101
4050,5242,Vaishnavi Dhaba,2937,Outer,27.16,18.7302,73.988701
4051,5243,Bahulphata,2936,Outer,27.43,18.7274,73.998299
4052,5244,Sidhigavhan Phata,2974,Outer,27.57,18.726999,74.001297
4053,5245,Bahulai Vasti,2934,Outer,27.82,18.7269,74.005699
4054,5246,Dabre Vasti,2933,Outer,28.28,18.7258,74.0149
4055,5247,Bijness Center Shikrapur Road,2932,Outer,28.47,18.723499,74.021202
4056,5248,Sablewadi Shikrapur Road,2931,Outer,28.6,18.723301,74.023499
4057,5249,Tube Investment Company,2930,Outer,28.77,18.7202,74.030098
4058,5250,Shete Vasti,2929,Outer,28.9,18.7201,74.032303
4059,5251,Manjre Vasti Canol,2928,Outer,29.19,18.718901,74.037903
4060,5253,Canol Karnadi Road,2975,Outer,30.23,18.7227,74.048302
4061,5262,Poultry Farm Pabal Road,1638,Outer,38.87,18.8183,74.049797
4062,5264,Tube Company,2976,Outer,39.91,18.825701,74.055901
4063,5268,Pabal Gaon,1633,Outer,40.05,18.8297633505354,74.051451904161
4064,5347,Colony Number 10,2977,Urban,5.61,18.495501,73.810402
4065,5348,Dahanukar Colony,2978,Urban,5.72,18.496,73.808899
4066,5349,Andh Shala Kothrud,2979,Urban,6.24,18.496099,73.803398
4067,5350,Sahajanand Society,2980,Urban,6.35,18.496401,73.802002
4068,5351,Mahesh Vidyalay,2981,Urban,6.21,18.499701,73.802002
4069,5352,Ashish Garden,2982,Urban,6.09,18.5021,73.802299
4070,5353,Guru Ganesh Nagar,2983,Urban,6.34,18.502899,73.7995
4071,5354,Kumbare Park,2984,Urban,6.46,18.503201,73.798203
4072,5297,Katar Khadak,2985,Outer,31.24,18.612101,73.576599
4073,5298,Bahirwadi,2986,Outer,30.56,18.6092,73.582298
4074,5299,Avanti Kalagram,2987,Outer,30.15,18.6077,73.585899
4075,5300,Khanekarwada,2988,Outer,29.78,18.605,73.5886
4076,5301,Tavre Vasti Khamboli Road,2989,Outer,29.39,18.6053715466845,73.5927173439392
4077,5302,Khamboli,2990,Outer,28.9,18.6043,73.597198
4078,5303,Mohol Vidyalay,2991,Outer,28.59,18.602301,73.599602
4079,5304,Nishigandha Farm,2992,Outer,27.69,18.5954,73.606201
4080,5305,Pimpavali Phata,2993,Outer,27.36,18.5937,73.608902
4081,5306,Jawalgaon,2994,Outer,27.11,18.5912,73.610603
4082,5307,Kemsewadi,2995,Outer,26.62,18.5874,73.614304
4083,5308,Kemsewadi Shala,2996,Outer,26.05,18.5833,73.618698
4084,5309,Rasalwadi Phata,2997,Outer,25.76,18.5807,73.620796
4085,5310,Farm House Khamboli Road,2998,Outer,25.38,18.5788,73.624001
4086,5311,Padalgharwadi,2999,Suburban,24.66,18.5773993759464,73.6306688058017
4087,5312,Vitbhatti Rehe,3000,Suburban,24.08,18.5765,73.636101
4088,5313,Rihegaon,3001,Suburban,23.58,18.576599,73.640999
4089,5314,Poultry Farm Bodkewadi,3002,Suburban,22.85,18.5742,73.647499
4090,5315,Matere Vasti,3003,Suburban,22.23,18.572201,73.653
4091,5316,Materewadi,3004,Suburban,21.3,18.569218818832,73.6613016766235
4092,5317,Saibaba Mandir Materewadi,3005,Suburban,21.05,18.566601,73.663101
4093,5318,Rihe Phata,3006,Suburban,20.3,18.557301,73.668098
4094,5319,Shewalewadi Rehe,3007,Suburban,20.26,18.5553,73.668098
4095,5320,Dimpal Chemicals,3008,Suburban,20.08,18.551701,73.669098
4096,5321,Hotel Rajyog Ghotavade Road,3009,Suburban,20.08,18.5494,73.668701
4097,1910,Bhare Phata,3010,Suburban,19.8,18.535101,73.669502
4098,5324,Hotel Rajyog Ghotavade Road,3011,Suburban,20.0,18.5453,73.6688
4099,5325,Dimpal Chemicals,3008,Suburban,20.08,18.5516,73.669098
4100,5326,Shewalewadi Rehe,3012,Suburban,20.08,18.5532,73.669403
4101,5327,Rihe Phata,3006,Suburban,20.3,18.557199,73.668098
4102,5328,Saibaba Mandir Materewadi,3013,Suburban,20.88,18.563801,73.664001
4103,5329,Materewadi,3004,Suburban,21.29,18.5689861293335,73.6613653665961
4104,5330,Matere Vasti,3014,Suburban,22.29,18.5723,73.652496
4105,5331,Poultry Farm Bodkewadi,3002,Suburban,22.86,18.5741,73.6474
4106,5332,Rihegaon,3015,Suburban,23.51,18.5767,73.641701
4107,5333,Vitbhatti Rehe,3016,Suburban,24.67,18.5773383361871,73.6305588562704
4108,5334,Padalgharwadi,3017,Outer,25.02,18.5774,73.627098
4109,5335,Farm House Khamboli Road,2998,Outer,25.43,18.5791,73.623596
4110,5336,Rasalwadi Phata,3018,Outer,25.74,18.5805,73.620903
4111,5337,Kemsewadi Shala,2996,Outer,26.06,18.5833,73.618599
4112,5338,Kemsewadi,2995,Outer,26.63,18.5874,73.614197
4113,5339,Jawalgaon,3019,Outer,27.12,18.5912,73.610497
4114,5340,Pimpavali Phata,2993,Outer,27.36,18.593599,73.608902
4115,5341,Nishigandha Farm,2992,Outer,27.7,18.5954,73.606102
4116,5342,Mohol Vidyalay,2991,Outer,28.6,18.6024,73.599503
4117,5343,Khamboli,2990,Outer,28.91,18.6043,73.597099
4118,5344,Tavre Vasti Khamboli Road,2989,Outer,29.4,18.605499,73.592598
4119,5345,Avanti Kalagram,2987,Outer,30.16,18.6077,73.5858
4120,5346,Katar Khadak,3020,Outer,31.25,18.612,73.576401
4121,5370,Jambhulwadi,3021,Urban,10.41,18.4284,73.838303
4122,5371,Jambhulakar Vasti,3022,Urban,9.97,18.431801,73.8423
4123,5372,Pimplekar Vasti,3023,Urban,9.8,18.4331,73.844002
4124,5373,Datta Mandir Jambhulwadi Road,3024,Urban,9.48,18.435801,73.845497
4125,5374,Lipane Vasti,3025,Urban,9.16,18.438601,73.846703
4126,5375,Ambegaon Phata,3026,Urban,8.91,18.4408,73.847198
4127,5376,Shani Nagar,3027,Urban,8.79,18.441799,73.847504
4128,5377,Telco Colony,3028,Urban,8.46,18.4447,73.848602
4129,5361,Chakradhar Shala,3029,Urban,8.19,18.4471,73.848999
4130,5362,Telco Colony,3030,Urban,8.46,18.4447,73.848396
4131,5363,Shani Nagar,3031,Urban,8.77,18.441999,73.847397
4132,5364,Ambegaon Phata,3032,Urban,8.95,18.4405,73.846703
4133,5365,Lipane Vasti,3033,Urban,9.2,18.4382,73.846497
4134,5366,Datta Mandir Jambhulwadi Road,3024,Urban,9.47,18.4359,73.845398
4135,5367,Pimplekar Vasti,3023,Urban,9.84,18.4328,73.843803
4136,5368,Jambhulakar Vasti,3022,Urban,9.93,18.432199,73.842102
4137,5369,Jambhulwadi,3021,Urban,10.4,18.428499,73.838402
4138,5381,Nibm Corner,3034,Urban,5.62,18.4818855544765,73.8911736103155
4139,5382,Indira Vasahat Kondhwa,3035,Urban,5.73,18.4824095895784,73.893474902052
4140,5379,Borade Nagar,3036,Urban,5.82,18.4822213436792,73.8943922511681
4141,5383,Kedari Nagar Corner,3037,Urban,5.73,18.4893,73.900002
4142,3252,Kedari Nagar Corner,3037,Urban,5.73,18.489401,73.900101
4143,3274,Kedari Nagar,1826,Urban,6.04,18.485399,73.900497
4144,3273,Abc Farm,1827,Urban,6.33,18.481598378066,73.9006868004799
4145,5378,Indira Vasahat Kondhwa,3038,Urban,6.12,18.481701,73.897903
4146,5380,Nibm Corner,3034,Urban,5.63,18.4818499355807,73.8912645425865
4147,5424,Gujarwadi Pmt Bus Stand,3039,Urban,8.88,18.4406339243371,73.8600848838702
4148,5425,Gujarwadi Phata,3040,Urban,9.14,18.438299,73.860703
4149,5426,Mangdewadi Petrol Pump,3041,Urban,9.36,18.4363,73.860603
4150,5427,Mangdewadi Phata,3042,Urban,10.23,18.4284,73.8573
4151,5420,Bhilarewadi,3043,Urban,10.9,18.4224,73.860199
4152,5428,Stage Kramank 6,3044,Urban,11.05,18.421,73.858498
4153,5429,Stage Kramank 7,3045,Urban,11.42,18.4177,73.856903
4154,5430,Waghjai Mandir,3046,Urban,11.98,18.412701,73.858299
4155,5431,Dak Bungalow,3047,Suburban,12.8,18.4053,73.856102
4156,5432,Ghat Utar Valan,3048,Suburban,13.29,18.4009,73.857101
4157,5433,Gogalwadi Phata,3049,Suburban,15.07,18.384899,73.856102
4158,5434,Shindewadi Satara Road,3050,Suburban,15.78,18.3785,73.855301
4159,5435,Sasewadi Phata,3051,Suburban,16.44,18.372601,73.855301
4160,5436,Om Company,3052,Suburban,16.83,18.369101,73.854103
4161,5437,Velu Phata,3053,Suburban,17.37,18.364201,73.853798
4162,5438,Grand Hotel,3054,Suburban,17.91,18.3594,73.853699
4163,5439,Shivapurbaug,3055,Suburban,18.4,18.355,73.853104
4164,5440,Kodhanpur Phata,3056,Suburban,19.07,18.349001,73.851898
4165,5441,Khed Shivapur,3057,Suburban,19.86,18.341801,73.8535
4166,5405,Bande Farm House,3058,Suburban,19.25,18.347401,73.850197
4167,5442,Ovhal Vasti,3059,Suburban,19.65,18.343901,73.848
4168,5443,Shreeram Nagar,3060,Suburban,19.78,18.342899,73.844597
4169,5444,Landgemala,3061,Suburban,20.11,18.34,73.843002
4170,5445,Shivapurwada,3062,Suburban,20.04,18.341,73.838799
4171,5446,Prathamik Arogya Kendra Shivapur,3063,Suburban,19.87,18.342899,73.835098
4172,5447,A Farm,3064,Suburban,19.45,18.347601,73.8283
4173,5448,Gulnur Farm,3065,Suburban,19.38,18.3484807526018,73.8265414619471
4174,5449,Chillal Masala Company,3066,Suburban,19.35,18.3493,73.823303
4175,5450,Arvi Phata,3067,Suburban,19.32,18.3503,73.819199
4176,5395,Emuji Company,3068,Suburban,19.52,18.350324990768,73.8107040130014
4177,5451,Poultry Farm Kandhare,3069,Suburban,19.66,18.3503,73.805702
4178,5452,Diamond Watch Company,3070,Suburban,19.89,18.3494,73.801498
4179,5453,Tarangan Garden,3071,Suburban,20.01,18.3494,73.797501
4180,5454,Kondhanpur,3072,Suburban,20.02,18.349551069096,73.7969221873754
4181,5391,Kondhanpur,3073,Suburban,20.02,18.349701,73.796204
4182,5392,Tarangan Garden,3071,Suburban,20.01,18.3494,73.7976
4183,5393,Diamond Watch Company,3074,Suburban,19.53,18.3503,73.810501
4184,5394,Poultry Farm Kandhare,3069,Suburban,19.65,18.350401,73.805801
4185,5396,Arvi Phata / Arvi Gaon,3075,Suburban,19.33,18.3503154408089,73.8190504064887
4186,5397,Chillal Masala Company,3066,Suburban,19.36,18.349199,73.823303
4187,5398,Gulnur Farm,3076,Suburban,19.39,18.3485085681476,73.8258504762362
4188,5399,A Farm,3077,Suburban,19.44,18.347601,73.828598
4189,5400,Prathamik Arogya Kendra Shivapur,3063,Suburban,19.88,18.3428,73.835098
4190,5401,Shivapurwada,3062,Suburban,20.05,18.3409,73.838699
4191,5402,Landgemala,3061,Suburban,20.12,18.339899,73.842796
4192,5403,Shreeram Nagar,3060,Suburban,19.75,18.3431,73.8452
4193,5404,Ovhal Vasti,3059,Suburban,19.66,18.3438,73.848
4194,5406,Kodhanpur Phata,3056,Suburban,19.1,18.3487,73.851601
4195,5407,Khed Shivapur,3078,Suburban,19.87,18.3417,73.853401
4196,5408,Shivapurbaug,3055,Suburban,18.37,18.3552,73.852798
4197,5409,Grand Hotel,3079,Suburban,17.88,18.3596,73.853302
4198,5410,Velu Phata,3053,Suburban,17.35,18.364401,73.8535
4199,5411,Om Company,3052,Suburban,16.8,18.369301,73.8536
4200,5412,Sasewadi Phata,3051,Suburban,16.4,18.3729,73.855003
4201,5413,Shindewadi Satara Road,3080,Suburban,15.69,18.379299,73.855103
4202,5414,Gogalwadi Phata,3049,Suburban,15.06,18.385,73.855698
4203,5415,Ghat Utar Valan,3048,Suburban,13.28,18.400999,73.857002
4204,5416,Dak Bungalow,3047,Suburban,12.82,18.4051,73.856003
4205,5417,Waghjai Mandir,3081,Suburban,12.0,18.4125,73.8582
4206,5418,Stage Kramank 7,3045,Urban,11.41,18.417801,73.856796
4207,5419,Stage Kramank 6,3044,Urban,11.05,18.421,73.858299
4208,5421,Mangdewadi Phata,3042,Urban,10.26,18.428101,73.8573
4209,5422,Mangdewadi Petrol Pump,3082,Urban,9.37,18.436199,73.860397
4210,5423,Gujarwadi Phata,3040,Urban,9.15,18.4382,73.860603
4211,5731,Rajas Society,3083,Urban,7.54,18.452999,73.864197
4212,5729,Rajas Society Galli No 6,3084,Urban,7.6,18.4524,73.863899
4213,5728,Pragati Udyan,3085,Urban,7.86,18.450001,73.8629
4214,173,Sarasbaug,3086,Central,1.97,18.5028922722082,73.8538125131059
4215,5730,Rajas Society,3087,Urban,7.57,18.452801,73.864899
4216,3943,Girme Aali,3088,Outer,27.24,18.341299,74.032898
4217,3942,Chokhande Aali,3089,Outer,27.37,18.3396,74.0327
4218,3941,Saswad Court,3090,Outer,27.3,18.337601,74.029503
4219,3940,Supe Khurd Phata,3091,Outer,27.19,18.3361,74.0261
4220,3939,Jivala Ashram,3092,Outer,27.11,18.334198,74.022621
4221,3938,Shete Mala Saswad Road,3093,Outer,27.05,18.332199,74.019203
4222,3937,Shivshambho Dairy,3094,Outer,26.89,18.329,74.012497
4223,3936,Vandekar Petrol Pump,3095,Outer,26.8,18.327299,74.008698
4224,3935,Ghorewadi,3096,Outer,26.8,18.3242,74.004303
4225,3934,Umaji Naik High School,3097,Outer,26.78,18.3234,74.0028
4226,3933,Vandekarvasti,3098,Outer,26.74,18.3221,74.000099
4227,3932,Takmalwadi,3099,Outer,26.73,18.3207,73.997704
4228,3931,Bhiwadi,3100,Outer,26.7,18.3188,73.994102
4229,3930,Panyachi Taki Bhiwadi,3101,Outer,26.69,18.315693,73.9888
4230,3929,Sri Srishti Garden Hotel,3102,Outer,26.73,18.3125,73.983902
4231,3928,Pokharkar Phata,3103,Outer,26.95,18.3081,73.980003
4232,3927,Kille Purandar Phata,3104,Outer,27.11,18.305901,73.978897
4233,3926,Narayanpur,3105,Outer,27.32,18.3016,73.974602
4234,5468,Borkar Vasti Narayanpur Road,3106,Outer,27.44,18.299232,73.972115
4235,5469,Narayan Dham,3107,Outer,27.59,18.296696,73.96978
4236,5470,Royal Purandar,3108,Outer,27.76,18.2932,73.965797
4237,5471,Chivhewadi,3109,Outer,28.56,18.283474,73.96125
4238,5472,Zilla Parishad School Chivhewadi,3110,Outer,28.55,18.2826608204547,73.9589947093381
4239,5473,Green Hills Hotel,3111,Outer,28.51,18.28261082575,73.9577132042689
4240,5474,Deodi,3112,Outer,28.15,18.283392,73.950562
4241,5475,Shanti Niwas,3113,Outer,28.41,18.2788173083048,73.9442096242983
4242,5476,Bathe Farm House,3114,Outer,28.68,18.2745,73.938797
4243,5578,Vangniwadi,3115,Suburban,24.45,18.315001,73.774101
4244,5477,Sejal Resort,3116,Outer,28.95,18.271,73.935402
4245,5579,Zilla Parishad Shala Vangniwadi,3117,Suburban,24.68,18.3125,73.774803
4246,5478,Ketkawale,3118,Outer,29.16,18.2677476131618,73.9308328069739
4247,5580,Tale Mach,3119,Outer,25.33,18.3074,73.7715
4248,5528,Balaji Mandir Phata,3120,Outer,29.97,18.2593762113479,73.9273786585842
4249,5581,Dadoji Konddev Vidhyalay Vangni,3121,Outer,25.67,18.3043,73.771202
4250,5480,Balaji Mandir Ketkawle,3122,Outer,30.12,18.2577,73.926201
4251,5582,Zilla Parishad Shala Vangni,3123,Outer,25.87,18.302401,73.771103
4252,9297,Balaji Mandir Phata,3124,Outer,30.59,18.2532287938742,73.9259102248989
4253,5583,Vangni,3125,Outer,25.94,18.3016,73.7715
4254,5481,Kumbhoshi Phata,3126,Outer,30.78,18.251252905709,73.9247153817739
4255,5584,Vangnigaon Kaman,3127,Outer,26.09,18.3001,73.771698
4256,5482,Divale,3128,Outer,31.41,18.2443707003107,73.9199693956923
4257,5585,Shree Malai Mata Mandir,3129,Outer,26.28,18.297899,73.772598
4258,8077,Kapurhoal,3130,Outer,32.6,18.2321,73.912598
4259,5586,Dhebe Vasti,3131,Outer,26.79,18.292999,73.772903
4260,5484,Harichandri,3132,Outer,32.04,18.236099,73.906403
4261,5587,Katwadi Phata,3133,Outer,26.99,18.2908,73.773804
4262,5485,Khutwad Vasti,3134,Outer,30.9,18.2453,73.897797
4263,5588,Mangdari,3135,Outer,27.29,18.2871,73.776398
4264,5486,Kamthadi,3136,Outer,30.01,18.2526,73.891998
4265,5589,Malwadi Mangdari,3137,Outer,27.48,18.284901,73.777702
4266,5487,Degaon Phata,3138,Outer,29.77,18.254601,73.890297
4267,5590,Nigde Phata,3139,Outer,27.79,18.281099,73.7808
4268,5488,Cheladi Phata,3140,Outer,29.26,18.258699,73.885399
4269,5591,Naman Buwa Mandir,3141,Outer,27.87,18.2801,73.7817
4270,5592,Shree Ram Rice Mil,3142,Outer,28.4,18.2757,73.779503
4271,5489,Pawarwadi Cheladi,3143,Outer,28.76,18.263,73.883202
4272,5593,Mangdari Phata,3144,Outer,28.58,18.274099,73.779198
4273,5490,Pasalkar Vasti,3145,Outer,28.42,18.2659,73.881798
4274,5594,Shinde Vasti Karanjavane,3146,Outer,28.66,18.2729,73.7808
4275,5491,Kelwade Phata,3147,Outer,27.57,18.2733,73.8787
4276,5595,Jivan Jyoti Mahila Sanstha,3148,Outer,28.73,18.270399,73.788002
4277,5492,Shivanand Enclave Company,3149,Outer,27.49,18.274,73.878403
4278,5596,Lonkar Farm House,3150,Outer,28.83,18.2679,73.7948
4279,5493,Kalubai Mandir Warve,3151,Outer,25.23,18.294001,73.871902
4280,5698,Talekar Vasti,3152,Outer,28.85,18.266721,73.799249
4281,5494,Shivaneri Mangal Karyalay,3153,Suburban,24.89,18.2971,73.872803
4282,5597,Saraswati Vidyalay Ambavane,3154,Outer,28.73,18.267099,73.802902
4283,5495,Varave Khurd,3155,Suburban,24.42,18.3013,73.872902
4284,5598,Ambavane,3156,Outer,28.62,18.2677,73.805298
4285,5496,Varvegaon,3157,Suburban,24.15,18.3036,73.870102
4286,5599,Sainakar Farm,3158,Outer,28.56,18.2675,73.809303
4287,5497,Pravin Masala Company,3159,Suburban,22.92,18.3143766508493,73.8635287140154
4288,5600,Ghore Padal,3160,Outer,28.52,18.266899,73.815697
4289,5498,Universal Company,3161,Suburban,22.77,18.3156986021815,73.861835192244
4290,5601,Hotel Amrutraj,3162,Outer,28.55,18.2661,73.819504
4291,5499,Shiwre Phata,3163,Suburban,22.6,18.3172,73.8601
4292,5602,Hotel Marath Darbar,3164,Outer,28.56,18.2656,73.822403
4293,5500,Pulachiwadi,3165,Suburban,22.02,18.322399,73.8564
4294,5603,Kurangawadi Phata,3166,Outer,28.58,18.2651,73.825302
4295,5501,Bormal,3167,Suburban,21.23,18.3295,73.852203
4296,5604,Hotel Sonali,3168,Outer,28.64,18.2638,73.832901
4297,5502,Shivray Mangal Karyalay,3169,Suburban,20.85,18.332899,73.852501
4298,5605,Vitabhatti Jambhali,3170,Outer,28.75,18.262501,73.8367
4299,5503,Hotel Sagar,3171,Suburban,20.35,18.3374,73.852997
4300,5606,Poultry Farm Jambhali,3172,Outer,28.86,18.2614,73.839104
4301,5607,Jambhali,3173,Outer,28.95,18.2605,73.841202
4302,5608,Bhilare Vasti,3174,Outer,29.15,18.258499,73.845001
4303,5609,Swranjali Mangal Karyalay,3175,Outer,29.29,18.257099,73.848297
4304,5610,Virwadi,3176,Outer,29.8,18.252399,73.853996
4305,5611,Matoshree Mangal Karyalay,3177,Outer,29.92,18.251301,73.857002
4306,5612,Didghar,3178,Outer,30.16,18.249201,73.863403
4307,5613,Shiv Shambho Lawns,3179,Outer,30.44,18.246901,73.869797
4308,5614,Malegaon,3180,Outer,30.38,18.247601,73.871902
4309,5615,Vijaykumar Aathavale Vidyalay,3181,Outer,30.2,18.2493,73.874001
4310,5616,Nidan Sangavi Phata,3182,Outer,30.36,18.2479,73.875198
4311,5617,Baneshvar Phatha,3183,Outer,30.32,18.2484,73.877296
4312,5618,Bhairavanat Mandir,3184,Outer,30.29,18.2488,73.878403
4313,5619,Nasarapur St Stand,3185,Outer,30.07,18.2509,73.880501
4314,5620,Sopankaka Sahakari Bank,3186,Outer,29.65,18.254999,73.883598
4315,5621,Shivanand Enclave Company,3187,Outer,26.37,18.283899,73.875099
4316,5505,Hotel Sagar,3188,Suburban,20.3,18.3379,73.853203
4317,5506,Shivray Mangal Karyalay,3169,Suburban,20.89,18.3326,73.852798
4318,5507,Bormal,3189,Suburban,21.4,18.327999,73.852402
4319,5508,Pulachiwadi,3190,Suburban,22.02,18.322399,73.856598
4320,5509,Shiwre Phata,3191,Suburban,22.55,18.3176,73.859901
4321,5510,Universal Company,3161,Suburban,22.74,18.3159804345957,73.862115951802
4322,5511,Pravin Masala Company,3192,Suburban,22.89,18.3146478931362,73.8638063265931
4323,5504,Katraj Gujarwadi,3193,Urban,8.76,18.4416412179579,73.8597992457037
4324,5512,Varvegaon,3157,Suburban,24.11,18.304001,73.870399
4325,5513,Varave Khurd,3155,Suburban,24.41,18.301399,73.873199
4326,5514,Shivaneri Mangal Karyalay,3153,Suburban,24.94,18.2966,73.872902
4327,5515,Kalubai Mandir Warve,3151,Outer,25.18,18.294399,73.8722
4328,5622,Shivanand Enclave Company,3187,Outer,26.4,18.2836,73.875397
4329,5517,Kelwade Phata,3194,Outer,27.53,18.273701,73.878899
4330,5518,Pasalkar Vasti,3145,Outer,28.39,18.266199,73.881897
4331,5519,Pawarwadi Cheladi,3143,Outer,28.75,18.2630508743501,73.8834000080853
4332,5520,Cheladi Phata,3140,Outer,29.22,18.259001,73.885498
4333,5623,Sopankaka Sahakari Bank,3186,Outer,29.66,18.2549,73.883598
4334,5624,Nasarapur St Stand,3185,Outer,30.09,18.2507,73.880501
4335,5625,Bhairavanat Mandir,3184,Outer,30.3,18.248699,73.878304
4336,5626,Baneshvar Phatha,3183,Outer,30.32,18.2484,73.877403
4337,5627,Nidan Sangavi Phata,3182,Outer,30.39,18.2477,73.875198
4338,5628,Vijaykumar Aathavale Vidyalay,3181,Outer,30.21,18.249201,73.873802
4339,5629,Shiv Shambho Lawns,3179,Outer,30.45,18.246799,73.869797
4340,5630,Didghar,3178,Outer,30.16,18.249201,73.862801
4341,5631,Matoshree Mangal Karyalay,3177,Outer,29.93,18.2512,73.857101
4342,5632,Virwadi,3176,Outer,29.8,18.252399,73.853699
4343,5633,Swranjali Mangal Karyalay,3175,Outer,29.3,18.257,73.848396
4344,5634,Bhilare Vasti,3195,Outer,29.14,18.2586,73.8452
4345,5635,Jambhali,3173,Outer,28.96,18.260401,73.841202
4346,5636,Poultry Farm Jambhali,3172,Outer,28.88,18.2612,73.839302
4347,5637,Vitabhatti Jambhali,3170,Outer,28.76,18.262501,73.836502
4348,5638,Hotel Sonali,3168,Outer,28.65,18.2637,73.833099
4349,5639,Kurangawadi Phata,3196,Outer,28.59,18.264999,73.8255
4350,5640,Hotel Marath Darbar,3164,Outer,28.57,18.2656,73.822197
4351,5641,Hotel Amrutraj,3197,Outer,28.55,18.2661,73.819099
4352,5516,Shivanand Enclave Company,3198,Outer,26.19,18.2855,73.874802
4353,5642,Ghore Padal,3199,Outer,28.52,18.266899,73.815498
4354,5643,Sainakar Farm,3158,Outer,28.56,18.2675,73.809196
4355,5644,Ambavane,3156,Outer,28.63,18.267599,73.805099
4356,5521,Degaon Phata,3200,Outer,29.64,18.255699,73.889603
4357,5645,Lonkar Farm House,3150,Outer,28.83,18.2679,73.794701
4358,5522,Kamthadi,3136,Outer,30.0,18.252701,73.892197
4359,5646,Jivan Jyoti Mahila Sanstha,3148,Outer,28.74,18.2703,73.787903
4360,5523,Khutwad Vasti,3134,Outer,30.89,18.245399,73.898102
4361,5647,Shinde Vasti Karanjavane,3146,Outer,28.67,18.2728,73.780899
4362,5524,Harichandri,3201,Outer,32.02,18.2363,73.906502
4363,5648,Mangdari Phata,3202,Outer,28.6,18.2738,73.779503
4364,8078,Kapurhoal,3203,Outer,32.55,18.2325256200761,73.912692349622
4365,5649,Shree Ram Rice Mil,3204,Outer,28.43,18.275499,73.779404
4366,5526,Divale,3205,Outer,31.47,18.2436708299077,73.9193945456521
4367,5650,Naman Buwa Mandir,3141,Outer,27.9,18.279699,73.782097
4368,5527,Kumbhoshi Phata,3126,Outer,30.82,18.2507887893961,73.9245501142895
4369,5651,Malwadi Mangdari,3137,Outer,27.48,18.284901,73.777603
4370,5652,Mangdari,3135,Outer,27.28,18.2873,73.7761
4371,5653,Katwadi Phata,3133,Outer,26.99,18.290701,73.773903
4372,5530,Ketkawale,3206,Outer,29.64,18.2626,73.928101
4373,5654,Dhebe Vasti,3131,Outer,26.76,18.293301,73.772697
4374,5531,Sejal Resort,3207,Outer,29.18,18.2676055919839,73.9307711135368
4375,5655,Shree Malai Mata Mandir,3208,Outer,26.42,18.2966,73.772697
4376,5532,Bathe Farm House,3209,Outer,28.95,18.2710440990826,73.9355702369507
4377,5656,Vangnigaon Kaman,3127,Outer,26.09,18.3001,73.771599
4378,5533,Shanti Niwas,3210,Outer,28.69,18.2744353379759,73.938939096733
4379,5657,Vangni,3125,Outer,25.95,18.3015,73.7715
4380,5534,Deodi,3211,Outer,28.4,18.278799,73.944
4381,5658,Zilla Parishad Shala Vangni,3212,Outer,25.85,18.302601,73.771004
4382,5535,Green Hills Hotel,3213,Outer,28.28,18.282801,73.952301
4383,5659,Dadoji Konddev Vidhyalay Vangni,3121,Outer,25.67,18.3043,73.771103
4384,5536,Zilla Parishad School Chivhewadi,3214,Outer,28.5,18.2826,73.957497
4385,5660,Tale Mach,3215,Outer,25.3,18.307699,73.7715
4386,5537,Chivhewadi,3216,Outer,28.54,18.283001,73.959503
4387,5661,Zilla Parishad Shala Vangniwadi,3217,Suburban,24.68,18.312599,73.774597
4388,5538,Royal Purandar,3218,Outer,27.78,18.292299,73.963997
4389,5662,Vangniwadi,3115,Suburban,24.44,18.3151,73.774002
4390,5539,Narayan Dham,3219,Outer,27.77,18.2932358126855,73.9660052547534
4391,5540,Borkar Vasti Narayanpur Road,3220,Outer,27.42,18.2997,73.972603
4392,5663,Velhe,3221,Outer,34.26,18.293041,73.637557
4393,5664,Pawar Maal,3222,Outer,33.93,18.295694,73.639129
4394,5665,Panchayat Samiti Velhe,3223,Outer,33.7,18.297648,73.640162
4395,5666,Torana Petrol Pump,3224,Outer,33.44,18.299965,73.641051
4396,5667,Government Rest House Velhe,3225,Outer,33.12,18.302647,73.642529
4397,5668,Kadve Phata,3226,Outer,32.85,18.303777,73.644954
4398,5669,Kondhawle Khurd Phata,3227,Outer,32.67,18.303137,73.64829
4399,5670,Khodad Phata,3228,Outer,32.35,18.303306,73.652565
4400,5671,Hirpudi Phata,3229,Outer,31.66,18.305477,73.659888
4401,5672,Pabe Phata,3230,Outer,30.8,18.306801,73.670898
4402,5673,Vaidwadi Velhe Road,3231,Outer,30.51,18.3067,73.675301
4403,5674,Khariv Phata,3232,Outer,30.29,18.304701,73.681297
4404,5675,Vanjale Phata,3233,Outer,30.04,18.304001,73.686302
4405,5676,Lashirgaon,3234,Outer,29.47,18.3022,73.698097
4406,5677,Katurde Wadi,3235,Outer,29.24,18.3016,73.702904
4407,5678,Malvali,3236,Outer,29.2,18.2995,73.707001
4408,5679,Katkari Vasti,3237,Outer,29.1,18.2987,73.710098
4409,5680,Kondhavali Phata,3238,Outer,28.9,18.298,73.714897
4410,5681,Vitthalwadi Phata Velhe Road,3239,Outer,28.87,18.296301,73.718498
4411,5682,Amriteshwar Mahavidhyalay Vinzer,3240,Outer,28.91,18.2948,73.720497
4412,5683,Vinzar,3241,Outer,28.88,18.2941,73.722298
4413,5684,Zilla Parishad Shala Vinzar,3242,Outer,28.86,18.293301,73.724297
4414,5685,Suvarna Agro Fram,3243,Outer,28.81,18.291201,73.729301
4415,5686,Aapale Ghar Farm House,3244,Outer,28.76,18.2892,73.734497
4416,5687,Khambavadi,3245,Outer,28.86,18.287901,73.7351
4417,5688,Zilla Parishad Shala Khambavadi,3246,Outer,28.76,18.2876,73.737999
4418,5689,Margasani,3247,Outer,28.96,18.284,73.7416
4419,5690,Vanewadi,3248,Outer,28.92,18.2815,73.748398
4420,5691,Poultry Farm Asakawadi,3249,Outer,28.86,18.2808,73.751602
4421,5692,Asakawadi Phata,3250,Outer,29.03,18.2777,73.755402
4422,5693,Kodavadi Phata,3251,Outer,29.06,18.276199,73.758698
4423,5694,Samrat Hotel,3252,Outer,28.99,18.275,73.764
4424,5695,Aadavali Phata,3253,Outer,28.87,18.274401,73.769203
4425,5696,Parvati Managal Karyalay,3254,Outer,28.76,18.274,73.773804
4426,5697,Karanjavane,3255,Outer,28.69,18.2738,73.776802
4427,5699,Mahaveer Company,3256,Outer,28.92,18.2616196037739,73.884048989586
4428,5700,Karanjavane,3255,Outer,28.69,18.273701,73.777
4429,5701,Parvati Managal Karyalay,3254,Outer,28.77,18.274,73.773598
4430,5702,Aadavali Phata,3253,Outer,28.88,18.2743,73.769096
4431,5703,Samrat Hotel,3252,Outer,28.99,18.2749,73.764198
4432,5704,Kodavadi Phata,3251,Outer,29.07,18.2761,73.758698
4433,5705,Asakawadi Phata,3257,Outer,29.03,18.277599,73.755501
4434,5706,Poultry Farm Asakawadi,3249,Outer,28.88,18.2806,73.751503
4435,5707,Vanewadi,3248,Outer,28.91,18.2815,73.748497
4436,5708,Margasani,3247,Outer,28.97,18.283899,73.741501
4437,5709,Zilla Parishad Shala Khambavadi,3246,Outer,28.76,18.2876,73.7379
4438,5710,Khambavadi,3258,Outer,28.91,18.286699,73.736702
4439,5711,Aapale Ghar Farm House,3244,Outer,28.75,18.289301,73.734398
4440,5712,Zilla Parishad Shala Vinzar,3242,Outer,28.87,18.293301,73.723999
4441,5713,Vinzar,3241,Outer,28.89,18.2941,73.722099
4442,5714,Vitthalwadi Phata Velhe Road,3239,Outer,28.86,18.2964,73.718498
4443,5715,Kondhavali Phata,3238,Outer,28.91,18.297899,73.714996
4444,5716,Katkari Vasti,3237,Outer,29.09,18.2988,73.710098
4445,5717,Malvali,3236,Outer,29.19,18.299601,73.707001
4446,5718,Katurde Wadi,3259,Outer,29.26,18.301399,73.703003
4447,5719,Lashirgaon,3234,Outer,29.48,18.3022,73.697998
4448,5720,Vanjale Phata,3233,Outer,30.05,18.3039,73.686203
4449,5721,Khariv Phata,3232,Outer,30.3,18.3046,73.681297
4450,5722,Vaidwadi Velhe Road,3231,Outer,30.52,18.3067,73.675201
4451,5723,Hirpudi Phata,3260,Outer,31.37,18.3059239843968,73.6635530673473
4452,5724,Kondhawle Khurd Phata,3227,Outer,32.64,18.3034997865955,73.6483123556634
4453,5797,Agnishamak Kendra Landewadi,3261,Urban,11.16,18.6203,73.846603
4454,5798,Swami Samarth Mandir Landewadi,1335,Urban,11.14,18.6196432181425,73.842386818141
4455,886,Philips Company Bhosari,3262,Urban,11.38,18.621201,73.837997
4456,5822,Tulsi Chemical,3263,Urban,11.94,18.6256151705765,73.8341358304024
4457,868,Jayanand Khira,3264,Suburban,12.23,18.6278925456208,73.8319578766823
4458,869,Abhi Chemical,3265,Suburban,12.49,18.6299,73.8302
4459,870,Power House Midc,3266,Suburban,12.82,18.6323963716007,73.827937245369
4460,871,C Kshetriya Karyalay,3267,Suburban,12.77,18.6315,73.826202
4461,883,Jyoti English School,3268,Suburban,12.73,18.6306731384336,73.8240963220596
4462,873,Ganesh Mandir Nehru Nagar,3269,Suburban,12.76,18.6301152171911,73.8211620116952
4463,874,Nehru Nagar Corner,3270,Suburban,12.76,18.6296672474581,73.8197545455253
4464,875,Ha Corner,3271,Suburban,12.78,18.6285,73.815598
4465,876,Kamgar Nagar,3272,Suburban,12.93,18.628901,73.812599
4466,877,Mahindra Company,3273,Suburban,13.09,18.6284491762532,73.807415664196
4467,6320,Shagun Chowk,3274,Suburban,12.68,18.621868631477,73.8018581402661
4468,5805,Jijamata Hospital,3275,Suburban,12.44,18.618999,73.801003
4469,5806,Jayhind High School,3276,Suburban,12.25,18.6171,73.801102
4470,5807,Ashok Talkies,3277,Urban,11.92,18.615499,73.804497
4471,5808,Pimpri Nagar Ma Na Pa Shala,3278,Urban,11.7,18.613501,73.804901
4472,5809,Pimprigaon,3279,Urban,11.59,18.612,73.804298
4473,5810,Ashok Talkies,3277,Urban,11.9,18.615,73.803902
4474,5811,Jayhind High School,3276,Suburban,12.21,18.616899,73.801399
4475,5812,Jijamata Hospital,3275,Suburban,12.47,18.6192,73.800797
4476,6163,Karachi Chowk,3280,Suburban,12.67,18.6214041078888,73.8010393755834
4477,6164,Lal Mandir,3281,Suburban,12.85,18.6224,73.799301
4478,986,Bhat Nagar,3282,Suburban,13.19,18.6250991985538,73.7978052882574
4479,5773,Morwadi Chowk,3283,Suburban,13.33,18.6287999287397,73.8026312863572
4480,983,Pimpri Road,626,Suburban,12.98,18.6269515292016,73.806289157448
4481,982,Mahindra Company,3284,Suburban,13.09,18.6284898430991,73.8075256347656
4482,879,Kamgar Nagar,3272,Suburban,12.94,18.6290319806834,73.8126654992165
4483,880,Ha Corner,3285,Suburban,12.79,18.628615144791,73.8155944801709
4484,881,Nehru Nagar Corner,3286,Suburban,12.77,18.6296132651559,73.819292485714
4485,882,Ganesh Mandir Nehru Nagar,3269,Suburban,12.76,18.6300365638007,73.8210645271864
4486,981,Jyoti English School,3268,Suburban,12.73,18.6305892638107,73.8240319490433
4487,884,C Kshetriya Karyalay,3267,Suburban,12.79,18.631701,73.826202
4488,5823,Power House Midc,3266,Suburban,12.81,18.6323074145681,73.827942609787
4489,5824,Abhi Chemical,3265,Suburban,12.48,18.6298115154138,73.8302117586136
4490,885,Jayanand Khira,3264,Suburban,12.24,18.6279789631919,73.8319686055184
4491,867,Tulsi Chemical,3263,Urban,11.93,18.6255185847222,73.8341572880745
4492,866,Philips Company Bhosari,3262,Urban,11.37,18.6211289575055,73.8380840420723
4493,5799,Annasaheb Magar Stadium,3287,Suburban,13.38,18.6359,73.820999
4494,5800,Udyam Nagri,3288,Suburban,13.32,18.635099,73.820396
4495,5275,Master Bakery,3289,Suburban,13.19,18.6329,73.817101
4496,5281,Vastu Udyog,3290,Suburban,13.25,18.632999,73.815598
4497,5801,Vitthal Mandir Masulkar,3291,Suburban,13.36,18.6331639627123,73.8129403369825
4498,5278,Masulkar Colony,3292,Suburban,13.64,18.633699,73.807198
4499,5802,Mhada Colony Masulkar,3293,Suburban,13.8,18.633801,73.803497
4500,5803,Morwadi Chowk,3294,Suburban,13.51,18.6308,73.803101
4501,5845,Nigdi Pawale Chowk,636,Suburban,17.62,18.6595856417558,73.7768652114738
4502,5846,Krushna Mandir Nigdi,3295,Suburban,18.33,18.6622248580901,73.7681079489381
4503,5847,Vahtuk Nagari,3296,Suburban,18.29,18.6623487815029,73.7690183971667
4504,5848,Durga Tekadi Appughar,3297,Suburban,18.41,18.6615857683619,73.7655276007509
4505,5849,Mukbadhir Shala,3298,Suburban,18.35,18.6604,73.764503
4506,5877,Big India,3299,Suburban,18.0,18.657101,73.765198
4507,5878,Sindhu Nagar A Ward Office,3300,Suburban,17.64,18.656,73.769798
4508,5879,Lokmanya Hospital Pradhikaran,3301,Suburban,17.36,18.6553,73.773804
4509,5880,Aashoka Bungalow,3302,Suburban,16.91,18.6514181003834,73.7753283924913
4510,5881,Trimurti Hall,3303,Suburban,16.69,18.649599,73.7761
4511,5882,Ganga Nagar Pradhikaran,3304,Suburban,16.44,18.647301,73.776703
4512,5883,Shakuntala Society,3305,Suburban,16.21,18.6446,73.776199
4513,5884,Jiveshwar Society,3306,Suburban,16.38,18.644501,73.773003
4514,106830,Bijali Nagar Corner,3307,Suburban,16.66,18.6453581047843,73.7695664391783
4515,5856,Akurdi Railway Station,3308,Suburban,17.24,18.6489841325097,73.7653505696963
4516,5815,Masulkar Colony Ajmera,3309,Suburban,13.7,18.633801,73.805801
4517,5816,O Sector Masulkar Colony,3310,Suburban,13.51,18.6333379901366,73.8095506736442
4518,5817,Vitthal Mandir Masulkar,3291,Suburban,13.37,18.6332154147541,73.8127988576889
4519,5276,Vastu Udyog,3311,Suburban,13.29,18.633101,73.814697
4520,5818,Udyam Nagri,3288,Suburban,13.32,18.635099,73.820198
4521,5819,Annasaheb Magar Stadium,3312,Suburban,13.52,18.6373,73.821404
4522,5833,Akurdi Railway Station,3308,Suburban,17.25,18.6490196909009,73.7652613842742
4523,6462,Pradhikaran Police Chowky,3313,Suburban,17.27,18.6499960595332,73.7663699379816
4524,6312,Sambhaji Chowk Aakurdi,3314,Suburban,16.93,18.6490538986195,73.7707633332648
4525,5867,Prachi Apartment,3315,Suburban,16.64,18.645599,73.770302
4526,5868,Jiveshwar Society,3306,Suburban,16.41,18.6446872733711,73.7727963345855
4527,5869,Shakuntala Society,3305,Suburban,16.22,18.6448,73.776299
4528,5870,Ganga Nagar Pradhikaran,3316,Suburban,16.44,18.6472,73.776497
4529,5871,Trimurti Hall,3303,Suburban,16.69,18.6495,73.775902
4530,5872,Aashoka Banglow,3317,Suburban,16.93,18.6515706312075,73.7751567258548
4531,5873,Lokmanya Hospital Pradhikaran,3301,Suburban,17.36,18.655199,73.773697
4532,5874,Sindhu Nagar A Ward Office,3300,Suburban,17.61,18.6558,73.770103
4533,5875,Big India,3299,Suburban,18.01,18.657101,73.765099
4534,5841,Mukbadhir Shala,3318,Suburban,18.35,18.660299,73.764297
4535,5842,Durga Tekadi Appughar,3319,Suburban,18.43,18.6618,73.765404
4536,5843,Vahtuk Nagari,3320,Suburban,18.32,18.662588234219,73.7689761438279
4537,5902,Chinchwad Station,3321,Suburban,14.94,18.640776,73.793686
4538,5903,Gavali Wada,3322,Suburban,14.91,18.6408464241558,73.7945712219696
4539,5904,Midc Office Chinchwad,3323,Suburban,14.92,18.6415294463259,73.7957500567763
4540,5905,Mohan Nagar Chinchwad,3324,Suburban,14.94,18.6422632786334,73.7969322436869
4541,5906,Sanghvi College,3325,Suburban,15.06,18.645901,73.803001
4542,5907,Exide Battery,3326,Suburban,15.12,18.647301,73.805099
4543,5908,Ksb Chowk,3327,Suburban,15.27,18.650101,73.809097
4544,5825,Gahunjegaon,3328,Suburban,23.09,18.6675,73.702103
4545,4854,Panyachi Taki Gahunje,3329,Suburban,23.09,18.669399,73.704102
4546,4855,Vaman Bhau Housing Society,3330,Suburban,22.71,18.6671847632681,73.7068111712313
4547,4856,Lodha Skim Gahunje Road,3331,Suburban,22.39,18.665001,73.708801
4548,4857,Kunal Icon Society,3332,Suburban,22.15,18.663601,73.710602
4549,4858,Vikas Nagar Phata,3333,Suburban,21.71,18.6626,73.715599
4550,4859,Mamurdi Phata Chowk Gahunje Road,3334,Suburban,21.61,18.6612,73.715302
4551,4860,Symbiosis College Gahunje Road,3335,Suburban,21.33,18.6600622771858,73.7180002230945
4552,4861,Mangalam Sales Office Gahunje Road,3336,Suburban,20.78,18.6579543787858,73.7232518831541
4553,4862,Gurukrupa Davelumpers Gahunje Road,3337,Suburban,20.53,18.6595515215573,73.7286237384013
4554,4863,Express Highway Corner Gahunje Road,3338,Suburban,20.48,18.659992404232,73.7299775919483
4555,7258,Mukai Chowk,3339,Suburban,20.41,18.6605311536857,73.7316331164308
4556,5826,Sile Style City Power,3340,Suburban,19.68,18.6555,73.736099
4557,1011,Bhondve Vasti Ravet,3341,Suburban,19.38,18.653251073716,73.7377285139959
4558,5827,Nivrutti Lowns,3342,Suburban,18.9,18.649799,73.740402
4559,5828,Sspms Collage Ravet,3343,Suburban,18.42,18.6462,73.742996
4560,1007,Ravet Chowk,3344,Suburban,18.17,18.6444763291224,73.7445225520604
4561,1013,Ravet Pumping Station,3345,Suburban,17.75,18.6434718135537,73.7493753222845
4562,1014,Nano Home Ravet,3346,Suburban,17.6,18.6432207988738,73.7513829596768
4563,9298,Walhekarwadi Phata,3347,Suburban,17.49,18.6433816952524,73.7532649272082
4564,5829,Bhondve Corner Ojas Hospital,3348,Suburban,17.39,18.6439,73.755501
4565,5830,Dy Patil College Akurdi,3349,Suburban,17.41,18.646601,73.758904
4566,5850,Durgesh Mandir,3350,Suburban,18.22,18.6572,73.761497
4567,5831,Dharmaraj Chowk,3351,Suburban,17.52,18.649599,73.761597
4568,5851,Vedant Dairy,3352,Suburban,18.18,18.6558,73.760002
4569,5832,Pcp College,3353,Suburban,17.49,18.650299,73.763199
4570,5852,Samarth Aapartment,3354,Suburban,18.0,18.6542,73.760597
4571,5837,Ganesh Talav,3355,Suburban,17.91,18.6546,73.762703
4572,5834,Akurdi Police Chowky,3356,Suburban,17.29,18.6506265054074,73.7670933461803
4573,5853,Patidar Bhavan,3357,Suburban,17.74,18.6539,73.764603
4574,5835,Hegdewar Bhavan,3358,Suburban,17.47,18.652,73.766098
4575,5854,Hegdewar Bhavan,3358,Suburban,17.49,18.652201,73.766098
4576,5836,Patidar Bhavan,3359,Suburban,17.75,18.6539,73.764397
4577,5855,Akurdi Police Chowky,3356,Suburban,17.28,18.650594761481,73.7671992921215
4578,5838,Samarth Aapartment,3360,Suburban,18.02,18.654301,73.760399
4579,5857,Pcp College,3353,Suburban,17.48,18.6502,73.763199
4580,5839,Vedant Dairy,3352,Suburban,18.19,18.6558,73.759903
4581,5858,Dharmaraj Chowk,3351,Suburban,17.49,18.6495,73.761902
4582,5840,Durgesh Mandir,3350,Suburban,18.23,18.657301,73.761497
4583,5859,Dy Patil College Akurdi,3361,Suburban,17.39,18.6462,73.758598
4584,5860,Bhondve Corner Ojas Hospital,3348,Suburban,17.37,18.6437,73.755501
4585,1004,Walhekarwadi Phata,3347,Suburban,17.47,18.6432,73.753304
4586,1005,Nano Home Ravet,3346,Suburban,17.6,18.643101,73.751198
4587,1006,Ravet Pumping Station,3362,Suburban,17.72,18.6432646527796,73.7495865705699
4588,5861,Sspms Collage Ravet,3343,Suburban,18.46,18.6464,73.742699
4589,5862,Nivrutti Lowns,3342,Suburban,18.88,18.6495,73.740402
4590,1008,Bhondve Vasti Ravet,3341,Suburban,19.35,18.653,73.737801
4591,5863,Sile Style City Power,3340,Suburban,19.7,18.6555,73.735802
4592,1010,Mukai Chowk,3363,Suburban,20.38,18.6603373226414,73.7317961454392
4593,4864,Express Highway Corner Gahunje Road,3338,Suburban,20.47,18.659901,73.729897
4594,4865,Gurukrupa Davelumpers Gahunje Road,3364,Suburban,20.53,18.6594651241601,73.7285110882524
4595,4866,Mangalam Sales Office Gahunje Road,3336,Suburban,20.78,18.6578679680157,73.7231741175012
4596,4867,Symbiosis College Gahunje Road,3335,Suburban,21.32,18.66,73.718102
4597,4868,Mamurdi Phata Chowk Gahunje Road,3334,Suburban,21.63,18.6612,73.715103
4598,4869,Fire Station Gahunje,3365,Suburban,22.91,18.668501,73.705597
4599,4870,Panyachi Taki Gahunje,3329,Suburban,23.07,18.6693,73.704201
4600,5864,Gahunjegaon,3328,Suburban,23.08,18.6675,73.702202
4601,5886,Ksb Chowk,3327,Suburban,15.21,18.649599,73.809303
4602,5887,Exide Battery,3326,Suburban,15.09,18.646799,73.804703
4603,5888,Sanghvi College,3325,Suburban,15.04,18.6457,73.803001
4604,5889,Mohan Nagar Chinchwad,3324,Suburban,14.93,18.6422,73.796997
4605,5890,Midc Office Chinchwad,3323,Suburban,14.92,18.6415,73.795799
4606,5891,Gavali Wada,3322,Suburban,14.88,18.6407473390282,73.7948730086157
4607,5892,Akurdi Corner,3366,Suburban,16.19,18.6493,73.785301
4608,7912,Jai Ganesh Vision,3367,Suburban,16.07,18.648001,73.785202
4609,5894,Bhoir Nagar,3368,Suburban,15.63,18.6427,73.7836
4610,7910,Indira Nagar Chinchwad,3369,Suburban,15.49,18.6410274024793,73.7832810922545
4611,7909,Police Ayuktalay Pimpri Chinchwad,3370,Suburban,15.36,18.6395561399244,73.782992771879
4612,6530,Premlok Park,3371,Suburban,15.21,18.6377787150988,73.7825207372796
4613,5898,Skf Company,3372,Suburban,14.89,18.633801,73.781601
4614,1027,Elpro Company,3373,Suburban,14.57,18.632401,73.785004
4615,6014,Megapolis Phase 3,3374,Suburban,19.43,18.5769264795462,73.682341570363
4616,6015,Megapolis Phase Splender,3375,Suburban,19.1,18.5773351570759,73.6857131097245
4617,7627,Hinjawadi Maan Phase 3 Circule,3376,Suburban,18.97,18.5773961633281,73.6870925376147
4618,5971,Hinjewadi Hills Dattawadi,3377,Suburban,20.01,18.6045,73.688904
4619,5972,Building No. B6,3378,Suburban,19.73,18.603201,73.6912
4620,5973,Building No. C7,3379,Suburban,19.4,18.603201,73.694702
4621,5974,Hinjewadi Hills Main Gate,3380,Suburban,19.27,18.604401,73.6968
4622,5975,Sairang City,3381,Suburban,19.57,18.608999,73.696297
4623,5976,Tukaram Niwas Dattawadi,3382,Suburban,19.85,18.610901,73.694397
4624,5977,Hinjewadi Hills Phata,3383,Suburban,20.33,18.6201255559781,73.6949989199639
4625,5978,Vitbhatti Nere Dhamale Nagar,3384,Suburban,19.89,18.6194,73.699501
4626,5979,Iims Institute,3385,Suburban,19.41,18.618299,73.704201
4627,5980,Kolte Patil Main Gate,3386,Suburban,18.93,18.6171,73.7089
4628,5981,Motherson Company,3387,Suburban,18.52,18.6138,73.711197
4629,5982,Marunjigaon,3388,Suburban,18.19,18.612801,73.714302
4630,5983,Rajmudra Chowk,3389,Suburban,17.91,18.612123106065,73.7170849225554
4631,5984,Alard College,3390,Suburban,17.52,18.6101,73.7201
4632,5985,Santkrupa Fabrication,3391,Suburban,17.28,18.608299,73.721497
4633,5986,Shinde Nagar Marunji,3392,Suburban,16.6,18.605101,73.726997
4634,5987,Guru Krupa Hospital,3393,Suburban,16.47,18.604799,73.728302
4635,5988,Swaraj Dream City,3394,Suburban,16.14,18.6031,73.730904
4636,5989,Laxmi Chowk Marunji Road,3395,Suburban,15.64,18.600201,73.734497
4637,5990,Hinjawadi Petrol Pump,3396,Suburban,15.21,18.594101,73.7351
4638,5991,Vinode Corner Vakad,3397,Suburban,14.98,18.6022,73.743797
4639,5992,Vinode Nagar Vakad,3398,Suburban,14.87,18.6033,73.746002
4640,5993,Indus Chams School,3399,Suburban,14.64,18.6039480023877,73.7493528773072
4641,5995,Laxmi Chowk Marunji Road,3395,Suburban,15.64,18.6001,73.734398
4642,5996,Swaraj Dream City,3394,Suburban,16.15,18.6031117481888,73.7308023856842
4643,5997,Guru Krupa Hospital,3393,Suburban,16.48,18.604773635947,73.7281885769439
4644,7704,Shinde Nagar Marunji,3392,Suburban,16.59,18.6049909866542,73.7270996763477
4645,5999,Santkrupa Fabrication,3400,Suburban,17.22,18.607901,73.721901
4646,6000,Alard College,3390,Suburban,17.54,18.6101,73.719803
4647,6001,Rajmudra Chowk,3389,Suburban,17.89,18.612011256837,73.7172203280893
4648,6002,Marunjigaon,3388,Suburban,18.22,18.612801,73.713997
4649,6003,Motherson Company,3387,Suburban,18.53,18.6138,73.711098
4650,6004,Kolte Patil Main Gate,3386,Suburban,18.95,18.6171,73.708702
4651,6005,Iims Institute,3385,Suburban,19.42,18.6182,73.704002
4652,6006,Vitbhatti Nere Dhamale Nagar,3401,Suburban,19.9,18.619301,73.699303
4653,6007,Hinjewadi Hills Phata,3383,Suburban,20.36,18.6201,73.694702
4654,6008,Tukaram Niwas Dattawadi,3402,Suburban,19.83,18.610901,73.694603
4655,6009,Sairang City,3381,Suburban,19.56,18.6091,73.696404
4656,6010,Hinjewadi Hills Main Gate,3380,Suburban,19.26,18.6043,73.696899
4657,6011,Building No. C7,3403,Suburban,19.54,18.6028,73.693001
4658,6012,Building No. B6,3378,Suburban,19.71,18.6031,73.691299
4659,6013,Hinjewadi Hills Dattawadi,3377,Suburban,20.01,18.604401,73.688797
4660,6895,Samarth Vidyalay Talegaon Dhabhade,2575,Outer,31.14,18.7328023334499,73.6641534663266
4661,5929,Dehuroad Police Lane,3404,Suburban,23.3,18.6864430497838,73.7218818933397
4662,5930,Judson High School,3405,Suburban,23.11,18.685801,73.7239
4663,5931,Gurudwara,3406,Suburban,22.5,18.6831,73.729698
4664,5932,Dehuroad Bazar,3407,Suburban,22.27,18.6812,73.730797
4665,5933,Bank Of India Dehuroad,3408,Suburban,21.71,18.676201,73.732597
4666,7259,Ordinance Factory,3409,Suburban,21.6,18.678595,73.737732
4667,6414,Megapolis Phase Splender,3375,Suburban,19.11,18.5772296432244,73.6856105158871
4668,7260,Ordinance Factory,3410,Suburban,21.58,18.678436,73.737823
4669,5936,Bank Of India Dehuroad,3408,Suburban,21.7,18.676201,73.732697
4670,5937,Gurudwara,3406,Suburban,22.49,18.682899,73.729599
4671,5938,Judson High School,3405,Suburban,23.11,18.685699,73.723801
4672,5939,Dehuroad Police Lane,3404,Suburban,23.24,18.686199,73.722397
4673,5909,Greenbase Industrial Park Navlakh Umbre,3411,Outer,36.54,18.8139,73.700798
4674,5910,Shewarlate Sales Pvt Ltd.,3412,Outer,35.95,18.808122291225,73.7010607202269
4675,5911,Badhalwadi Phata,3413,Outer,35.4,18.8030811060837,73.7021309084749
4676,5912,Chintamani Wear House,3414,Outer,35.33,18.8011,73.6996
4677,5913,Hp Petrol Pump Navlakh Umbre,3415,Outer,35.24,18.7994,73.697998
4678,5914,Navlakh Umbre,3416,Outer,35.19,18.797501,73.695396
4679,5915,Mawal Darbar,3417,Outer,35.08,18.7961607032428,73.6948902734051
4680,5916,Hiro Chesis,3418,Outer,34.67,18.791901,73.694801
4681,5917,General Motours,3419,Outer,34.39,18.7887088760255,73.6944141221347
4682,5918,Pasko Company,3420,Outer,34.11,18.7855480056821,73.6939086006844
4683,5919,Ina Bearing Company,3421,Outer,33.64,18.780199,73.6931
4684,5920,Jcb,3422,Outer,33.44,18.7778,73.692596
4685,5921,Endurance Company Navlakh Umbre,3423,Outer,33.12,18.773199,73.690399
4686,5922,Nanavli Phata,3424,Outer,32.87,18.7684,73.686996
4687,5923,Midc Circle Talegaon,3425,Outer,32.66,18.7637,73.682999
4688,5924,Nigde Phata,3426,Outer,32.9,18.7626,73.677299
4689,5925,D Y Patil Collage Corner,3427,Outer,32.42,18.7537,73.672096
4690,5926,Mask Company,3428,Outer,32.36,18.752199,73.670998
4691,5927,Vishal Lawns,3429,Outer,32.13,18.7353,73.652901
4692,5928,Ambi Phata Midc Corner,3430,Outer,32.0,18.7313965012286,73.6501725267854
4693,6030,Gharkul Vasahat Chikhali,3431,Suburban,16.96,18.6651,73.805901
4694,106831,Bank Of India Dehuroad,3432,Suburban,21.92,18.6789220575791,73.7330131271693
4695,6031,Shivtej Nagar,3433,Suburban,17.25,18.666,73.800102
4696,6032,Spine Road Chowk,3434,Suburban,17.47,18.6669704979065,73.7971159579107
4697,6033,Krushna Nagar Corner,3435,Suburban,17.51,18.6670588967392,73.7961684577145
4698,6034,Kasturi Market,3436,Suburban,17.26,18.6642533542001,73.7952558788313
4699,6035,Prashant Society,3437,Suburban,17.05,18.6618455600335,73.7943070572539
4700,6038,Yamuna Nagar Corner,3438,Suburban,17.58,18.6637672609857,73.7863893824269
4701,6017,Iskcon Mandir In Shindewasti Ravet,3439,Suburban,18.34,18.6542,73.754898
4702,6018,Sona Gira Angan Society,3440,Suburban,18.4,18.6556,73.756104
4703,6019,Ravet Shinde Vasti Aanandban,3441,Suburban,18.67,18.6581,73.755402
4704,6026,Mauli Park,3442,Suburban,18.49,18.654699,73.753197
4705,6021,Mauli Corner,3443,Suburban,18.34,18.6522758207232,73.7522305482447
4706,6022,Phuljai Chowk,3444,Suburban,18.04,18.648199,73.751198
4707,6023,Shinde Vasti Corner,3445,Suburban,17.67,18.6432727837966,73.7503811743331
4708,1017,Hotel Rajwada,3446,Suburban,17.07,18.641001,73.7565
4709,1018,Petrol Pump Walhekarwadi,3447,Suburban,16.58,18.6373816971518,73.7591371970112
4710,1019,Walhekarwadi,3448,Suburban,16.16,18.6348649452234,73.7622922051926
4711,1020,Aaher Garden,3449,Suburban,15.92,18.634001,73.764801
4712,1021,Chinchwade Farm,3450,Suburban,15.65,18.6332,73.767899
4713,1022,Munjaba Vasahat,3451,Suburban,15.29,18.631599,73.771301
4714,1023,Chinchwade Nagar Corner,3452,Suburban,15.13,18.6314260779451,73.7736620629089
4715,6039,Prashant Society,3437,Suburban,17.06,18.6619587789239,73.7942895663549
4716,6040,Kasturi Market,3436,Suburban,17.26,18.6642025144074,73.7951297992288
4717,6041,Krushna Nagar Corner,3435,Suburban,17.52,18.6670949537039,73.7960712467037
4718,6042,Spine Road Chowk,3453,Suburban,17.52,18.6675,73.797096
4719,6043,Shivtej Nagar,3433,Suburban,17.29,18.6665,73.800499
4720,6044,Gharkul Vasahat Chikhali,3454,Suburban,17.03,18.6658,73.805901
4721,106832,Bank Of India Dehuroad,3432,Suburban,21.88,18.6785815723313,73.7331418203697
4722,5940,Ambi Phata Midc Corner,3455,Outer,32.01,18.731501,73.650101
4723,5941,Vishal Lawns,3429,Outer,32.14,18.735201,73.652603
4724,5942,Mask Company,3428,Outer,32.38,18.752399,73.670898
4725,5943,D Y Patil Collage Corner,3427,Outer,32.44,18.7537,73.671799
4726,996,Chinchwade Nagar Corner,3452,Suburban,15.11,18.6313041208928,73.773916888544
4727,5944,Nigde Phata,3426,Outer,32.92,18.762699,73.6772
4728,997,Munjaba Vasahat,3451,Suburban,15.3,18.6315,73.771004
4729,5945,Midc Circle Talegaon,3425,Outer,32.74,18.764299,73.682602
4730,998,Chinchwade Farm,3450,Suburban,15.65,18.633101,73.7677
4731,5946,Nanavli Phata,3456,Outer,32.84,18.767799,73.686401
4732,999,Aaher Garden,3449,Suburban,15.91,18.6338686257104,73.764682694392
4733,5947,Endurance Company Navlakh Umbre,3457,Outer,33.16,18.7736,73.690399
4734,1000,Walhekarwadi,3448,Suburban,16.19,18.6351165668238,73.7621452536596
4735,5948,Jcb,3458,Outer,33.36,18.776699,73.692101
4736,1001,Petrol Pump Walhekarwadi,3447,Suburban,16.6,18.637426791939,73.758968900887
4737,5949,Ina Bearing Company,3459,Outer,33.69,18.780701,73.693001
4738,1002,Hotel Rajwada,3446,Suburban,17.07,18.6409,73.756302
4739,5950,Pasko Company,3460,Outer,34.01,18.784401,73.693604
4740,5951,General Motours,3419,Outer,34.46,18.7894,73.694298
4741,5952,Hiro Chesis,3461,Outer,34.78,18.792999,73.694901
4742,5953,Mawal Darbar,3417,Outer,35.11,18.7964,73.694901
4743,6024,Shinde Vasti Corner,3445,Suburban,17.66,18.643152221123,73.7503281921583
4744,5954,Navlakh Umbre,3462,Outer,35.19,18.7974,73.695198
4745,5955,Hp Petrol Pump Navlakh Umbre,3415,Outer,35.24,18.799299,73.6978
4746,6025,Mauli Corner,3443,Suburban,18.33,18.6521481093544,73.7521279544073
4747,5956,Badhalwadi Phata,3413,Outer,35.4,18.803176921239,73.7022971922849
4748,6027,Ravet Shinde Vasti Aanandban,3463,Suburban,18.66,18.658199,73.7556
4749,5957,Shewarlate Sales Pvt Ltd.,3412,Outer,35.99,18.8083,73.7006
4750,6028,Sona Gira Angan Society,3440,Suburban,18.39,18.6556,73.756203
4751,5958,Mindewadi Navlakh Umbre,3464,Outer,33.36,18.7959,73.7314
4752,5959,Mauli Clinic Mindewadi,3465,Outer,33.49,18.796301,73.729202
4753,5960,Emerson Company Gate No 1 Mindewadi,3466,Outer,33.88,18.800301,73.729698
4754,5961,Emerson Company Gate No 2 Mindewadi,3467,Outer,34.25,18.8041,73.730003
4755,5962,Logistics Park Chowk,3468,Outer,34.47,18.804701,73.726196
4756,5963,Vitisco Company,3469,Outer,34.63,18.804399,73.721901
4757,5964,Muktai Temple Badhalwadi,3470,Outer,35.06,18.8055,73.7146
4758,5965,Badhalwadi,3471,Outer,35.26,18.805,73.709198
4759,5966,Finolex Company Badhalwadi Phata,3472,Outer,35.41,18.8025286766468,73.7008396181237
4760,5967,Vitisco Company,3473,Outer,34.64,18.804501,73.721802
4761,5968,Logistics Park Chowk,3468,Outer,34.48,18.8048,73.726196
4762,5969,Emerson Company Gate No 2 Mindewadi,3467,Outer,34.25,18.8041,73.730202
4763,5970,Mauli Clinic Mindewadi,3474,Outer,33.42,18.796,73.730103
4764,6045,Jain Mandir Dehugaon,3475,Suburban,23.51,18.715501191918,73.7707887603081
4765,6046,Talyacha Matha,3476,Suburban,23.28,18.714199,73.773003
4766,6047,Zilla Parishad Shala Vitthalwadi,3477,Suburban,22.89,18.7113,73.775299
4767,6048,Vitthalwadi Dehu,3478,Suburban,22.67,18.7098182969074,73.7770275916256
4768,6049,Talwade Jakat Naka,3479,Suburban,22.31,18.7074239239347,73.7800081799573
4769,6050,Devi Indrayani Society,3480,Suburban,21.89,18.704599,73.783501
4770,7459,Canbay Phata,3481,Suburban,21.3,18.7005948222851,73.7881375306023
4771,6052,Talwade,3482,Suburban,20.76,18.6966780078057,73.7916961745144
4772,6053,Ganesh Nagar Shelar Vasti,3483,Suburban,19.97,18.6915,73.799103
4773,6054,Shelar Vasti Talawade,3484,Suburban,19.73,18.6898,73.801102
4774,6055,Omkar Lawns,3485,Suburban,19.55,18.688801,73.803497
4775,6056,Rustic Paradise,3486,Suburban,19.27,18.6873,73.807404
4776,6129,Bhaji Mandai Chikhli,3487,Suburban,19.04,18.6858129755126,73.8101126030073
4777,6130,Patil Nagar Chikhli,3488,Suburban,18.8,18.6842319447393,73.8127774236849
4778,6059,Chikhali,3489,Suburban,18.7,18.6836608631058,73.8143189766375
4779,6060,Moi Phata,3490,Suburban,18.46,18.6826,73.819397
4780,6061,Jadhav Chowk Chikhali,3491,Suburban,18.33,18.682301,73.824097
4781,6062,Jadhavwadi Phata Chikhali,3492,Suburban,18.1,18.681101,73.829498
4782,6063,Laxmi Chowk Shivroad,3493,Suburban,17.91,18.680099,73.834297
4783,6064,Borate Vasti Chikhali Road,3494,Suburban,17.82,18.67965139968,73.8377997279167
4784,6065,Modern College Moshi,3495,Suburban,17.77,18.679501,73.841301
4785,6066,Anant Nagar,3496,Suburban,17.72,18.679399,73.844803
4786,6067,Nageshwar Vidyalay Phata,3497,Suburban,17.68,18.679199,73.848396
4787,6068,Alhat Vasti,3498,Suburban,17.34,18.6763,73.853699
4788,6069,Saste Vasti,3499,Suburban,17.3,18.676001,73.857903
4789,6070,Hawaldar Vasti,3500,Suburban,17.53,18.6779,73.8638
4790,6071,Dudulgaon,3501,Suburban,17.7,18.6793,73.866699
4791,6072,Aarambh Society Moshi Road,3502,Suburban,17.61,18.6782,73.871201
4792,6073,Dhayarkar Vasti,3503,Suburban,17.59,18.6777,73.874298
4793,6074,Wahile Nagar Moshi Road,3504,Suburban,17.45,18.6756924140304,73.8804626578607
4794,6080,Talekar Vasti Moshi Road,3505,Suburban,17.38,18.674531269982,73.8843058209393
4795,6076,Tapkir Nagar Moshi Road,3506,Suburban,17.37,18.6741730264365,73.8859668452955
4796,6077,Gajanan Maharaj Mandir Moshi Road,3507,Suburban,17.3,18.673,73.888603
4797,6078,Gajanan Maharaj Mandir Moshi Road,3507,Suburban,17.26,18.672501,73.889198
4798,6081,Wahile Nagar Moshi Road,3508,Suburban,17.42,18.6754,73.880898
4799,6082,Dhayarkar Vasti,3509,Suburban,17.55,18.6773954903621,73.8742545615833
4800,6083,Aarambh Society Moshi Road,3502,Suburban,17.58,18.6778980377751,73.8712603327137
4801,6084,Dudulgaon,3501,Suburban,17.68,18.6790465923793,73.8674570181859
4802,6085,Hawaldar Vasti,3500,Suburban,17.49,18.6775653282128,73.8637714052802
4803,6086,Alhat Vasti,3510,Suburban,17.33,18.676201,73.855103
4804,6088,Nageshwar Vidyalay Phata,3511,Suburban,17.67,18.6791,73.848602
4805,6089,Anant Nagar,3496,Suburban,17.7,18.6791673262914,73.8445773808206
4806,6090,Modern College Moshi,3512,Suburban,17.73,18.6792245160092,73.8413940852308
4807,6091,Borate Vasti Chikhali Road,3513,Suburban,17.79,18.6794798978775,73.8383080052101
4808,6092,Laxmi Chowk Shivroad,3514,Suburban,17.93,18.680099,73.833298
4809,6093,Jadhavwadi Phata Chikhali,3492,Suburban,18.09,18.681,73.8293
4810,6094,Moi Phata,3515,Suburban,18.44,18.6824,73.819298
4811,6516,Chikhli,3516,Suburban,18.71,18.6836786157757,73.8139940572053
4812,6159,Patil Nagar Chikhli,3488,Suburban,18.79,18.6841372801667,73.8126546935565
4813,6160,Bhaji Mandai Chikhli,3487,Suburban,19.02,18.6856796049704,73.8102554431288
4814,6098,Rustic Paradise,3486,Suburban,19.26,18.687201,73.807404
4815,6099,Ganesh Nagar Shelar Vasti,3483,Suburban,19.98,18.6915,73.798798
4816,6100,Canbay Phata,3481,Suburban,21.35,18.701099,73.7883
4817,6101,Devi Indrayani Society,3517,Suburban,21.81,18.704,73.783798
4818,6102,Talwade Jakat Naka,3479,Suburban,22.27,18.7070912054104,73.780303283434
4819,6103,Vitthalwadi Dehu,3478,Suburban,22.69,18.7099,73.776802
4820,6104,Zilla Parishad Shala Vitthalwadi,3477,Suburban,22.89,18.711201,73.7752
4821,6105,Talyacha Matha,3476,Suburban,23.3,18.7143,73.772797
4822,6106,Jain Mandir Dehugaon,3518,Suburban,23.54,18.7157,73.7705
4823,5151,Dehugaon,2886,Suburban,24.15,18.7199,73.765999
4824,5152,Abhang Hospital Dehugaon,2878,Suburban,24.24,18.7237,73.773598
4825,1028,More Prekshagruha,614,Suburban,14.6,18.6341,73.787498
4826,1029,Lokmanya Hospital,615,Suburban,14.73,18.636801,73.790001
4827,966,Nehru Nagar Corner,3519,Suburban,12.71,18.6291697661892,73.819523171468
4828,967,Mahesh Nagar,3520,Suburban,12.37,18.625799,73.819199
4829,968,Ycm Hospital,3521,Suburban,12.03,18.6222300002367,73.8181823641266
4830,969,Sant Tukaram Nagar,3522,Urban,11.88,18.6207082916237,73.817832707264
4831,970,Amar Smruti Vallabh Nagar,3523,Urban,11.63,18.618099,73.817398
4832,5286,Vallabh Nagar St Stand,3524,Urban,11.46,18.6163376481389,73.8170541914953
4833,6144,Vallabh Nagar,3525,Urban,11.14,18.6132364392802,73.8170903552957
4834,6183,Chandkhed,3526,Outer,25.86,18.6472,73.651001
4835,6184,Bob International School,3527,Suburban,24.94,18.6415,73.657501
4836,6185,Vasundhara Wear House,3528,Suburban,24.28,18.637899,73.662498
4837,6186,Pachane Phata,3529,Suburban,23.63,18.6353,73.668098
4838,6187,Bhagwant Lawns,3530,Suburban,23.06,18.632099,73.672401
4839,6172,Kasarsai Karkhana Phata,3531,Suburban,22.61,18.6292548098932,73.6755172434032
4840,6173,Kasarsai Gaon,3532,Suburban,22.16,18.6271299556244,73.6791544199636
4841,6174,Kondhe Vasti,3533,Suburban,21.27,18.6234,73.686699
4842,6175,Sharwari Complex Neregaon,3534,Suburban,20.96,18.6222217425893,73.6893042956889
4843,6176,Dattawadi Kasarsai,3535,Suburban,20.75,18.6215774773589,73.691244371008
4844,7763,Dange Chowk,3536,Suburban,14.29,18.616039,73.766136
4845,7701,Laxmi Chowk Marunji Road,3537,Suburban,15.56,18.59927139729,73.7347314953849
4846,6177,Dattawadi Kasarsai,3538,Suburban,20.73,18.6213861017745,73.6913919589498
4847,6178,Sharwari Complex Neregaon,3539,Suburban,20.89,18.6219575897852,73.6900126934052
4848,6179,Kondhe Vasti,3533,Suburban,21.28,18.6234,73.6866
4849,6180,Kasarsai Gaon,3532,Suburban,22.2,18.627399,73.678902
4850,6181,Kasarsai Karkhana Phata,3531,Suburban,22.55,18.628901,73.675903
4851,6188,Bhagwant Lawns,3530,Suburban,23.05,18.632,73.672401
4852,6189,Pachane Phata,3529,Suburban,23.62,18.635201,73.668098
4853,6190,Vasundhara Wear House,3540,Suburban,24.25,18.637699,73.662697
4854,6191,Bob International School,3541,Suburban,24.93,18.6413,73.657501
4855,6192,Chandkhed,3526,Outer,25.86,18.6471,73.650902
4856,975,Vallabh Nagar St Stand,3524,Urban,11.44,18.6161202784249,73.8169495669352
4857,976,Amar Smruti Vallabh Nagar,3523,Urban,11.62,18.618,73.8172
4858,977,Sant Tukaram Nagar,3522,Urban,11.89,18.6207146482263,73.8177287525987
4859,978,Ycm Hospital,3521,Suburban,12.02,18.6220639594729,73.8179621863065
4860,979,Mahesh Nagar,3520,Suburban,12.39,18.625999,73.819099
4861,980,Nehru Nagar Corner,3542,Suburban,12.72,18.6292,73.819397
4862,7047,Chakan Ambethan Chowk,3543,Outer,26.98,18.762959,73.860924
4863,7137,Bhimashankar Colony,3544,Outer,27.08,18.763901,73.860199
4864,7138,Shivam Residency,3545,Outer,27.24,18.7654,73.857597
4865,7139,Zilla Parishad School Chitraimla,3546,Outer,27.52,18.7679,73.852898
4866,7140,Saidarshan Society,3547,Outer,27.64,18.7689,73.850899
4867,7141,Yamunanagar Chakan Road,3548,Outer,27.71,18.76951,73.849312
4868,7142,Davadmala,3549,Outer,27.81,18.7703449252829,73.8475039601326
4869,7143,Om Medical,3550,Outer,27.86,18.7708,73.846703
4870,7129,Telephone Exchange Vasuli Road,3551,Outer,28.2,18.7736,73.8423
4871,7145,Shri Jyotiba Mandir Biradwadi,3552,Outer,28.71,18.777901,73.836403
4872,7146,Shramsaphalya Society,3553,Outer,28.79,18.7784,73.833603
4873,7147,Davane Mala Phata,3554,Outer,28.71,18.7775,73.8312
4874,7148,Mahindra Cif Company,3555,Outer,28.82,18.778099,73.827599
4875,7149,Padwal Vasti,3556,Outer,28.94,18.778999,73.825302
4876,7150,Zilla Parishad Shala Ambethan Gaon,3557,Outer,29.2,18.780899,73.821404
4877,7151,Ambethan Gaon,3558,Outer,29.33,18.7817,73.818398
4878,106478,Hanuman Apartment,3559,Outer,29.24,18.7804585537404,73.8153475224143
4879,106479,Ghate Settlement,3560,Outer,28.62,18.7745449320783,73.8136103277967
4880,6193,Dwarka City Mahalunge Gaon,3561,Outer,28.23,18.770599,73.811501
4881,6194,Bhangrevasti,3562,Outer,28.05,18.7689,73.810997
4882,6195,Tathastu Sai Park,3563,Outer,27.63,18.7651,73.810997
4883,6196,Y Junction Mhada Colony,3564,Outer,27.33,18.7623,73.810799
4884,6197,Shivkrupa Hospital,3565,Outer,27.06,18.759701,73.809998
4885,6198,Green Court Society,3566,Outer,26.83,18.7575,73.809402
4886,6199,Midc Phata Chakan,606,Outer,26.54,18.754101,73.805603
4887,6202,Radha Swami Satsang,3567,Suburban,24.36,18.7326174651072,73.7992570831952
4888,6203,Mahindra Company Gate Number 1,3568,Suburban,23.9,18.7278,73.797096
4889,6204,Mahindra Company Gate Number 3,3569,Suburban,23.63,18.725,73.795998
4890,6205,Subhashwadi,3570,Suburban,23.36,18.7225,73.796303
4891,6206,Jambkar Vasti,3571,Suburban,22.61,18.7158251637052,73.7973500141771
4892,6207,Indrayani Pul Talawade Road,3572,Suburban,22.21,18.7121601170882,73.7978063720956
4893,6208,Fujitsu Company,3573,Suburban,21.61,18.7046793016239,73.7914910273254
4894,6209,National Vajan Kata,3574,Suburban,20.02,18.689199,73.790703
4895,6210,Jyotiba Nagar Talawade Road,3575,Suburban,19.74,18.686001,73.7892
4896,7445,Pandurang Krupa Hotel,3576,Suburban,19.37,18.6821,73.788307
4897,6212,Ganesh Nagar Talawade Road,3577,Suburban,18.97,18.678101,73.788002
4898,6213,Huma Bekari,3578,Suburban,18.73,18.6756011061512,73.7875331318124
4899,6214,Tower Line,3579,Suburban,18.44,18.672501,73.786903
4900,6215,Rupee Nagar Corner,3580,Suburban,18.09,18.6685459711988,73.785724634633
4901,6216,Lic,3581,Suburban,17.64,18.662001,73.781197
4902,6107,Detwayalar Company,3582,Suburban,17.07,18.5138,73.695
4903,6108,Raut Nagar,3583,Suburban,17.01,18.5159,73.695396
4904,6109,Inamdar Vasti Rahutwadi,3584,Suburban,16.93,18.5198838714467,73.6961757240478
4905,6110,Rautwadi,3585,Suburban,16.78,18.5247,73.697601
4906,6111,Bharati Vidyapith Lavale,3586,Suburban,16.54,18.525999,73.699898
4907,6112,Lavlegaon,3587,Suburban,16.19,18.5275,73.7033
4908,6113,Satav Vasti,3588,Suburban,15.99,18.535,73.705803
4909,6114,Gawade Vasti,3589,Suburban,15.66,18.538401,73.709396
4910,6115,Shitole Vasti Lavale,3590,Suburban,15.41,18.541401,73.712196
4911,6116,Gaikwad Vasti Nandegaon,3591,Suburban,15.38,18.5527,73.714897
4912,6217,Lic,3581,Suburban,17.63,18.6619313198751,73.7812916209156
4913,7449,Yamuna Nagar Corner,3438,Suburban,17.6,18.6640061297874,73.7863944887211
4914,106833,Yamuna Nagar,1346,Suburban,17.64,18.6644533725967,73.786598031688
4915,6218,Rupee Nagar Corner,3580,Suburban,18.1,18.6685910242164,73.7856388013147
4916,7452,Tower Line,3592,Suburban,18.43,18.672232,73.786613
4917,6220,Huma Bekari,3593,Suburban,18.72,18.6753965883794,73.7874117467332
4918,7454,Ganesh Nagar Talawade Road,3594,Suburban,19.05,18.678717,73.787735
4919,6222,Pandurang Krupa Hotel,3576,Suburban,19.39,18.6823015430225,73.7882573045783
4920,6223,Jyotiba Nagar Talawade Road / Jyotiba Nagar,3595,Suburban,19.75,18.686001,73.789001
4921,6224,National Vajan Kata,3596,Suburban,20.02,18.689199,73.790497
4922,6225,Fujitsu Company,3597,Suburban,21.81,18.7064853532649,73.7912633444344
4923,6226,Indrayani Pul Talawade Road,3572,Suburban,22.23,18.712299,73.797699
4924,6227,Jambkar Vasti,3571,Suburban,22.62,18.7158175341998,73.7972266141539
4925,6228,Subhashwadi,3598,Suburban,23.37,18.722601,73.796097
4926,6229,Mahindra Company Gate Number 3,3569,Suburban,23.67,18.7253,73.795799
4927,6230,Mahindra Company Gate Number 1,3568,Suburban,23.92,18.7279,73.796997
4928,7465,Radha Swami Satsang,3567,Suburban,24.37,18.7326701967752,73.7991330132772
4929,813,Sigma Square,3599,Outer,25.37,18.7431436933683,73.8047568437291
4930,6885,Suzlon Company,3600,Outer,25.42,18.7427992804375,73.8010051846504
4931,6886,Harman Company,3601,Outer,25.54,18.7425376630299,73.7949675319942
4932,6887,Reliable Company,3602,Outer,25.75,18.7438127264913,73.7925589084625
4933,817,Hp Chwok Talegaon Dabhade Road,3603,Outer,26.11,18.7463,73.788902
4934,6880,Hp Petrol Pump Talegaon Dabhade Road,3604,Outer,26.29,18.7484,73.790497
4935,6881,Om Logistic Company,3605,Outer,26.54,18.7516,73.794197
4936,820,Lumax Company Gate No. 2,3606,Outer,26.65,18.753599,73.798203
4937,6882,Bajaj Company,3607,Outer,26.67,18.7547,73.802597
4938,6233,Y Junction Mhada Colony,3564,Outer,27.33,18.7623,73.810699
4939,6234,Tathastu Sai Park,3563,Outer,27.63,18.7651,73.810898
4940,6235,Bhangrevasti,3562,Outer,28.07,18.7691,73.810898
4941,7122,Ambethan Gaon,3608,Outer,29.33,18.7817,73.818604
4942,7123,Zilla Parishad Shala Ambethan Gaon,3609,Outer,29.2,18.780899,73.821503
4943,7124,Padwal Vasti,3556,Outer,28.97,18.7792,73.825401
4944,7125,Mahindra Cif Company,3555,Outer,28.82,18.778099,73.827698
4945,7126,Davane Mala Phata,3554,Outer,28.73,18.777599,73.8312
4946,7127,Shramsaphalya Society,3553,Outer,28.8,18.7785,73.833603
4947,7128,Shri Jyotiba Mandir Biradwadi,3610,Outer,28.71,18.777901,73.836502
4948,7130,Om Medical,3550,Outer,27.87,18.770901,73.846802
4949,7131,Davadmala,3549,Outer,27.81,18.7703258388492,73.8476547837663
4950,7134,Zilla Parishad School Chitraimla,3546,Outer,27.52,18.7679,73.853104
4951,7135,Shivam Residency,3545,Outer,27.25,18.765499,73.857597
4952,7136,Bhimashankar Colony,3544,Outer,27.08,18.763901,73.860397
4953,6897,Chakan Ambethan Chowk,3543,Outer,26.97,18.762899,73.861198
4954,352,Pune Vidhyapeeth Gate Pashan Road,3611,Central,3.88,18.5418,73.827599
4955,6117,Gaikwad Vasti Nandegaon,3591,Suburban,15.36,18.552601,73.714996
4956,6118,Shitole Vasti Lavale,3590,Suburban,15.41,18.5413,73.712196
4957,6119,Gawade Vasti,3612,Suburban,15.6,18.5387,73.709999
4958,6120,Satav Vasti,3588,Suburban,15.97,18.5352,73.706001
4959,6121,Lavlegaon,3613,Suburban,16.18,18.527399,73.7034
4960,6122,Bharati Vidyapith Lavale,3586,Suburban,16.53,18.5259,73.699997
4961,6123,Rautwadi,3585,Suburban,16.76,18.5247,73.6978
4962,6124,Inamdar Vasti Rahutwadi,3584,Suburban,16.92,18.5197852858097,73.6962515010547
4963,6125,Raut Nagar,3614,Suburban,16.97,18.517401,73.695801
4964,6126,Detwayalar Company,3582,Suburban,17.07,18.5137,73.695
4965,1748,Pune Station Sassoon Road,3615,Central,1.81,18.5264498008503,73.8726041168004
4966,1747,Pune Station Sassoon Road,3615,Central,1.81,18.5264701339524,73.8726671526569
4967,6397,Pandavnagar Maan,3616,Suburban,14.98,18.5849,73.731903
4968,6395,Pdcc Bank Maan,3617,Suburban,15.14,18.5835,73.729401
4969,6398,Vadjainagar,3618,Suburban,15.27,18.582701,73.7276
4970,6399,Parkhivasti,3619,Suburban,15.43,18.5818415943461,73.7254808882583
4971,6400,Marnevasti Maan,3620,Suburban,15.65,18.5811,73.722801
4972,6401,Rakshevasti Maan,3621,Suburban,16.15,18.578699,73.7164
4973,6402,Shiv Parvati Mangal Office Maan,3622,Suburban,16.3,18.5779,73.7145
4974,6403,Bharnevasti Maan,3623,Suburban,16.51,18.576599,73.7117
4975,6404,Mangaon Hinjewadi,3624,Suburban,16.64,18.575701,73.709999
4976,6405,Mandevi Temple,3625,Suburban,16.7,18.575199,73.709198
4977,6406,Parkhi Vidyalaya,3626,Suburban,16.94,18.5746,73.706497
4978,6407,Chandephata Maan,3627,Suburban,17.3,18.573799,73.702599
4979,6408,M Quar Company Maan,3628,Suburban,17.62,18.5734,73.699203
4980,6409,Bhairavnath Vajan Kata,3629,Suburban,18.07,18.573299,73.694603
4981,6382,Clip Garden Society,3630,Suburban,18.47,18.5735,73.690697
4982,6410,Hinjewadi Maan Phase 3 Corner,3631,Suburban,18.64,18.5734572466159,73.6889619058087
4983,6252,Sambhaji Nagar,3632,Suburban,16.78,18.6597243162196,73.7954584237438
4984,6253,Bajaj School,3633,Suburban,16.69,18.66,73.7985
4985,6254,Manapa Davakhana Sambhaji Nagar,3634,Suburban,16.74,18.6614,73.801003
4986,6255,Bhavani Mata Mandir Linkroad,3635,Suburban,16.98,18.6628,73.798401
4987,6256,Shivajipark Sambhaji Nagar,3636,Suburban,17.13,18.664301,73.798698
4988,6257,Sharad Nagar Corner,3637,Suburban,17.28,18.6659438104945,73.7992738042675
4989,7060,Krushna Nagar / Krushna Nagar Police Vasahat,3638,Suburban,17.44,18.6662047383689,73.7957682201999
4990,6259,Tharmax Chowk Sai Garden,3639,Suburban,17.0,18.6613074009924,73.7940386802583
4991,6250,Sspms Collage Pune,3640,Central,1.46,18.530199,73.865898
4992,6251,Tadiwala Road,3641,Central,2.01,18.5298,73.873001
4993,6381,Hinjewadi Maan Phase 3 Corner,3631,Suburban,18.63,18.5733396167879,73.6890075349194
4994,6383,Bhairavnath Vajan Kata,3642,Suburban,18.17,18.573299,73.693604
4995,6384,M Quar Company Maan,3643,Suburban,17.61,18.5735,73.699303
4996,6385,Chandephata Maan,3627,Suburban,17.28,18.573960131788,73.7028293202338
4997,6386,Parkhi Vidyalaya,3644,Suburban,16.93,18.574699,73.706703
4998,6387,Mandevi Temple,3625,Suburban,16.7,18.5753,73.709198
4999,6388,Mangaon Hinjewadi,3624,Suburban,16.65,18.5758,73.709999
5000,6389,Bharnevasti Maan,3645,Suburban,16.14,18.5786,73.7164
5001,6390,Shiv Parvati Mangal Office Maan,3646,Suburban,16.08,18.579,73.7173
5002,6391,Rakshevasti Maan,3647,Suburban,15.82,18.580601,73.720703
5003,6392,Marnevasti Maan,3648,Suburban,16.15,18.578699,73.7164
5004,6393,Parkhivasti,3619,Suburban,15.44,18.5818606685076,73.7253883507324
5005,6394,Vadjainagar,3618,Suburban,15.28,18.5828,73.7276
5006,6396,Pandavnagar Maan,3616,Suburban,14.99,18.5849,73.731796
5007,7791,Vinode Nagar Vakad,3649,Suburban,14.93,18.6014262661232,73.7437635552461
5008,6261,Tadiwala Road,3641,Central,2.0,18.529699,73.872902
5009,6262,Sspms Collage Pune,3640,Central,1.46,18.530001,73.866203
5010,6264,Tharmax Chowk Sai Garden,3650,Suburban,17.02,18.6615081384891,73.7940884401256
5011,6265,Shivajipark Sambhaji Nagar,3636,Suburban,17.1,18.664101,73.798798
5012,6266,Bhavani Mata Mandir Linkroad,3635,Suburban,16.99,18.662901,73.7985
5013,6267,Manapa Davakhana Sambhaji Nagar,3651,Suburban,16.77,18.6616,73.800903
5014,6268,Bajaj School,3633,Suburban,16.67,18.6598,73.7985
5015,6269,Sambhaji Nagar,3632,Suburban,16.77,18.6595546991319,73.7954677707136
5016,8321,Hotel Sonali,3652,Suburban,20.18,18.559521,73.669823
5017,6236,Godambewadi,3653,Suburban,20.01,18.561399,73.671898
5018,6237,Dhumalwadi Phata,3654,Suburban,19.82,18.564199,73.6745
5019,6238,Hotel Craud,3655,Suburban,19.68,18.568001,73.676903
5020,6239,Bapuji Buva Mandir,3656,Suburban,19.6,18.5721,73.679001
5021,6240,Vitthal Mandir Gawarwadi,3657,Suburban,19.27,18.5732,73.682602
5022,6241,Gawarwadi,3658,Suburban,18.94,18.5739,73.686096
5023,6242,Megapolis,3659,Suburban,18.71,18.5741350145076,73.688548887697
5024,6243,Megapolis,3660,Suburban,18.72,18.5748028903867,73.6886179026408
5025,6244,Gawarwadi,3658,Suburban,18.99,18.573799,73.6856
5026,6245,Vitthal Mandir Gawarwadi,3657,Suburban,19.25,18.5732,73.6828
5027,6246,Bapuji Buva Mandir,3656,Suburban,19.58,18.572001,73.6791
5028,6247,Hotel Craud,3655,Suburban,19.67,18.5679,73.677002
5029,6248,Dhumalwadi Phata,3661,Suburban,19.81,18.564199,73.674599
5030,6249,Godambewadi,3653,Suburban,19.99,18.561399,73.672096
5031,6430,Navin Manapa Shala,3662,Urban,8.9,18.591299,73.817497
5032,7051,Bhairavnagar Pimplegurav,3663,Urban,9.63,18.5970869355848,73.8142753992878
5033,6432,Sudarshan Nagar,3664,Urban,9.88,18.598499,73.811996
5034,6424,Kate Patil Chowk,3665,Urban,10.19,18.5991587052468,73.8073693013282
5035,6332,Pimple Saudagar Chowk,3666,Urban,10.55,18.6005741312772,73.803120102514
5036,6333,Nanekarpark,3667,Urban,11.23,18.606701,73.801399
5037,6334,Waghere Heights,3668,Urban,11.45,18.609501,73.802299
5038,6433,Chaphekar Chowk Vetal Nagar,3669,Suburban,14.65,18.6308256460939,73.7809295148092
5039,6434,Chaitanya Sabhagruh,3670,Suburban,15.0,18.633699,73.779404
5040,6435,Ruston Colony,3671,Suburban,15.38,18.6364,73.777298
5041,6436,Power House Chinchwade Nagar,3672,Suburban,16.03,18.6411,73.773598
5042,6437,Bijli Nagar Morya Nagari,3673,Suburban,16.21,18.642599,73.772797
5043,6438,Bijlinagar,3674,Suburban,16.57,18.644160590537,73.7690883213161
5044,6439,Guruvdara Bijlinagar,3675,Suburban,16.88,18.6458,73.766502
5045,6440,Akurdi Railway Station Magil Baju,3676,Suburban,17.24,18.6480012559376,73.7637023824992
5046,6415,Akurdi Railway Station Magil Baju,3676,Suburban,17.22,18.6479090999768,73.7638954831398
5047,6416,Guruvdara Bijlinagar,3675,Suburban,16.83,18.645599,73.766899
5048,6417,Bijlinagar,3674,Suburban,16.58,18.6442787324639,73.7691748034908
5049,6418,Bijli Nagar Morya Nagari,3673,Suburban,16.24,18.6429,73.772797
5050,6419,Power House Chinchwade Nagar,3672,Suburban,16.02,18.641199,73.773804
5051,6420,Ruston Colony,3671,Suburban,15.37,18.6364,73.777397
5052,6421,Chaitanya Sabhagruh,3677,Suburban,14.99,18.633699,73.779602
5053,6422,Chaphekar Chowk Vetal Nagar,3669,Suburban,14.64,18.6308866331771,73.781077716719
5054,6166,Manik Colony,633,Suburban,14.11,18.630743015156,73.7905097191837
5055,6167,Bakwoulf Colony,632,Suburban,14.0,18.6304,73.792099
5056,6168,Gawade Petrol Pump,631,Suburban,13.93,18.6301,73.7929
5057,6169,Devi Link,3678,Suburban,13.56,18.628201,73.796501
5058,6322,Waghere Heights,3668,Urban,11.44,18.609501,73.802498
5059,6323,Nanekarpark,3667,Urban,11.2,18.606501,73.801498
5060,6324,Pimple Saudagar Chowk,3666,Urban,10.55,18.6005886928862,73.8032575703281
5061,6326,Sudarshan Nagar,3664,Urban,9.87,18.598499,73.812103
5062,6327,Bhairav Nagar Pimplegurav,3679,Urban,9.62,18.597099,73.814499
5063,6427,Navin Manapa Shala,3680,Urban,8.88,18.591101,73.817596
5064,6451,Mahadev Mandir Pimple Saudagar,3681,Urban,10.9,18.601801,73.799103
5065,6452,Rahatnigaon,3682,Urban,11.19,18.602818141348,73.7958258337831
5066,6453,Ram Nagar Rahatni,3683,Urban,11.43,18.603201,73.792397
5067,6454,Nakhate Vasti,3684,Urban,11.93,18.6047,73.786697
5068,6455,Datta Nagar Rahatni,3685,Suburban,12.28,18.605801,73.782799
5069,6299,Rahatani Phata,3686,Suburban,12.59,18.6073900174772,73.7802254546662
5070,6456,Shree Nagar,3687,Suburban,12.63,18.6089,73.781601
5071,6300,Dhangarbaba Kalewadi,3688,Suburban,12.71,18.6110911665259,73.7832556756987
5072,695,Tapkir Nagar Rahatni,3689,Suburban,12.77,18.612553,73.784386
5073,6289,Mm School,3690,Suburban,12.86,18.6142398940136,73.7853357143258
5074,6458,Darshan Bari Society,3691,Suburban,13.3,18.6182744867918,73.7841401374085
5075,6459,Moraya Raj Park,3692,Suburban,13.73,18.622,73.7826
5076,6460,Keshav Nagar Ma Na Pa Shala,3693,Suburban,14.03,18.625099,73.782501
5077,6341,Chintamani Pravesh Dwar,3694,Suburban,16.07,18.637699,73.7677
5078,6342,Railway Quarters,3695,Suburban,16.55,18.6439127086865,73.7691485776614
5079,6461,Sambhaji Chowk Aakurdi,3696,Suburban,17.03,18.6492,73.769203
5080,5865,Akurdi Police Chowky,3697,Suburban,17.19,18.6500747832303,73.7678462481591
5081,5866,Sambhaji Chowk,3698,Suburban,16.98,18.6492,73.770203
5082,6313,Railway Quarters,3695,Suburban,16.54,18.64388725225,73.7692941578473
5083,6314,Chintamani Pravesh Dwar,3699,Suburban,16.02,18.6374,73.767998
5084,6441,Keshav Nagar Ma Na Pa Shala,3693,Suburban,14.01,18.625,73.7826
5085,6442,Moraya Raj Park,3692,Suburban,13.73,18.622,73.7827
5086,6443,Darshan Bari Society,3691,Suburban,13.28,18.6182,73.784401
5087,6444,Mm School,3690,Suburban,12.88,18.6142704051894,73.7850976939162
5088,6290,Dhangarbaba Kalewadi,3688,Suburban,12.7,18.611,73.783401
5089,6445,Shree Nagar,3700,Suburban,12.64,18.609699,73.782501
5090,6446,Rahatani Phata,3686,Suburban,12.57,18.6073492993647,73.7804634750758
5091,6447,Datta Nagar Rahatni,3685,Suburban,12.28,18.6059,73.782898
5092,6448,Nakhate Vasti,3684,Urban,11.95,18.6049,73.786598
5093,6449,Ram Nagar Rahatni,3701,Urban,11.43,18.6032140338785,73.7925394552152
5094,6450,Rahatnigaon,3682,Urban,11.21,18.6029,73.795601
5095,6276,Newale Chowk,3702,Suburban,16.84,18.6644,73.807198
5096,6277,Vaishnavi Calection,3703,Suburban,16.72,18.6632,73.8069
5097,6278,Shivtej Nagar Chowk,3704,Suburban,16.66,18.662901,73.807899
5098,6279,Shani Mandir Shahu Nagar,3705,Suburban,16.43,18.6607,73.8078
5099,6280,Bahirwade Kridangan,3706,Suburban,16.08,18.6573032669352,73.8075897450876
5100,6281,Ganesh Mandir Shahu Nagar,3707,Suburban,15.79,18.6555649038212,73.8108133689018
5101,6282,Ksb Chowk,1272,Suburban,15.36,18.651199,73.8097
5102,5282,Zero Boys Bakery,3708,Suburban,13.03,18.632299,73.82
5103,5274,Zero Boys Bakery,3708,Suburban,13.04,18.632299,73.819801
5104,6463,Ganesh Mandir Shahu Nagar,3707,Suburban,15.78,18.6555,73.810898
5105,6305,Bahirwade Kridangan,3706,Suburban,16.04,18.657,73.807899
5106,6464,Shani Mandir Shahu Nagar,3705,Suburban,16.45,18.6609,73.807701
5107,6465,Shivtej Nagar Chowk,3704,Suburban,16.62,18.6626,73.807999
5108,6162,Nageshwar Vidyalaya Chikhli,3709,Suburban,19.65,18.6910025367509,73.8080855675933
5109,6161,Map Engineering Chikhli,3710,Suburban,19.29,18.6875318772416,73.8077046518365
5110,6131,Jadhavwadi Phata Chikhali,3711,Suburban,18.18,18.68,73.819298
5111,6132,Vadachi Talim,3712,Suburban,17.7,18.6762134858734,73.8221168675854
5112,6466,Subhash Nagar,3713,Suburban,17.15,18.6715602813813,73.8241512771019
5113,6134,Savtamali Mandir Chikhali,3714,Suburban,16.84,18.6688,73.824898
5114,6135,Jadhavwadi Chikhali,3715,Suburban,16.49,18.665701,73.8255
5115,6136,Cng Pump Corner,3716,Suburban,16.32,18.6639376105407,73.824388685472
5116,6137,Raje Shivaji Phata,3717,Suburban,16.04,18.6615194796618,73.8251434025309
5117,6138,Spine Road Breez,3718,Suburban,15.72,18.658899,73.826599
5118,6139,Tata Material Gate,3719,Suburban,15.18,18.653601,73.825104
5119,6140,Shabri Enterprises,3720,Suburban,14.88,18.650299,73.822899
5120,6141,Maruti Suzuki Showroom,3721,Suburban,14.57,18.6474,73.822701
5121,6510,Jadhavwadi Phata Kudalwadi Road,3722,Suburban,18.06,18.6782,73.816299
5122,6511,Kudalwadi,3723,Suburban,17.42,18.672199,73.815804
5123,6512,Kudalwadi Corner,3724,Suburban,17.25,18.6705,73.815399
5124,6496,Pawar Vasti Chikhali,3725,Suburban,17.12,18.6693,73.815201
5125,6497,Bhosale Petrol Pump Chikhli,3726,Suburban,16.42,18.6622629548889,73.8133299298143
5126,6498,Rto Chikhali / Purna Nagar,3727,Suburban,16.06,18.65856613145,73.8124555244159
5127,6499,Shahu Nagar,3728,Suburban,15.82,18.6560083716226,73.8114503869684
5128,6500,Ayukta Bungalow Pimpri,3729,Suburban,14.66,18.6437,73.807503
5129,6501,Pimpri Court,3730,Suburban,14.1,18.637273645471,73.8048467699652
5130,6502,Pimpri Court,3730,Suburban,14.1,18.6372768234626,73.8046972466743
5131,6503,Midc Pimpri,3731,Suburban,14.38,18.640699,73.806702
5132,6504,Ayukta Bungalow Pimpri,3732,Suburban,14.75,18.6446,73.807503
5133,6505,Shahu Nagar,3733,Suburban,15.79,18.6558101520205,73.8115408937716
5134,6506,Rto Chikhali,3734,Suburban,16.03,18.6583,73.812202
5135,6507,Bhosale Petrol Pump,3735,Suburban,16.43,18.6622623855303,73.813053696473
5136,6508,Pawar Vasti Chikhali,3736,Suburban,16.52,18.663401,73.814201
5137,6513,Kudalwadi Corner,3737,Suburban,17.26,18.670601,73.815399
5138,6514,Kudalwadi,3738,Suburban,17.57,18.673599,73.815903
5139,6515,Jadhavwadi Phata Kudalwadi Road,3739,Suburban,18.37,18.681299,73.817299
5140,6468,Moi Phata,3740,Suburban,18.44,18.682199,73.818497
5141,6128,Map Engineering Chikhli,3710,Suburban,19.29,18.6875948154741,73.8077482291862
5142,6127,Nageshwar Vidyalaya Chikhli,3709,Suburban,19.64,18.6908907394861,73.8081613446
5143,6149,Maruti Suzuki Showroom,3741,Suburban,14.6,18.647699,73.822601
5144,6150,Shabri Enterprises,3742,Suburban,14.93,18.650801,73.822998
5145,6151,Tata Material Gate,3719,Suburban,15.2,18.653799,73.824997
5146,6152,Spine Road Breez,3743,Suburban,15.75,18.6591,73.8265
5147,6153,Raje Shivaji Phata,3744,Suburban,16.33,18.6640621020549,73.8243296689843
5148,6154,Cng Pump Corner,3745,Suburban,16.38,18.664597661104,73.8247011404691
5149,6155,Jadhavwadi Chikhali,3746,Suburban,16.49,18.6657233937796,73.8253770624004
5150,6156,Savtamali Mandir Chikhali,3714,Suburban,16.85,18.6689,73.824799
5151,6133,Subhash Nagar,3747,Suburban,17.14,18.6714490741067,73.8242169977972
5152,6157,Vadachi Talim,3712,Suburban,17.73,18.676421213407,73.8219565786414
5153,6158,Jadhavwadi Phata Chikhali,3711,Suburban,18.19,18.680099,73.819199
5154,7589,Ma Na Pa Shala Wakad,3748,Suburban,12.02,18.5944,73.773598
5155,6470,Nisarg Nirmiti Society,3749,Suburban,12.3,18.599199,73.774803
5156,106834,Kalewadi Phata,3750,Suburban,12.47,18.603220973386,73.7768726904936
5157,6471,Sai Chowk Wakad Road,3751,Urban,10.99,18.5931,73.786003
5158,6472,Shivar Chowk,3752,Urban,11.03,18.5962118033015,73.78927452906
5159,6473,Kokane Chowk,3753,Urban,10.94,18.5967583521213,73.7912949181217
5160,6474,Rose Land Nisarg Nirmiti Society,3754,Urban,10.73,18.596701,73.794403
5161,6475,Vishvashanti Colony Pk Chowk,3755,Urban,10.57,18.5980478554537,73.79882056091
5162,6476,Govind Yashada Chowk,3756,Urban,10.24,18.5974593841342,73.8034902526176
5163,6477,Kalpataru Society Brt,3757,Urban,10.02,18.6019,73.816101
5164,6479,Vishvashanti Colony Pk Chowk,3755,Urban,10.57,18.5982156911954,73.7991034984589
5165,6480,Kokane Chowk / Sindhupark Ganesh Mandir,3758,Urban,10.93,18.5968505358097,73.7915202184194
5166,6481,Shivar Chowk,3752,Urban,11.05,18.5963656233351,73.7891827008757
5167,106484,Kalewadi Phata,3750,Suburban,12.46,18.6031201292981,73.7769760725185
5168,6482,Ma Na Pa Shala Wakad,3748,Suburban,12.01,18.5944,73.773697
5169,6604,Shantai Recidency,3759,Outer,29.83,18.7283634161287,73.6779280151524
5170,6606,General Hospital Talegaon,3760,Outer,30.42,18.7332,73.675201
5171,6548,Sant Tukaram Maharaj Society Dehugaon,3761,Suburban,24.02,18.7223893487893,73.7758474275484
5172,6607,Shubham Complex,3762,Outer,30.27,18.733601,73.678101
5173,6608,Bhaji Mandai Talegaon Road,3763,Outer,30.04,18.7341,73.682297
5174,6609,Parulekar Vidyaniketan,3764,Outer,29.92,18.734301,73.684502
5175,6551,Bhairavanath Chowk Dehugaon,2882,Suburban,24.49,18.724442,73.769226
5176,6610,Manohar Nagar,3765,Outer,29.77,18.734501,73.686996
5177,6611,Unique Hospital,3766,Outer,29.59,18.734699,73.690201
5178,6552,Dehugaon,3767,Suburban,24.23,18.7206040475143,73.7659943314856
5179,6612,Mauli Lawns,3768,Outer,29.41,18.735001,73.693604
5180,6595,Corner Hotel Sangurdi,3769,Suburban,24.55,18.7222,73.7621
5181,6613,Malwadi Talegaon Road,3770,Outer,29.23,18.735201,73.6968
5182,6594,Vatsalya Vrudhashram Sangurdi,3771,Suburban,24.94,18.725401,73.760696
5183,6614,Koteshwar Wadi Phata,3772,Outer,28.82,18.7358,73.704498
5184,6593,Dehu Multi Specialty Hospital,3773,Outer,25.22,18.7278,73.759804
5185,6615,Indori Phata,3774,Outer,28.46,18.735201,73.709801
5186,6592,Digambara Chowk Yelwadi,3775,Outer,25.73,18.7321,73.758102
5187,6616,Indorigaon,3776,Outer,28.2,18.7349,73.713997
5188,6591,Yelwadi,3777,Outer,25.93,18.733801,73.7575
5189,6617,Hanuman Mandir Indori,3778,Outer,28.26,18.736401,73.715401
5190,6590,Dehu Phata Chakan Road,3779,Outer,26.56,18.7391,73.755402
5191,6618,Sai Nagar Indory,3780,Outer,28.09,18.7376030520549,73.720579801455
5192,6625,Toll Naka Chakan Road,3781,Outer,26.87,18.739,73.748001
5193,6619,Indory Bypass,3782,Outer,28.03,18.738052623748,73.7225794001096
5194,6626,Bhandara Dongar Payatha,3783,Outer,27.24,18.7388,73.739502
5195,6620,Soundarya Garden,3784,Outer,27.82,18.7379,73.726196
5196,6627,Bhandara Dongar,3785,Outer,27.38,18.7387970030476,73.7365924839807
5197,6621,Tolani Institute,3786,Outer,27.5,18.738199,73.733002
5198,6628,Tolani Institute,3786,Outer,27.5,18.7381,73.732803
5199,6622,Bhandara Dongar,3785,Outer,27.37,18.738899,73.737
5200,6629,Soundarya Garden,3784,Outer,27.83,18.7379,73.725998
5201,6623,Bhandara Dongar Payatha,3783,Outer,27.22,18.7389240046528,73.7402515397655
5202,6630,Indory Bypass,3782,Outer,28.02,18.73801076532,73.7226826138758
5203,6624,Toll Naka Chakan Road,3781,Outer,26.9,18.739201,73.747803
5204,6893,Sai Nagar Indori,3787,Outer,27.97,18.7365419560103,73.7209432867978
5205,6598,Dehu Phata Chakan Road,3779,Outer,26.58,18.7391119668534,73.7549661767517
5206,6632,Hanuman Mandir Indori,3788,Outer,27.9,18.734699,73.718903
5207,6633,Indorigaon,3789,Outer,27.96,18.733801,73.716301
5208,6634,Indori Phata,3790,Outer,28.47,18.735001,73.709396
5209,6635,Koteshwar Wadi Phata,3791,Outer,28.79,18.735701,73.704903
5210,6636,Malwadi Talegaon Road,3792,Outer,29.2,18.735399,73.697502
5211,6637,Mauli Lawns,3793,Outer,29.41,18.7348,73.693199
5212,6638,Unique Hospital,3794,Outer,29.62,18.734501,73.6894
5213,8949,Dehugaon,3767,Suburban,24.25,18.7208,73.7659
5214,6639,Manohar Nagar,3795,Outer,29.78,18.734301,73.686699
5215,6640,Parulekar Vidyaniketan,3796,Outer,29.91,18.7342,73.684402
5216,6641,Bhaji Mandai Talegaon Road,3763,Outer,30.06,18.7339,73.681702
5217,6642,Shubham Complex,3762,Outer,30.27,18.7335,73.677902
5218,6643,General Hospital Talegaon,3797,Outer,30.37,18.7331933378783,73.6760437712076
5219,6644,Talegaon Railway Station,3798,Outer,30.43,18.7328,73.674599
5220,6547,Abhang English Medium School Dehugaon,2874,Suburban,23.82,18.7208289737299,73.7769672458675
5221,6645,Shantai Recidency,3759,Outer,29.82,18.7283513596419,73.6780125244598
5222,6580,Sant Tukaram Maharaj Krida Sankul Wadacha Mal Dehugaon,3799,Suburban,23.58,18.7190107513855,73.7782453013695
5223,6581,Siddhanta College Sudumbare,3800,Outer,28.68,18.75968,73.755005
5224,6582,Chhatrapati Shambhu Raje Chowk Sudumbare,3801,Outer,28.36,18.756348,73.754395
5225,6583,Sudumberegaon,3802,Outer,28.25,18.755606,73.755447
5226,6584,Panyachi Taki Sudumbare,3803,Outer,28.18,18.7552459732515,73.7560996386933
5227,6585,Ganesha Mandir Sudumbare,3804,Outer,28.09,18.754499,73.756599
5228,6601,Ganesh Nagar Sudumbare,3805,Outer,27.9,18.75,73.75
5229,6602,Gade Vasti Sudumbare,3806,Outer,27.32,18.747999,73.759003
5230,6588,Sudumbare Gaon Split,3807,Outer,26.52,18.7418,73.763
5231,6599,Kunjari Lawns,3808,Outer,26.52,18.739799,73.758102
5232,5142,Dehugaon Phata,3809,Suburban,21.41,18.6791908979011,73.7417665520551
5233,6483,Pimple Saudagar- Mahadev Mandir / Pimple Saudagar,3810,Urban,10.94,18.6020383938667,73.798825208097
5234,6657,Avinash Mangal Karyalay,3811,Suburban,12.87,18.616301,73.7883
5235,6658,Kalewadi,3812,Suburban,12.83,18.616699,73.789703
5236,6659,Vijay Nagar Kalewadi,3813,Suburban,12.87,18.618401,73.791702
5237,6660,Lucky Bakery,3814,Suburban,12.73,18.619499,73.796303
5238,9284,Charholigaon Burde Vasti,3815,Suburban,15.91,18.6478172517725,73.9252729880754
5239,9283,Ganesh Chowk Charholi,3816,Suburban,15.8,18.6489827258995,73.9203896254465
5240,9282,Tanish Society,3817,Suburban,15.84,18.65144,73.91571
5241,9281,Laxmi Mata Chowk Charholi,3818,Suburban,15.93,18.6535,73.91258
5242,6655,Wagheshwar Vidyalaya,3819,Suburban,15.65,18.652901,73.906799
5243,6662,Patole Vasti,3820,Suburban,15.43,18.6513,73.905197
5244,6663,Kotval Wadi,3821,Suburban,15.15,18.648899,73.904404
5245,6647,Tajne Mala Phata,3822,Suburban,14.14,18.6455,73.880699
5246,6664,Kalje Nagar,3823,Suburban,14.95,18.648001,73.901398
5247,6648,Tajne Mala,3824,Suburban,14.19,18.645201,73.884903
5248,6665,Ghandi Park,3825,Suburban,14.75,18.647301,73.897598
5249,6649,Sarandh Society Kaljewadi,3826,Suburban,14.47,18.6465,73.890503
5250,6666,Kaljewadi,3827,Suburban,14.74,18.6481,73.894096
5251,6650,Kaljewadi,3827,Suburban,14.75,18.648199,73.894096
5252,6651,Gandharva Park,3828,Suburban,14.77,18.6474,73.897797
5253,6667,Tajne Mala,3824,Suburban,14.19,18.6451,73.885101
5254,6652,Kalje Nagar,3823,Suburban,14.97,18.648199,73.901299
5255,6668,Tajne Mala Phata,3829,Suburban,14.13,18.645399,73.880699
5256,6653,Kotval Wadi,3821,Suburban,15.16,18.649099,73.904297
5257,6654,Patole Vasti,3820,Suburban,15.43,18.6514,73.905098
5258,6669,Lucky Bakery,3830,Suburban,12.7,18.6193236437096,73.7965332460299
5259,7732,Vijay Nagar / Vijay Nagar Kalewadi,3831,Suburban,12.85,18.6184301922162,73.792121684725
5260,6671,Kalewadi,3812,Suburban,12.82,18.6166,73.789703
5261,6672,Avinash Mangal Karyalay,3811,Suburban,12.86,18.616199,73.7883
5262,6673,Pimple Saudagar,3832,Urban,10.6,18.600901,73.802803
5263,6517,Wakad Shala,3833,Suburban,12.78,18.5935,73.7631
5264,6518,Utkarsh Chowk,3834,Suburban,12.82,18.5944,73.763496
5265,6519,Datta Mandir Wakad Road,3835,Suburban,12.94,18.5963,73.763603
5266,6520,Janoba Chowk,3836,Suburban,13.08,18.5982,73.763603
5267,6521,Postal Colony,3837,Suburban,13.24,18.6007,73.763901
5268,6522,Arya Medical Samrat Chowk,3838,Suburban,13.42,18.603701,73.764603
5269,6523,Wakad Police Station,3839,Suburban,13.68,18.607401,73.7649
5270,6524,Shiv Colony Mangal Nagar,3840,Suburban,13.88,18.6103,73.765297
5271,6525,Dange Chowk Wakad Road,3841,Suburban,14.08,18.6133381828631,73.7659507146208
5272,6543,Magzine Bhosari Road,2961,Suburban,12.65,18.6329593602982,73.8741798738349
5273,6941,Morya Nagar,3842,Suburban,14.62,18.6306317811377,73.7810957986192
5274,6533,Dange Chowk Wakad Road,3843,Suburban,14.17,18.6145,73.765999
5275,6534,Wakad Phata Wakad Road,3844,Suburban,14.07,18.613281573974,73.7659909398667
5276,6535,Shiv Colony Mangal Nagar,3840,Suburban,13.88,18.6103,73.765404
5277,6536,Wakad Police Station,3845,Suburban,13.68,18.607599,73.765099
5278,6537,Arya Medical Samrat Chowk,3838,Suburban,13.42,18.604,73.7649
5279,6538,Postal Colony,3846,Suburban,13.2,18.600201,73.764
5280,6539,Janoba Chowk,3836,Suburban,13.06,18.598101,73.763802
5281,6540,Datta Mandir Wakad Road,3835,Suburban,12.91,18.5961,73.763802
5282,6541,Wakad Shala,3833,Suburban,12.77,18.593599,73.763298
5283,106565,Tata Motors Bebadohal,3847,Outer,28.53,18.68419,73.64829
5284,106566,Electrical Engineering Company,3848,Outer,28.81,18.68767,73.64798
5285,106567,Pdcc Bank Bebadohal,3849,Outer,29.04,18.6908394483338,73.6479563020561
5286,106568,Exerbia River Society Bebadohal,3850,Outer,29.22,18.69423,73.64875
5287,106569,Mauli Nursery Parandavadi,3851,Outer,28.74,18.6964442575904,73.6569793214119
5288,106570,Bhairavnagar,3852,Outer,28.68,18.6969219027467,73.6583204491465
5289,6864,Urse Phata,3853,Outer,28.68,18.698,73.659302
5290,6865,Zilla Parishad Shala Parandwadi,3854,Outer,28.57,18.6992,73.662003
5291,106571,Indira Campus Parandavadi,3855,Outer,28.49,18.6999497495023,73.6638179929656
5292,6866,Shantai Nivas,3856,Outer,28.41,18.7006,73.665604
5293,6867,Bhote Vasti,3857,Outer,28.2,18.7015,73.669403
5294,6868,Chaurai City,3858,Outer,28.07,18.702999,73.672798
5295,6869,Sylvana Residency,3859,Outer,27.84,18.704,73.677101
5296,6870,Chaurai Nagar,3860,Outer,27.6,18.704201,73.680702
5297,6871,Sparsh Hospital,3861,Outer,27.3,18.7036,73.684303
5298,106838,Dehuroad Bazar,3407,Suburban,22.23,18.681102163326,73.7311785128076
5299,106572,Zilla Parishad School Parandavadi,3862,Outer,28.58,18.6992909248731,73.6619340948392
5300,6688,Chondhe Lawns,3863,Urban,10.79,18.5859346493684,73.7812244999455
5301,106675,63 Avenue Society,3864,Urban,8.79,18.5687886140712,73.7907253838536
5302,6917,Takle Chowk,3865,Urban,8.74,18.5676,73.790398
5303,106676,Shahid Ashok Kamthe Udyan,3866,Urban,8.67,18.5670591921598,73.7908054871804
5304,106677,Mngl Gas Pump Pimplenilakh,3867,Urban,8.51,18.5668777875606,73.7925108661981
5305,106678,Smashan Bhumi Pimplenilakh,3868,Urban,8.46,18.5677563240232,73.7939278863733
5306,106679,Samarth Colony,3869,Urban,8.58,18.5696530886149,73.7940835043134
5307,6900,Takle Chowk Pimplenilakh,3870,Urban,8.75,18.5676,73.790298
5308,6771,Bhakti Shakti Stand,3871,Suburban,18.37,18.6649151785664,73.7722586371461
5309,6800,Alkapuram Society,3872,Suburban,15.1,18.6541,73.881897
5310,6801,Rkl Galaxy School,3873,Suburban,15.02,18.653601,73.880402
5311,6802,Ravikiran Society,3874,Suburban,14.77,18.651899,73.876404
5312,6803,Yashobhoomi Heights,3875,Suburban,14.56,18.6506,73.8713
5313,106886,Vighnharta Colony,3876,Suburban,14.45,18.6499478741952,73.8674665927306
5314,6804,Nm Engineering Society,3877,Suburban,14.51,18.6507,73.863602
5315,6805,Tirupati Chowk,3878,Suburban,14.51,18.650801,73.861397
5316,6806,Jaywant Nagar,3879,Suburban,14.18,18.6479,73.854797
5317,106839,Vakhar Mahamandal Bhosari,3880,Suburban,14.15,18.6475742215635,73.8510470594039
5318,6808,Shashkiy Vishram Gruh Bhosari,3881,Suburban,14.14,18.647301,73.848602
5319,6809,Santnagar Bhosari,3882,Suburban,14.19,18.6476,73.845497
5320,6778,Sant Sai Chowk,3883,Suburban,14.55,18.650801,73.845299
5321,6774,Sant Nagar Rto Office,3884,Suburban,15.08,18.6554626496319,73.8442028307301
5322,6775,Sevadharma Hospital,3885,Suburban,15.06,18.6549,73.840202
5323,6776,Priyanka Sahakari Gruh Sanstha,3886,Suburban,14.86,18.653099,73.840202
5324,6810,Spine Mall,3887,Suburban,14.56,18.6504,73.839798
5325,6811,Badminton Hall,3888,Suburban,14.77,18.6518,73.836098
5326,6812,Sardar Vallabhbhai Patel Chowk,3889,Suburban,15.02,18.6536988892736,73.8335798312173
5327,106947,Chintamani Ganesh Mandir,3890,Suburban,14.89,18.6523100964234,73.8325921538254
5328,106948,Excellent International School,3891,Suburban,14.72,18.6505907592108,73.8314712858614
5329,7108,Minatai Kametkar Udyan Bhosari,3892,Suburban,14.56,18.648899,73.8302
5330,7072,Sector No. 12 Pm Awas Yojana Bhosari,3893,Suburban,14.94,18.652,73.827904
5331,7074,Minatai Kametkar Udyan Bhosari,3892,Suburban,14.57,18.6490133353571,73.8301587738089
5332,106949,Excellent International School,3891,Suburban,14.74,18.6507204477644,73.8313104997416
5333,106950,Chintamani Ganesh Mandir,3894,Suburban,14.89,18.6523265762995,73.8324157977897
5334,6813,Navkar Society,3895,Suburban,15.37,18.6563,73.8302
5335,6814,Tulsi Landmark Society,3896,Suburban,15.49,18.6572,73.828903
5336,6815,Kranti Chowk Corner,3897,Suburban,15.78,18.659401,73.8265
5337,6816,Rajmata Jijau Chowk,3898,Suburban,16.0,18.6611,73.824699
5338,6817,Jadhav Sarkar Chowk,3899,Suburban,16.1,18.6616,73.8228
5339,6818,Tata Indica Gate,3900,Suburban,16.29,18.6622814171807,73.8183342593115
5340,6819,Ganesh Pride Society,3901,Suburban,16.44,18.662701,73.8144
5341,6820,Sarunkhe Empire Society,3902,Suburban,16.62,18.663401,73.810898
5342,6821,Sarunkhe Empire Society,3903,Suburban,16.88,18.665001,73.807899
5343,6822,Ganesh Pride Society,3904,Suburban,16.47,18.6630723884343,73.8148846709812
5344,6823,Tata Indica Gate,3905,Suburban,16.3,18.662544351814,73.8189867165161
5345,6824,Jadhav Sarkar Chowk,3899,Suburban,16.15,18.662201,73.823402
5346,6825,Rajmata Jijau Chowk,3906,Suburban,15.78,18.6595,73.827202
5347,6826,Kranti Chowk Corner,3907,Suburban,15.67,18.658701,73.827904
5348,6827,Tulsi Landmark Society,3896,Suburban,15.52,18.657499,73.8293
5349,6828,Navkar Society,3895,Suburban,15.38,18.6565,73.830498
5350,6829,Sardar Vallabhbhai Patel Chowk,3889,Suburban,15.04,18.6539,73.833702
5351,6830,Badminton Hall,3888,Suburban,14.81,18.652201,73.836304
5352,106951,Spine Mall,3908,Suburban,14.56,18.6502680860354,73.838847685194
5353,6797,Priyanka Sahakari Gruh Sanstha,3886,Suburban,14.82,18.6527,73.839996
5354,6798,Sevadharma Hospital,3885,Suburban,15.06,18.6549,73.839996
5355,6799,Sant Nagar Rto Office,3909,Suburban,15.09,18.6555515903493,73.8436060379094
5356,6832,Sant Sai Chowk,3910,Suburban,14.5,18.6504,73.845398
5357,6833,Santnagar Bhosari,3911,Suburban,14.29,18.6485,73.845596
5358,6834,Shashkiy Vishram Gruh Bhosari / Sant Nagar,3912,Suburban,14.18,18.647499,73.845703
5359,6836,Tirupati Chowk,3878,Suburban,14.52,18.6509,73.861198
5360,6837,Nm Engineering Society,3913,Suburban,14.52,18.6507,73.865501
5361,6838,Yashobhoomi Heights,3875,Suburban,14.57,18.6507,73.871201
5362,6839,Ravikiran Society,3874,Suburban,14.79,18.6521,73.876297
5363,6840,Rkl Galaxy School,3914,Suburban,15.03,18.6537,73.880501
5364,6841,Alkapuram Society,3872,Suburban,15.11,18.6542,73.881897
5365,6308,Krushna Mandir Nigdi,635,Suburban,18.03,18.662584,73.774391
5366,106792,Nigdi,646,Suburban,17.72,18.6604484745353,73.7764489331687
5367,6777,Shaskiya Vasatigruha,3915,Suburban,14.79,18.6528,73.8433
5368,6780,Shrikrushna Nagari,3916,Suburban,13.42,18.6406,73.8452
5369,7083,Sahara Sweet Mart,3917,Suburban,13.07,18.637362,73.844528
5370,7099,Rakesh Sweet Bhosari Road,3918,Suburban,12.81,18.6350015546872,73.8439185139447
5371,7085,Indrayani Nagar / Indrayani Nagar Bhosari,3919,Suburban,12.9,18.635432330595,73.8407226605886
5372,7086,Swami Samarth Vidyalaya Bhosari,3920,Suburban,12.57,18.632388131196,73.8403759646926
5373,6785,Vaishnavi Mata Mandir,3921,Suburban,12.9,18.6358535713563,73.844404666301
5374,6786,Union Bank Indrayani Nagar / Union Bank Bhosari,3922,Suburban,12.73,18.634424587684,73.8463304871141
5375,7091,Union Bank Indrayani Nagar,3923,Suburban,12.72,18.6343781857096,73.8464310581181
5376,6788,Vaishnavi Mata Mandir,3924,Suburban,12.89,18.635799,73.844704
5377,6789,Rakesh Sweet Mart,3925,Suburban,12.81,18.634951309081,73.8437615955131
5378,7094,Indrayani Nagar Bhosari,3926,Suburban,12.89,18.6353611453085,73.8407655627839
5379,6791,Swami Samarth Vidyalay,3927,Suburban,12.59,18.6324942221892,73.8401983137092
5380,6792,Sahara Sweet Mart,3928,Suburban,12.48,18.631901,73.842796
5381,6793,Shrikrushna Nagari,3929,Suburban,13.36,18.639999,73.844902
5382,6794,Sant Nagar,3930,Suburban,14.1,18.646799,73.845497
5383,6795,Sant Nagar Police Station,3931,Suburban,14.3,18.6482757515341,73.8424097726887
5384,6831,Spine Mall / Spine Mall Chowk,3932,Suburban,14.58,18.650499,73.839699
5385,6857,Vasudev Aashram Ursegaon,3933,Outer,31.04,18.7041110359694,73.6348885878472
5386,6843,Gram Panchayat Urse Gaon,3934,Outer,30.84,18.704599,73.637901
5387,6859,Urse Gaon,3935,Outer,30.41,18.7038182064959,73.6426119048289
5388,6860,Klt Automotive Ltd.,3936,Outer,30.29,18.703199,73.6436
5389,6861,Di Supreme Industries,3937,Outer,29.89,18.701401,73.647003
5390,6863,Castle Park,3938,Outer,29.16,18.7001,73.655197
5391,6862,Greenspan Agrotech Company,3939,Outer,29.56,18.701,73.650902
5392,6872,Greenspan Agrotech Company,3939,Outer,29.56,18.701,73.650803
5393,6873,Gram Panchayat Ursegaon,3940,Outer,30.81,18.7047100030079,73.6383567682567
5394,6842,Urse Gaon Vasudev Aashram,3941,Outer,31.06,18.704201,73.634804
5395,6844,Padmavati Mandir Urse,3942,Outer,30.61,18.704201,73.640503
5396,6845,Chhatrapati Sambhaji Maharaj Chowk Urse,3943,Outer,30.53,18.704201,73.641502
5397,6846,Phenolex Pvt. Ltd. Urse,3944,Outer,30.57,18.7071,73.6437
5398,6847,K.K. Nag Pvt. Ltd.,3945,Outer,30.63,18.710699,73.646599
5399,6848,Dhamale Petrol Pump Urse Khind,3946,Outer,30.98,18.7166,73.648003
5400,6849,Mount Vista Society,3947,Outer,31.51,18.726299,73.651199
5401,6850,Mount Vista Society,3947,Outer,31.51,18.7264,73.651299
5402,6851,Dhamale Petrol Pump Urse Khind,3946,Outer,30.96,18.7166,73.648201
5403,6852,K.K. Nag Pvt. Ltd.,3945,Outer,30.62,18.710699,73.646698
5404,6853,Phenolex Pvt. Ltd. Urse,3944,Outer,30.57,18.7071,73.643799
5405,6854,Chhatrapati Sambhaji Maharaj Chowk Urse,3943,Outer,30.52,18.7041,73.641502
5406,6855,Padmavati Mandir Urse,3948,Outer,30.61,18.7041,73.640404
5407,6856,Gram Panchayat Urse Gaon,3949,Outer,30.78,18.7047,73.638702
5408,6876,Sai Niwas Khalumbre,3950,Outer,26.43,18.7421,73.766296
5409,6877,Khalumbre,3951,Outer,26.17,18.742399,73.774101
5410,6878,Poona Pressing Company,3952,Outer,25.8,18.74234972138,73.7852840903491
5411,6879,Hp Chwok Talegaon Dabhade Road,3953,Outer,26.09,18.745899,73.788399
5412,835,Chakan Talegaon Chowk,3954,Outer,26.2,18.7560573387806,73.8589535224602
5413,6920,Kaspate Chowk,3955,Urban,11.28,18.589701,73.778503
5414,6921,Savitribai Phule Udyan,3956,Urban,11.15,18.5921112679858,73.7827359812658
5415,6884,Midc Phata Chakan Road,3957,Outer,26.58,18.754601,73.806
5416,6888,Poona Pressing Company,3958,Outer,25.8,18.7424678366681,73.7856978178024
5417,6889,Khalumbre,3959,Outer,25.98,18.7416,73.777298
5418,6890,Sai Niwas Khalumbre,3960,Outer,26.17,18.7423,73.774002
5419,6891,Sadumbre Gaon,3961,Outer,26.35,18.742201,73.7687
5420,6589,Kunjari Lawns,3962,Outer,26.5,18.739901,73.758698
5421,106841,Bhandar City,3963,Outer,27.32,18.7388520371012,73.73801277383
5422,6922,Savitribai Phule Udyan,3956,Urban,11.15,18.5919364319451,73.782560350486
5423,6909,Phule Nagar Landewadi,3964,Urban,11.65,18.620701,73.824799
5424,7101,Dy Patil College Pimpri,3965,Urban,11.73,18.6206940378273,73.822294628556
5425,6911,Sant Tukaram Nagar Police Chowki,3966,Suburban,12.27,18.624755238668,73.8188940606497
5426,6292,Kalewadi Phata,3967,Suburban,12.5,18.6045,73.778
5427,6912,Kalewadi Phata Corner,3968,Suburban,12.46,18.6028117840767,73.7766614635206
5428,7611,Mankar Chowk / Mankar Chowk Corner,3969,Urban,11.75,18.5905954132329,73.7733905109419
5429,6914,Vishal Nagar Corner,3970,Urban,11.07,18.588301,73.7799
5430,106843,Pimple Nilakh,3971,Urban,9.15,18.5732372211409,73.7901394472474
5431,6916,Nilkheshwar Mandir,3972,Urban,8.91,18.570601,73.790802
5432,6918,Jupiter Hospital,3973,Urban,8.81,18.564301,73.787102
5433,6919,Abhyudaya Bank,3974,Urban,9.14,18.5646,73.7836
5434,85,Baner Depot,3975,Urban,10.58,18.5667,73.768997
5435,6898,Abhyudaya Bank,3974,Urban,9.14,18.564699,73.783699
5436,6899,Jupiter Hospital,3976,Urban,8.85,18.564699,73.787003
5437,6901,Nilkheshwar Mandir,3972,Urban,8.92,18.570601,73.790703
5438,106842,Pimple Nilakh,3971,Urban,9.09,18.5725202311632,73.790230195543
5439,6903,Vishal Nagar Corner,3970,Urban,11.07,18.5882406211672,73.7797795275558
5440,6904,Mankar Chowk / Mankar Chowk Corner,3969,Urban,11.76,18.5906882075495,73.7733408729815
5441,106659,Kalewadi Phata,3977,Suburban,12.52,18.6045589327888,73.7778452272784
5442,6906,Tukaram Nagar Police Chowki,3978,Suburban,12.17,18.623699,73.818497
5443,6907,D Y Patil Science College,3979,Urban,11.73,18.6207496095365,73.8224038481712
5444,6908,Phule Nagar Landewadi,3964,Urban,11.66,18.6208,73.824799
5445,6950,Yamuna Nagar,3980,Suburban,17.96,18.6675,73.7864
5446,6951,Yamuna Nagar,3981,Suburban,17.96,18.6674748093632,73.7862657630699
5447,2745,Lohegaon Phata,3982,Suburban,14.66,18.5830320583452,73.9790468774744
5448,6931,Pune Public School,3983,Suburban,14.2,18.5846985608602,73.9731252193451
5449,6925,Maruti Mandir Wagholi Road,3984,Suburban,13.89,18.585899,73.968903
5450,6933,Suyog School,3985,Suburban,13.63,18.586901,73.965302
5451,6934,Jakat Naka Dhanori Road,3986,Urban,10.06,18.597099,73.907303
5452,6924,Suyog School,3985,Suburban,13.63,18.5868,73.965401
5453,2741,Pune Public School,3983,Suburban,14.2,18.5846477140255,73.9731493592262
5454,2740,Lohegaon Phata,3982,Suburban,14.64,18.5831534552418,73.9787705967969
5455,106706,Ganeshanagar Ravet,3987,Suburban,18.48,18.6566213706669,73.7562623398088
5456,106705,Bhondve Patil Estate Ravet,3988,Suburban,18.88,18.6595767582069,73.7541374132428
5457,106704,Mhaskevasti Corner Ravet,3989,Suburban,19.77,18.6637520140295,73.7457004346966
5458,106703,Gharkul Ravet,3990,Suburban,20.16,18.665655252393,73.7421530454547
5459,7245,Adarsh Nagar,3991,Suburban,20.22,18.6647,73.739899
5460,7228,Malawale Nagar,3992,Suburban,20.26,18.662399,73.736198
5461,6683,Punawale Corner,3993,Suburban,17.33,18.6391461840189,73.7501364128988
5462,6734,Tathwade,3994,Suburban,16.26,18.6294,73.753799
5463,6949,Pawar Vasti Ravet Road / Pawar Vasti Jambhe Road,3995,Suburban,15.58,18.6244230697879,73.7576760945503
5464,6737,Dairy Farm Tathawade,3996,Suburban,14.98,18.6202772564616,73.7613687423158
5465,6295,Aundh Hospital,200,Urban,8.45,18.577078,73.803322
5466,1015,Walhekarwadi Phata,3997,Suburban,14.81,18.62949,73.77607
5467,6943,Premlok Park,3998,Suburban,15.17,18.6371593047274,73.7822659195338
5468,6944,Police Ayuktalay Pimpri Chinchwad,3370,Suburban,15.39,18.6398349324873,73.7829324340102
5469,6945,Indira Nagar Chinchwad,3369,Suburban,15.47,18.6408,73.783096
5470,6527,Jai Ganesh Vision,3367,Suburban,16.05,18.6477196046225,73.7850232382905
5471,6948,Aundh Hospital,3999,Urban,8.27,18.575735,73.804253
5472,6298,Wakad Phata,419,Urban,10.18,18.5867,73.7901
5473,6743,Tathwade,3994,Suburban,16.24,18.6291399569622,73.7537983059883
5474,7243,Malawale Nagar,4000,Suburban,20.29,18.6628,73.736298
5475,7226,Adarsh Nagar,3991,Suburban,20.25,18.664801,73.7397
5476,106708,Gharkul Ravet,3990,Suburban,20.2,18.6659373971062,73.7420253117219
5477,106709,Mhaskevasti Corner Ravet,3989,Suburban,19.78,18.6639654712917,73.7458230691107
5478,106710,Bhondve Patil Estate Ravet,3988,Suburban,18.87,18.6596657803677,73.7543788539623
5479,106711,Ganeshanagar Ravet,3987,Suburban,18.48,18.6567331863467,73.756434120436
5480,7054,Shree Hospital,4001,Suburban,18.58,18.682301,73.812897
5481,7055,Keshav Nagar Chikhali Road,4002,Suburban,18.29,18.6786756915036,73.809293883031
5482,7056,Newale Vasti,4003,Suburban,18.08,18.6761428426227,73.8074290904483
5483,7057,Aishwaryam Courtyard Society,4004,Suburban,18.07,18.6756340595072,73.8061138569362
5484,8892,Ganlaxmi Colony,4005,Suburban,18.02,18.6748953563731,73.8050338704802
5485,7059,Sane Vasti,4006,Suburban,17.96,18.6738,73.803398
5486,6306,Sane Chowk,4007,Suburban,17.77,18.6705,73.798698
5487,7065,Krushna Nagar,4008,Suburban,17.44,18.6662359058434,73.7956917496302
5488,6275,Sane Chowk,4009,Suburban,17.76,18.6703,73.7985
5489,7066,Sane Vasti,4010,Suburban,17.98,18.6740179876181,73.8035232626677
5490,7067,Ganlaxmi Coloni,4011,Suburban,18.04,18.6751461903717,73.8052500452502
5491,7068,Aishwaryam Courtyard Society,4004,Suburban,18.07,18.6756,73.805901
5492,7069,Newale Vasti,4003,Suburban,18.08,18.6761,73.807198
5493,7070,Keshav Nagar Chikhali Road,4012,Suburban,18.28,18.678487030053,73.8092288716773
5494,7071,Shree Hospital,4013,Suburban,18.46,18.680799,73.8116
5495,7016,Chakan S T Stand,4014,Outer,26.04,18.7545544848755,73.8605871084422
5496,7017,Vishal Garden,4015,Outer,25.7,18.7514,73.864899
5497,7018,Medankar Wadi Phata,4016,Outer,25.56,18.75,73.867996
5498,7019,Kadachi Wadi,4017,Outer,25.44,18.748501,73.874802
5499,7020,Ganesh Nagar Shikarapur Road,4018,Outer,25.32,18.747,73.880203
5500,7021,Ashirwad Bungalow Chakan Road,4019,Outer,25.24,18.746,73.883102
5501,7022,Mungshe Vasti,4020,Outer,25.08,18.744101,73.886902
5502,6982,Tolnaka,4021,Outer,34.09,18.694401,74.123001
5503,7023,Rashe Phata,4022,Outer,25.03,18.742701,73.893898
5504,6983,Khedkar Vasti,4023,Outer,33.48,18.696301,74.114502
5505,106731,Sangam Collection Tulsi Park,4024,Outer,25.02,18.7423674051242,73.8957265114466
5506,6984,Mandhare Vasti,4025,Outer,33.22,18.6971,74.110901
5507,7024,Matoshree Park,4026,Outer,25.02,18.7414,73.901497
5508,6985,Jategaon Phata,4027,Outer,32.22,18.700001,74.096603
5509,7025,Jare Lonce,4028,Outer,25.03,18.740801,73.904999
5510,6986,Radhe Radhe Petrol Pump,4029,Outer,32.0,18.7006,74.093498
5511,7026,Inden Gas Company Chakan Road,4030,Outer,25.02,18.740299,73.907097
5512,6987,Nand Kishor Lawns,4031,Outer,31.57,18.7033,74.0858
5513,7027,Pingle Vasti Shikhrapur Road,4032,Suburban,24.92,18.737801,73.9142
5514,6988,Essar Petrol Pump,4033,Outer,31.3,18.7048,74.0811
5515,7028,Kalus Phata,4034,Suburban,24.9,18.737,73.916603
5516,6989,Bharat Gas Phata,4035,Outer,30.96,18.707001,74.074799
5517,7029,Vasantraj Mangal Karyalay,4036,Suburban,24.88,18.7365,73.918098
5518,6990,Javahar Vidhyalay,4037,Outer,30.79,18.7082,74.071404
5519,7030,Bhosegaon,4038,Suburban,24.83,18.735201,73.920998
5520,6991,Jagtap Pimple Phata,4039,Outer,30.35,18.711201,74.062698
5521,7031,Vadgaon Phata Shikrapur Road,4040,Suburban,24.83,18.734501,73.9235
5522,6998,Sambhaji Nagar Shikrapur Road,4041,Suburban,24.93,18.7341,73.928299
5523,6992,Sondkar Petrol Pump,4042,Outer,30.01,18.7138,74.055397
5524,7032,Datta Nagar Shikrapur Road,4043,Outer,25.1,18.7339,73.933998
5525,7033,Shree Ram Nursery,4044,Outer,25.31,18.7342,73.939003
5526,7034,Shelgaon Phata,4045,Outer,25.51,18.7346488631993,73.9432496590797
5527,6995,Shelgaon Phata,4045,Outer,25.5,18.7345656468067,73.9431746124528
5528,6996,Shree Ram Nursery,4044,Outer,25.31,18.7342,73.939201
5529,6997,Datta Nagar Shikrapur Road,4043,Outer,25.09,18.733801,73.934196
5530,7036,Sondkar Petrol Pump,4042,Outer,30.01,18.714001,74.055099
5531,6999,Vadgaon Phata Shikrapur Road,4046,Suburban,24.82,18.7344,73.923698
5532,7000,Bhosegaon,4047,Suburban,24.82,18.7353,73.920303
5533,7037,Jagtap Pimple Phata,4048,Outer,30.35,18.7113806987748,74.0624589201313
5534,7001,Vasantraj Mangal Karyalay,4036,Suburban,24.88,18.7365,73.917999
5535,7038,Javahar Vidhyalay,4049,Outer,30.83,18.708099,74.071999
5536,7002,Kalus Phata,4034,Suburban,24.88,18.736799,73.916901
5537,7039,Bharat Gas Phata,4035,Outer,30.99,18.707001,74.075104
5538,7003,Pingle Vasti Shikhrapur Road,4032,Suburban,24.91,18.7377,73.914299
5539,7040,Essar Petrol Pump,4033,Outer,31.3,18.704901,74.081001
5540,7004,Inden Gas Company Chakan Road,4030,Outer,25.0,18.740101,73.907303
5541,7041,Nand Kishor Lawns,4031,Outer,31.55,18.703199,74.085701
5542,7005,Jare Lonce,4028,Outer,25.02,18.7407,73.905098
5543,7042,Radhe Radhe Petrol Pump,4029,Outer,32.01,18.700701,74.093498
5544,7006,Matoshree Park,4050,Outer,25.02,18.741301,73.901703
5545,7043,Jategaon Phata,4051,Outer,32.2,18.700199,74.096199
5546,7044,Mandhare Vasti,4025,Outer,33.25,18.6971,74.111198
5547,7007,Rashe Phata,4022,Outer,25.02,18.742599,73.893898
5548,7045,Khedkar Vasti,4052,Outer,33.47,18.6964,74.114403
5549,7008,Mungshe Vasti,4053,Outer,25.02,18.742901,73.891998
5550,7046,Tolnaka,4021,Outer,34.09,18.6945,74.123001
5551,7009,Ashirwad Bungalow Chakan Road,4054,Outer,25.16,18.745001,73.8853
5552,7010,Ganesh Nagar Shikarapur Road,4018,Outer,25.3,18.746799,73.880302
5553,7011,Kadachi Wadi,4055,Outer,25.42,18.7484,73.874901
5554,7012,Medankar Wadi Phata,4016,Outer,25.55,18.749901,73.867897
5555,7013,Vishal Garden,4015,Outer,25.7,18.7514,73.8647
5556,7014,Chakan S T Stand,4056,Outer,26.02,18.7543608284585,73.8607621271826
5557,6484,Ganesh Mandir- Pimple Saudagar,4057,Urban,11.11,18.6005721587382,73.7938443485861
5558,7050,Govind Yashda Chowk / Pk Chowk,4058,Urban,10.22,18.5972794902171,73.8035861606559
5559,6674,Jambe,4059,Suburban,19.53,18.6410974465321,73.722049678293
5560,6675,Nere Phata,4060,Suburban,18.76,18.636801,73.727898
5561,6754,Gaikwad Vasti Jambhe Road,4061,Suburban,18.62,18.6366,73.7295
5562,6677,Rasikwadi,4062,Suburban,18.32,18.6358758513146,73.7326973676682
5563,6165,Pimpri Nagar Ma Na Pa Shala,4063,Urban,11.67,18.6133,73.805099
5564,6678,Malwadi Jambe Road,4064,Suburban,18.1,18.6340611177738,73.7337233086717
5565,6755,Vijay Nagar,4065,Suburban,18.07,18.633499,73.733597
5566,6680,Tajne Vasti,4066,Suburban,18.0,18.6322997896774,73.733272687038
5567,6681,Koyte Vasti,4067,Suburban,17.58,18.630899,73.737396
5568,6684,Punawale / Gaikwad Nagar Punawale,4068,Suburban,17.61,18.638023365249,73.7447989694387
5569,6745,Budhvihar Punavale,4069,Suburban,17.48,18.639,73.747902
5570,6686,Punawale Phata,4070,Suburban,17.29,18.6388189002321,73.7503295030202
5571,6735,Balaji College,4071,Suburban,15.86,18.6266,73.756203
5572,6765,Dairy Farm / Dairy Farm Raghunandan Mangal Karyalay,4072,Suburban,15.09,18.6210755797535,73.7607230918806
5573,6738,Londhe Vasti,4073,Suburban,14.87,18.619499,73.762001
5574,6526,Akurdi Chowk,4074,Suburban,16.18,18.6492,73.785202
5575,7207,Dairy Farm Ravet Road / Dairy Farm Raghunandan Mangal Karyalay,4075,Suburban,15.09,18.6209573756316,73.7605896276566
5576,6768,Balaji College,4071,Suburban,15.92,18.626801,73.755699
5577,6952,Rajguru Nagar Low Collage,4076,Outer,38.81,18.867483,73.89537
5578,6953,Rahul Petrol Pump,4077,Outer,38.1,18.861498,73.891327
5579,6954,Zilla Parishad Shal Thigalsthal,4078,Outer,37.77,18.858646,73.889206
5580,7188,Rajguru Nagar,4079,Outer,37.48,18.8561575457297,73.8876633017357
5581,6956,Rajguru Nagar S T Stand,4080,Outer,37.09,18.8526794624667,73.887772620819
5582,6957,Rajguru Mahavidyalay,4081,Outer,36.84,18.8504236000209,73.8873924328125
5583,6958,Kadus Phata,4082,Outer,36.33,18.8461812827777,73.8829459896414
5584,6959,Kanda Lasun Sanshodhan Kendra,4083,Outer,36.05,18.843771,73.881882
5585,6960,Shiroli Toll Naka,4084,Outer,35.36,18.8376735717867,73.8798647987483
5586,6961,Bhandari Company,4085,Outer,34.7,18.8319,73.877098
5587,6962,Shiroli,4086,Outer,34.33,18.8286,73.876602
5588,6963,Ghat Vitbhatti,4087,Outer,33.87,18.824499,73.875801
5589,6964,Breaks India Company,4088,Outer,32.99,18.816601,73.874298
5590,6965,Khadi Machine Shiroli,4089,Outer,32.31,18.810499,73.873901
5591,6966,Kad Vasti Waki,4090,Outer,32.15,18.809099,73.873596
5592,6967,Bham School,4091,Outer,31.57,18.8039,73.8722
5593,6968,Bham,4092,Outer,31.14,18.8002,73.869797
5594,6969,Rohkal Phata,4093,Outer,30.34,18.7931,73.867302
5595,6970,Waki Khurd,4094,Outer,29.39,18.7843,73.872101
5596,6971,Protacto Company Ekata Nagar,4095,Outer,28.41,18.7756,73.870003
5597,6972,Bhagyalaxmi Mangal Karyalay,4096,Outer,28.0,18.771999,73.868103
5598,6973,Chakan Market Yard,4097,Outer,27.44,18.767099,73.864601
5599,6936,Midc Bhosari,4098,Urban,11.5,18.620943,73.831032
5600,864,Shitalbaug,4099,Urban,10.91,18.617701,73.843376
5601,6977,Kanda Lasun Sanshodhan Kendra,4083,Outer,36.06,18.8438,73.881798
5602,6978,Rajguru Nagar,4079,Outer,37.5,18.8563892383606,73.8876337842876
5603,6979,Zilla Parishad Shal Thigalsthal,4078,Outer,37.77,18.8587,73.889099
5604,6980,Rahul Petrol Pump,4100,Outer,38.1,18.8615,73.891197
5605,6981,Rajguru Nagar Low Collage,4101,Outer,38.82,18.867599,73.895203
5606,7102,Nashik Phata Metro Station,4102,Urban,10.48,18.608299,73.8209
5607,9285,New Tech Company Landewadi,4103,Urban,11.61,18.6209439,73.82713688
5608,106861,Philips Corner,4104,Urban,11.22,18.6202367048769,73.8412024815186
5609,106859,Shalini Complex,4105,Urban,11.59,18.6233580197062,73.8397757672506
5610,106858,Ram Mandir Indrayani Nagar,4106,Urban,11.97,18.6270053324781,73.8412660218345
5611,106857,Samrajya Industries,4107,Suburban,12.29,18.6298786518092,73.8405878280593
5612,106862,Kirti Industries,4108,Suburban,12.47,18.6313186381298,73.8392817864335
5613,106855,Mane Industries,4109,Suburban,12.61,18.6324140041499,73.8383051800763
5614,106854,Masala Vajan Kata,4110,Suburban,12.83,18.6345420502465,73.8386922817669
5615,106853,Sneha Industries,4111,Suburban,13.24,18.6383334334152,73.8396304917194
5616,106863,Pune Polymers Company,4112,Suburban,13.4,18.6397109425242,73.8387991805169
5617,106864,Jain Corporation,4113,Suburban,13.47,18.6401684154031,73.8375391083409
5618,106865,Sharp Auto Pvt Ltd,4114,Suburban,13.53,18.6405445588472,73.836535513849
5619,106866,Sharda Industries,4115,Suburban,13.57,18.6408495394066,73.8357256618281
5620,106867,Aqua Pharma Company,4116,Suburban,13.63,18.641235847329,73.834706360513
5621,106868,Alok Company,4117,Suburban,13.72,18.6417872717742,73.8336054879764
5622,106869,Bel Optonica Company,4118,Suburban,13.82,18.6425370886032,73.8325707968325
5623,106870,Visveshwar Chowk Bhosari,4119,Suburban,13.91,18.6432334519085,73.831562933843
5624,7106,Sai Engineering Company Khande Wasti,4120,Suburban,14.06,18.6443,73.829903
5625,7107,Khande Vasti Bhosari,4121,Suburban,14.25,18.645599,73.827904
5626,7109,B Block Bhosari,4122,Suburban,14.71,18.65,73.828697
5627,7073,B Block Bhosari,4122,Suburban,14.7,18.6499,73.828796
5628,7075,Khande Vasti Bhosari,4121,Suburban,14.27,18.6458,73.828102
5629,7076,Sai Engineering Company Khande Wasti,4120,Suburban,14.06,18.6443,73.830101
5630,106845,Visveshwar Chowk Bhosari,4119,Suburban,13.91,18.6432334519085,73.8317024237805
5631,106846,Bel Optonica Company,4118,Suburban,13.81,18.6425421715574,73.832743119879
5632,106847,Alok Company,4117,Suburban,13.74,18.6420237094475,73.8335209463976
5633,106848,Aqua Pharma Company,4116,Suburban,13.66,18.6414137519978,73.8345081653597
5634,106849,Sharda Industries,4115,Suburban,13.59,18.6409613654745,73.8356020537889
5635,106850,Sharp Auto Pvt Ltd,4123,Suburban,13.54,18.6406767171569,73.836476570159
5636,106851,Jain Corporation,4113,Suburban,13.48,18.6402649928534,73.8375010200341
5637,106852,Pune Polymers Company,4112,Suburban,13.41,18.6398278523771,73.8387189874652
5638,106856,Kirti Industries,4108,Suburban,12.48,18.6314304704711,73.8392285264331
5639,106860,Philips Corner,4104,Urban,11.2,18.6201146979219,73.8414008481494
5640,7662,Balewadi Stadium Radha Chowk,4124,Urban,11.2,18.570838609759,73.7647658954672
5641,106828,Bhumkar Chowk,4125,Suburban,14.55,18.6054173032679,73.7518102668226
5642,7110,Bhamchandra Vidhyalay Vasuli,4126,Outer,31.87,18.794201,73.767197
5643,7111,Das Company,4127,Outer,31.66,18.7926807423071,73.7686906029636
5644,7166,Vasuli Phata,4128,Outer,31.0,18.7873,73.771599
5645,7113,Savardari Gaon Phata,4129,Outer,30.96,18.7876,73.774101
5646,7428,Bhomboli Phata,4130,Outer,30.81,18.7868366077912,73.7764240945973
5647,7115,Shelugaon Phata,4131,Outer,30.79,18.787901,73.781197
5648,7116,Mhalunge Phata,4132,Outer,30.78,18.790701,73.7938
5649,7117,Varale Gaon,4133,Outer,30.85,18.7918,73.795998
5650,7118,Patilwada Hotel,4134,Outer,30.64,18.7908708992624,73.8013216616461
5651,7119,Koregaon Khurd Phata,4135,Outer,30.5,18.7903,73.805
5652,7120,Sakshi Enter Prizes,4136,Outer,30.19,18.7880345887699,73.8082082950919
5653,7121,Hp Petrol Pump Ambethan Gaon,4137,Outer,29.71,18.7845,73.814102
5654,7133,Saidarshan Society,3547,Outer,27.64,18.7689,73.851097
5655,6883,Bhosari Chakan Road,4138,Urban,11.53,18.624001,73.851601
5656,7144,Telephone Exchange,4139,Outer,28.2,18.7736,73.842003
5657,7152,Hp Petrol Pump Ambethan Gaon,4137,Outer,29.7,18.784401,73.814102
5658,7153,Sakshi Enter Prizes,4136,Outer,30.18,18.7879234581198,73.8082853724414
5659,7189,Shiroli Toll Naka,4140,Outer,35.33,18.8374,73.879898
5660,7154,Koregaon Khurd Phata,4135,Outer,30.51,18.7903,73.804802
5661,7190,Bhandari Company,4085,Outer,34.74,18.832199,73.877403
5662,7155,Patilwada Hotel,4134,Outer,30.64,18.7908455318714,73.8010058545453
5663,7191,Shiroli,4086,Outer,34.36,18.8288,73.876801
5664,7156,Varale Gaon,4133,Outer,30.85,18.7918,73.795898
5665,7192,Ghat Vitbhatti,4141,Outer,33.61,18.8221,73.875397
5666,7157,Mhalunge Phata,4132,Outer,30.77,18.7906,73.793701
5667,7193,Breaks India Company,4142,Outer,32.89,18.815701,73.874397
5668,7158,Shelugaon Phata,4131,Outer,30.77,18.787701,73.781097
5669,7194,Khadi Machine Shiroli,4089,Outer,32.26,18.810101,73.874001
5670,7478,Bhomboli Phata / Bhamboligaoan Phata,4143,Outer,30.8,18.7867393735369,73.7764052376107
5671,7195,Kad Vasti Waki,4144,Outer,31.92,18.806999,73.873299
5672,7160,Savardari Gaon Phata,4129,Outer,30.95,18.7875,73.773903
5673,7196,Bham School,4091,Outer,31.53,18.8036,73.872398
5674,7479,Vasuli Phata,4128,Outer,31.01,18.7873857880483,73.7715062472749
5675,7197,Bham,4092,Outer,31.09,18.7997,73.869797
5676,7162,Das Company,4145,Outer,31.62,18.7924,73.768997
5677,7198,Rohkal Phata,4146,Outer,30.33,18.792999,73.8675
5678,7163,Bhamchandra Vidhyalay Vasuli,4126,Outer,31.87,18.794106,73.767097
5679,7199,Waki Khurd,4094,Outer,29.37,18.7841,73.872398
5680,7200,Protacto Company Ekata Nagar,4095,Outer,28.44,18.775801,73.8703
5681,7201,Bhagyalaxmi Mangal Karyalay,4096,Outer,27.99,18.7719,73.868301
5682,7202,Chakan Market Yard,4097,Outer,27.43,18.767,73.864799
5683,1012,Ravet Chowk,4147,Suburban,18.22,18.6446872398759,73.7440350783231
5684,7203,Kanda Lasun Sanshodhan Kendra,4083,Outer,36.07,18.843901,73.881798
5685,7204,Kadus Phata,4082,Outer,36.34,18.8462771068201,73.8829694543682
5686,7205,Rajguru Mahavidyalay,4081,Outer,36.82,18.8502522048887,73.8873556385641
5687,7206,Rajguru Nagar S T Stand,4080,Outer,37.12,18.8529117620701,73.8877196386442
5688,7218,Vadmukhwadi Phata,4148,Suburban,15.07,18.6534,73.884201
5689,7278,Asl Company Chakan,4149,Suburban,23.35,18.7304,73.859596
5690,7279,Sumit Company Chakan,4150,Suburban,22.91,18.7264,73.861099
5691,7280,Majgaon Fata,4151,Suburban,22.29,18.720699,73.863899
5692,7281,Rotubai Talav,4152,Suburban,21.81,18.7157,73.875504
5693,7282,Mit College Hanumanwadi,4153,Suburban,20.05,18.6985,73.886703
5694,7283,Thakerwadi Phata,4154,Suburban,19.81,18.6961,73.888
5695,7222,Tukaram Nagar Police Chowki,4155,Suburban,12.13,18.623301,73.818497
5696,7284,Hanumanwadi,4156,Suburban,19.52,18.693199,73.889198
5697,7285,Indrayani Cancer Hospital,4157,Suburban,18.55,18.6833,73.894501
5698,7286,Chakan Chowk Alandi,4158,Suburban,18.03,18.6784,73.894997
5699,7249,Samir Lawns Ravet,4159,Suburban,19.36,18.650299,73.734398
5700,7250,Jk Towers Kiwale,4160,Suburban,19.66,18.651199,73.731201
5701,7271,Ganesh Lawns Kiwale,4161,Suburban,20.16,18.653,73.726303
5702,7252,Katlevasti,4162,Suburban,20.53,18.654499,73.722801
5703,7253,Kiwalegaon,4163,Suburban,20.88,18.656799,73.720596
5704,7254,Manapa Shala Kiwle,4164,Suburban,20.83,18.6577,73.722198
5705,7255,Aaple Ghar Vrudhashram,4165,Suburban,20.73,18.658327242429,73.7243737874214
5706,7256,Kotwal Nagar,4166,Suburban,20.58,18.6592401524495,73.7275623639773
5707,7257,Krushn Hotel Mukai Chowk,4167,Suburban,20.5,18.6597572641571,73.7293520699148
5708,7229,Mukai Chowk Corner,4168,Suburban,20.45,18.6611,73.731796
5709,7230,Indraprabha,4169,Suburban,21.29,18.6678992150145,73.7279142954317
5710,7231,Kulkarni Hospital,4170,Suburban,21.32,18.6689,73.728798
5711,7232,Tc Colony Vikas Nagar,4171,Suburban,21.29,18.6698,73.7304
5712,7233,Vikas Nagar,4172,Suburban,21.38,18.6723,73.7323
5713,7234,Aabhivhila Hotel,4173,Suburban,21.49,18.6745,73.733597
5714,7235,Shankar Mandir Dehuroad,4174,Suburban,21.81,18.6777,73.733101
5715,7236,Shankar Mandir Dehuroad,4174,Suburban,21.8,18.677799,73.733299
5716,7237,Aabhivhila Hotel,4173,Suburban,21.48,18.6744,73.733704
5717,7238,Vikas Nagar,4172,Suburban,21.36,18.6721,73.7323
5718,7239,Tc Colony Vikas Nagar,4171,Suburban,21.28,18.6698,73.730499
5719,7240,Kulkarni Hospital,4170,Suburban,21.31,18.6688,73.728798
5720,7241,Indraprabha,4169,Suburban,21.26,18.667601,73.727898
5721,7242,Mukai Chowk Corner,4175,Suburban,20.37,18.6609,73.732697
5722,7263,Krushn Hotel Mukai Chowk,4167,Suburban,20.5,18.65971220042,73.7293319467727
5723,7275,Kotwal Nagar,4166,Suburban,20.57,18.6592204841044,73.7277239558938
5724,7276,Aaple Ghar Vrudhashram,4176,Suburban,20.8,18.6577491824409,73.7226906394645
5725,7266,Manapa Shala Kiwle,4164,Suburban,20.82,18.6576443213317,73.7222984433174
5726,7267,Kiwalegaon,4163,Suburban,20.87,18.656799,73.720703
5727,7268,Katlevasti,4162,Suburban,20.52,18.654499,73.7229
5728,7269,Jk Towers Kiwale,4160,Suburban,19.65,18.651199,73.7313
5729,578,Sutar Vasti,325,Suburban,12.38,18.5686,73.750801
5730,7220,Insurance Company Balewadi,4177,Urban,11.1,18.570499,73.765602
5731,576,Mhalungegaon,4178,Suburban,12.26,18.5746,73.755402
5732,7303,Yamuna Nagar,1346,Suburban,17.53,18.6637621701634,73.7874062823832
5733,7322,Century Enka Company,4179,Suburban,12.13,18.6274939754193,73.8346596842717
5734,7288,Electronic Sadan,1281,Urban,11.6,18.6233080228568,73.8386023834506
5735,7429,Philips Company Vasoli Road,4180,Outer,30.43,18.783388,73.776939
5736,7430,Marshal Company Savardari,4181,Outer,30.07,18.780001,73.776604
5737,7431,Air Liquide Company,4182,Outer,29.2,18.7715201258127,73.7754960555377
5738,7432,Savardari Phata,4183,Outer,28.65,18.766141268081,73.7748114197143
5739,7433,Bridgestone Company,4184,Outer,28.36,18.763496183388,73.7751728348876
5740,7434,Hyndai Corner,4185,Outer,27.91,18.7596,73.776398
5741,7435,Hyndai Gate,4186,Outer,27.66,18.7572,73.776199
5742,7436,Hyndai Chowk,4187,Outer,27.39,18.7547,73.776604
5743,7437,Ksh Company,4188,Outer,27.02,18.7523,73.780098
5744,7438,Dsv Company,4189,Outer,26.81,18.750999,73.782303
5745,7481,Sigma Chwok,4190,Outer,25.31,18.7430779114647,73.8067886708835
5746,7482,Hp Chowk Manchar Road,4191,Outer,26.13,18.7462383812241,73.7882995605469
5747,7483,Dsv Company,4189,Outer,26.87,18.751301,73.781502
5748,7484,Ksh Company,4188,Outer,26.97,18.7519,73.780403
5749,7485,Hyndai Chowk,4192,Outer,27.38,18.754601,73.776398
5750,7486,Hyndai Gate,4186,Outer,27.69,18.757401,73.776001
5751,7473,Hyndai Corner,4185,Outer,27.95,18.759899,73.776192
5752,7488,Bridgestone Company,4193,Outer,28.39,18.7637,73.775002
5753,7489,Savardari Phata,4183,Outer,28.66,18.766199,73.774696
5754,7476,Air Liquide Company,4194,Outer,29.17,18.771109,73.775299
5755,7491,Marshal Company Savardari,4195,Outer,30.06,18.7798,73.776299
5756,7492,Philips Company Vasoli Road,4196,Outer,30.44,18.783501,73.776802
5757,7734,Dange Chowk,3536,Suburban,14.32,18.616301,73.765999
5758,7325,Lonavala Railway Station,4197,Outer,53.87,18.7528756462717,73.4081132142433
5759,7326,St Stand Lonavala,4198,Outer,54.04,18.754,73.406998
5760,7327,Pdcc Bank Lonavala,4199,Outer,53.93,18.7558,73.409203
5761,7328,Narayani Temple,4200,Outer,53.54,18.7587368368527,73.4152089784688
5762,7329,Mapero Garden,4201,Outer,53.24,18.760401,73.419502
5763,7330,Purandhare College,4202,Outer,52.72,18.760401,73.425201
5764,7331,Fast Food Hotel,4203,Outer,52.25,18.759501,73.429802
5765,7407,Versoli Gaon,4204,Outer,51.83,18.7589,73.434097
5766,7333,Versoli Tolnaka,4205,Outer,51.32,18.7605,73.440697
5767,7334,Khadi Machine Vaaksai,4206,Outer,50.86,18.761101,73.446198
5768,7335,Vaaksai,4207,Outer,50.36,18.7619,73.452301
5769,7336,Sheetal Dhaba,4208,Outer,49.74,18.760799,73.458603
5770,7337,Suraj Dhaba,4209,Outer,49.19,18.760799,73.464798
5771,7338,Ayurved Kendr Lonavala,4210,Outer,48.79,18.760099,73.468803
5772,7339,Ekvira Vidya Mandir,4211,Outer,48.14,18.7616,73.477303
5773,7340,Carla Phata,4212,Outer,47.93,18.7626,73.4804
5774,7341,Grace Land Company,4213,Outer,47.35,18.764299,73.488297
5775,7342,Shilatne,4214,Outer,46.83,18.7659050705606,73.4955981373787
5776,7343,Takwegaon Phata,4215,Outer,46.36,18.7673196399908,73.5021997236592
5777,7344,Samudra Institute,4216,Outer,45.98,18.7666,73.506104
5778,7345,Phangne,4217,Outer,45.43,18.764,73.510597
5779,7346,Wet And Joy Water Park,4218,Outer,44.71,18.7600536895659,73.515999019146
5780,7347,Mundhavare,4219,Outer,44.5,18.7589756761905,73.5175574456985
5781,7348,Tajegaon Phata,4220,Outer,44.32,18.7579273253414,73.5189521996459
5782,7349,Pathargaon,4221,Outer,43.45,18.7563,73.527901
5783,7350,Gaikevasti,4222,Outer,43.11,18.759399,73.5345
5784,7351,Khamshet,4223,Outer,42.92,18.7617,73.538696
5785,7352,Darga Khind,4224,Outer,41.69,18.758699,73.551201
5786,7353,Dhavde Colony,4225,Outer,41.58,18.7598,73.553596
5787,7354,Kamshet,4226,Outer,41.39,18.7617,73.557602
5788,7355,Kamal Hospital,4227,Outer,41.14,18.7623,73.561302
5789,7356,Gurudatta Mangal Karyalay,4228,Outer,40.54,18.7603,73.567001
5790,7357,Naygaon Maval,4229,Outer,39.92,18.7585170765811,73.5732105348038
5791,7358,Naygaon Dudh Sankalan Kendr,4230,Outer,39.56,18.7577,73.577003
5792,7359,Aahirwade,4231,Outer,39.01,18.757299,73.583603
5793,7360,Saibaba Seva Dham,4232,Outer,38.7,18.757401,73.5877
5794,7361,Kanhe Phata,4233,Outer,38.19,18.7572,73.5942
5795,7362,Nisarg Hotel,4234,Outer,37.59,18.7558,73.6007
5796,7363,Sate,4235,Outer,37.11,18.754,73.605202
5797,7364,Mohitewadi Kamshet Road,4236,Outer,36.8,18.753,73.6082
5798,7365,Sainagar Kamshet Road,4237,Outer,36.33,18.751301,73.612801
5799,7366,Bramhanwadi,4238,Outer,35.61,18.7493,73.620399
5800,7367,Jambhulgaon Phata,4239,Outer,35.46,18.748899,73.621902
5801,7368,Borade Vasti Kamshet Road,4240,Outer,35.07,18.747499,73.625801
5802,7369,Vadgaon Wireless,4241,Outer,34.62,18.7453,73.629501
5803,7370,Vadgaon Wireless,4242,Outer,34.63,18.745199,73.629204
5804,7371,Borhade Vasti Kamshet Road,4243,Outer,35.06,18.747299,73.625702
5805,7372,Jambhulgaon Phata,4239,Outer,35.45,18.748699,73.621902
5806,7373,Bramhanwadi,4238,Outer,35.59,18.7491,73.620399
5807,7374,Sainagar Kamshet Road,4237,Outer,36.33,18.7512,73.612602
5808,7375,Mohitewadi Kamshet Road,4244,Outer,36.76,18.7528,73.608597
5809,7376,Sate,4235,Outer,37.08,18.753799,73.6054
5810,7377,Nisarg Hotel,4234,Outer,37.58,18.755699,73.6007
5811,7378,Kanhe Phata,4233,Outer,38.17,18.757,73.5942
5812,7379,Saibaba Seva Dham,4232,Outer,38.69,18.757299,73.5877
5813,7380,Aahirwade,4231,Outer,39.0,18.757099,73.583504
5814,7381,Naygaon Dudh Sankalan Kendr,4230,Outer,39.58,18.757601,73.576599
5815,7382,Naygaon Maval,4245,Outer,39.92,18.7584,73.573097
5816,7383,Gurudatta Mangal Karyalay,4228,Outer,40.57,18.7603,73.566597
5817,7384,Kamal Hospital,4227,Outer,41.12,18.761999,73.561203
5818,7385,Kamshet,4246,Outer,41.37,18.7612,73.557404
5819,7386,Dhavde Colony,4225,Outer,41.54,18.7596,73.553802
5820,7387,Darga Khind,4247,Outer,41.69,18.758301,73.550903
5821,7388,Khamshet,4248,Outer,42.9,18.761499,73.538803
5822,7389,Gaikevasti,4222,Outer,43.11,18.7593,73.5345
5823,7390,Pathargaon,4221,Outer,43.46,18.7561,73.527702
5824,7391,Tajegaon Phata,4220,Outer,44.36,18.7580606389001,73.5185873534751
5825,7392,Mundhavare,4249,Outer,44.53,18.7589641197935,73.517271733898
5826,7393,Wet And Joy Water Park,4218,Outer,44.7,18.759922883825,73.5159755544192
5827,7394,Phangne,4250,Outer,45.43,18.763901,73.510498
5828,7395,Samudra Institute,4251,Outer,45.99,18.7665,73.505898
5829,7396,Takwegaon Phata,4215,Outer,46.35,18.7672,73.502197
5830,7397,Shilatne,4252,Outer,46.83,18.7658,73.495499
5831,7398,Grace Land Company,4213,Outer,47.35,18.7642,73.488197
5832,7399,Carla Phata,4253,Outer,47.94,18.7624,73.480103
5833,7400,Ekvira Vidya Mandir,4254,Outer,48.13,18.7614,73.477203
5834,7401,Ayurved Kendr Lonavala,4255,Outer,48.81,18.759899,73.468498
5835,7402,Suraj Dhaba,4209,Outer,49.19,18.760599,73.4646
5836,7403,Sheetal Dhaba,4256,Outer,50.31,18.7617,73.452797
5837,7405,Khadi Machine Vaaksai,4257,Outer,50.83,18.761,73.446503
5838,7406,Versoli Tolnaka,4258,Outer,51.7,18.7591,73.4356
5839,7408,Fast Food Hotel,4259,Outer,52.23,18.759399,73.429901
5840,7409,Purandhare College,4202,Outer,52.7,18.7603940233444,73.4253872760068
5841,7410,Mapero Garden,4260,Outer,53.24,18.7603,73.419403
5842,7411,Narayani Temple,4200,Outer,53.54,18.7585044406601,73.4150674807666
5843,7412,Pdcc Bank Lonavala,4199,Outer,53.92,18.755699,73.409203
5844,7413,St Stand Lonavala,4261,Outer,53.85,18.753092229704,73.4084424034615
5845,7493,Davdigaon,4262,Outer,31.69,18.788401,73.959
5846,7494,Dhamantek Phata,4263,Outer,31.71,18.7903,73.953796
5847,7495,Anna Vasti,4264,Outer,31.34,18.788401,73.948799
5848,7496,Karbhari Vasti,4265,Outer,31.27,18.7887,73.945602
5849,7497,Manik Nagar Nimgaon,4266,Outer,31.13,18.7892,73.9394
5850,7498,Tukainagar Nimgaon,4267,Outer,31.25,18.7913,73.935501
5851,7499,Nimgaon,4268,Outer,31.48,18.795,73.929298
5852,7500,Khed Phata Nimgaon,4269,Outer,31.67,18.7967,73.929802
5853,7501,Ghatvasti,4270,Outer,32.08,18.8011,73.926903
5854,7502,Bhagat Vasti,4271,Outer,32.23,18.8032,73.923599
5855,7503,Zilla Parishad Shala Aambe Ovhal,4272,Outer,32.68,18.808399,73.918404
5856,7504,Shri Bolhai Mata Mandir Aambe Ovhal,4273,Outer,32.88,18.811001,73.914299
5857,7505,Kharpudi Khurd Phata,4274,Outer,33.23,18.815001,73.909698
5858,7506,Kharpudi Budruk,4275,Outer,33.29,18.8158,73.908203
5859,7507,Dharmanath Mandir,4276,Outer,34.03,18.823099,73.904404
5860,7508,Manjarwadi,4277,Outer,34.26,18.8253,73.903198
5861,7509,Manishanagari,4278,Outer,34.53,18.827999,73.901497
5862,7510,Pimplachi Manjarwadi Phata,4279,Outer,34.78,18.8305,73.900002
5863,7511,Holewadi,4280,Outer,35.31,18.835501,73.897903
5864,7512,Shree. Malai Mandir Holewadi,4281,Outer,35.64,18.8386,73.897697
5865,7513,Om Sai Petrol Pump Holewadi,4282,Outer,36.06,18.842501,73.896698
5866,7514,Sadhguru Traders,4283,Outer,36.48,18.8468,73.891502
5867,7515,Siddheswar Nagar,4284,Outer,36.83,18.8500560534341,73.8904709858053
5868,7516,Apax Hospital,4285,Outer,37.06,18.852301,73.888496
5869,7517,Apax Hospital,4286,Outer,37.04,18.8521,73.888802
5870,7518,Siddheswar Nagar,4284,Outer,36.81,18.849878,73.890472
5871,7519,Sadhguru Traders,4283,Outer,36.49,18.846901,73.891701
5872,7520,Om Sai Petrol Pump Holewadi,4287,Outer,36.09,18.8428,73.8965
5873,7521,Shree. Malai Mandir Holewadi,4281,Outer,35.68,18.8389,73.897697
5874,7522,Holewadi,4280,Outer,35.33,18.835699,73.897903
5875,6531,Skf Company,3372,Suburban,14.92,18.6343,73.781898
5876,7560,Railway Station Kanhe,4288,Outer,38.35,18.761801,73.596703
5877,7558,Shanimandir Ambewadi,4289,Outer,38.23,18.762899,73.599503
5878,7561,B U Bhandari Housing Society,4290,Outer,38.0,18.7649568379888,73.6047410653677
5879,7562,Suprim Industries Ltd. Company,4291,Outer,38.01,18.7659,73.605598
5880,7563,Musco Mahindra Company,4292,Outer,38.1,18.768299,73.607002
5881,7564,Mahindra Still,4293,Outer,38.29,18.771,73.607399
5882,7565,Mahindra Square Business Maingate,4294,Outer,38.43,18.7728,73.607498
5883,7566,G M W Godown,4295,Outer,39.17,18.7801,73.605499
5884,7567,Parwadi Phata,4296,Outer,39.34,18.781401,73.604599
5885,7550,Takve Farm,4297,Outer,39.8,18.7873,73.605003
5886,7568,Web Company Indrayani Colony,4298,Outer,40.03,18.789801,73.604599
5887,7569,Patra Pack Company,4299,Outer,40.16,18.791201,73.604401
5888,7570,Grace Tamp Company,4300,Outer,40.39,18.793501,73.603996
5889,7546,Kspg Company,4301,Outer,40.81,18.799999,73.605797
5890,7545,Swagat Kaman Takwe,4302,Outer,40.86,18.8018,73.6073
5891,7544,Khandoba Chowk Takve Gaon,4303,Outer,41.01,18.804899,73.609001
5892,7543,Takve Gaon,4304,Outer,41.11,18.805925,73.608749
5893,7542,Kalubai Rice Mill,4305,Outer,41.58,18.8097,73.606682
5894,7541,Takve Phalane Phata,4306,Outer,42.1,18.814465,73.604973
5895,106755,Mal Pote Mala,4307,Outer,42.22,18.8168782788133,73.6062434418739
5896,106754,Smashan Bhumi Phalne,4308,Outer,42.63,18.8215796125757,73.6062618676897
5897,106753,Zohira Farm House,4309,Outer,42.76,18.8231191136733,73.6064242356729
5898,106752,Andhra Farm House,4310,Outer,43.3,18.8296498435987,73.6068456104717
5899,106751,Kondiwade Gaon,4311,Outer,43.77,18.8346417522589,73.606509692762
5900,106750,Green Agro Company,4312,Outer,44.53,18.8391904933432,73.6008937763877
5901,106749,Kadu Patil Vasti,4313,Outer,44.99,18.8449831003204,73.6017027636608
5902,106748,Harshvardhan Green Park,4314,Outer,45.51,18.8517697957126,73.6031748619094
5903,106747,Awadewadi,4315,Outer,46.12,18.8575125260618,73.6016935616781
5904,106746,New English School Bhoyre Phata,4316,Outer,46.36,18.8605323232703,73.6022233582119
5905,106745,Gram Panchayat Karyalay Bhoyregaon,4317,Outer,46.87,18.8636998401683,73.5984418428309
5906,106744,Takve Bhoyregaon,4318,Outer,47.09,18.8644874707297,73.5960608169006
5907,7547,Grace Tamp Company,4319,Outer,40.37,18.7934,73.604103
5908,7548,Patra Pack Company,4299,Outer,40.16,18.791201,73.6045
5909,7549,Web Company Indrayani Colony,4320,Outer,39.99,18.7894,73.604797
5910,7551,Parwadi Phata,4296,Outer,39.33,18.781401,73.604698
5911,7552,G M W Godown,4321,Outer,39.16,18.780001,73.605598
5912,7553,Mahindra Square Business Maingate,4322,Outer,38.42,18.7728,73.607597
5913,7554,Mahindra Still,4293,Outer,38.26,18.770599,73.607399
5914,7555,Musco Mahindra Company,4323,Outer,38.01,18.7658,73.605598
5915,7556,Suprim Industries Ltd. Company,4324,Outer,38.01,18.7637724288656,73.6034282989358
5916,7557,B U Bhandari Housing Society,4290,Outer,38.01,18.7650585825221,73.6046940149439
5917,7559,Railway Station Kanhe,4325,Outer,38.32,18.761299,73.596603
5918,6412,Manara Company,4326,Suburban,19.13,18.591499,73.691498
5919,1069,Dlf Company,207,Suburban,18.38,18.5846845255499,73.6960583872651
5920,7583,Mezza Nine,4327,Suburban,15.12,18.5935,73.735802
5921,7584,Shivaji Chowk Hinjawadi,225,Suburban,14.7,18.591299,73.738998
5922,7590,Kalewadi Phata Corner,3968,Suburban,12.44,18.6026,73.776703
5923,6325,Kate Patil Chowk,4328,Urban,10.23,18.599592,73.807396
5924,7599,Navin Manapa Shala,4329,Urban,8.78,18.58975,73.816803
5925,7601,Sai Chowk Navi Sangvi,4330,Urban,8.0,18.580925,73.815758
5926,7605,Sai Chowk Navi Sangvi,2925,Urban,7.85,18.579439,73.815872
5927,7608,Navin Manapa Shala,4331,Urban,8.84,18.589676,73.815506
5928,6331,Kate Patil Chowk,3665,Urban,10.22,18.599464,73.807343
5929,7617,Infosys Phase 1,4332,Suburban,14.85,18.5858857506125,73.7339580418561
5930,7623,Tata Motors,4333,Suburban,18.33,18.585273766011,73.6968008235781
5931,7700,Falcon Company Phase 3,4334,Suburban,19.6,18.590981,73.686356
5932,5277,Vitthal Mandir Masulkar,4335,Suburban,13.62,18.633499,73.807098
5933,106794,Wakdewadi Navin St Stand,4336,Central,2.59,18.5432354807414,73.8518304090473
5934,7748,Nilayam Talkies,4337,Central,2.05,18.5028,73.8508
5935,106874,Mahila Mandal,4338,Central,2.43,18.4992493412638,73.850928402901
5936,4059,Dashbhuja Ganpati,4339,Central,3.72,18.4883,73.846603
5937,4060,Chintamani Society,4340,Central,4.0,18.4859992260476,73.8456901379821
5938,4061,Sahakar Nagar,4341,Central,4.15,18.4846840711539,73.845230794567
5939,4062,Sahakar Nagar,4341,Central,4.12,18.4849766364613,73.8453045671489
5940,4063,Chintamani Society,4340,Central,3.97,18.4862,73.845802
5941,4064,Dashbhuja Ganpati,4342,Central,3.76,18.488001,73.846497
5942,4497,Lakshmi Nagar Police Chowky,4343,Central,3.28,18.4916,73.849899
5943,7749,Mahila Mandal,4338,Central,2.42,18.4993816091099,73.8505851541124
5944,7629,Gahunje Stadium Phata,4344,Suburban,22.97,18.670601,73.7071
5945,7630,Gahunje Phata,4345,Suburban,22.76,18.6717133969133,73.7113128034958
5946,4747,Mamurdi Gaon,4346,Suburban,22.45,18.6737,73.718102
5947,7631,Janseva Hospital,4347,Suburban,22.43,18.675501,73.720596
5948,7632,Shitla Devi Chowk,4348,Suburban,22.43,18.677099,73.722603
5949,7633,Shivaji Maharaj Vidhyalay Dehuroad,4349,Suburban,22.42,18.680099,73.726898
5950,7634,Shivaji Maharaj Vidhyalay Dehuroad,4350,Suburban,22.44,18.6791,73.725197
5951,7635,Shitla Devi Chowk,4348,Suburban,22.42,18.677099,73.722801
5952,7636,Janseva Hospital,4351,Suburban,22.42,18.6754,73.720703
5953,7637,Mamurdi Gaon,4346,Suburban,22.49,18.674299,73.7183
5954,7638,Gahunje Phata,4345,Suburban,22.77,18.6719204601656,73.7113000649753
5955,7639,Vaman Bhau Housing Society,4352,Suburban,22.86,18.671,73.709
5956,7640,Gahunje Stadium Phata,4353,Suburban,22.97,18.6705,73.707001
5957,7641,Virbaba Chowk Sai Nagar,4354,Suburban,23.51,18.683201,73.714302
5958,7642,Sai Nagar Mamurdi,4355,Suburban,23.47,18.681,73.712196
5959,7643,Saikunj Society,4356,Suburban,23.2,18.6777,73.712097
5960,7644,Saikunj Society,4356,Suburban,23.2,18.677601,73.711899
5961,7645,Sai Nagar Mamurdi,4355,Suburban,23.47,18.680901,73.711998
5962,7646,Virbaba Chowk Sai Nagar,4357,Suburban,23.53,18.6835,73.714401
5963,7702,Swaraj Dream City,4358,Suburban,15.88,18.601801,73.732903
5964,7703,Guru Krupa Hospital,4359,Suburban,16.04,18.6025626441861,73.731660642603
5965,7705,Santkrupa Fabrication,4360,Suburban,17.04,18.606899,73.723297
5966,7710,Kolte Patil Main Gate,4361,Suburban,18.72,18.6150234591403,73.7098288483476
5967,7711,R To Sales Office,4362,Suburban,18.81,18.61812,73.711075
5968,7712,R Three R N Lane,4363,Suburban,19.01,18.621311,73.711174
5969,7713,R Four Lane,4364,Suburban,19.05,18.623173,73.712105
5970,7714,Kimson Anisha Global School,4365,Suburban,18.89,18.623234,73.714043
5971,7715,Srishti Maintenance Society,4366,Suburban,18.49,18.622023,73.717896
5972,7716,Mohite Farm Marunji Road,4367,Suburban,18.08,18.621737,73.722519
5973,7717,Kolte Patil Tower R16 Marunji,4368,Suburban,18.76,18.615408,73.709602
5974,7718,Gaikwad Farm,4369,Suburban,20.36,18.63558,73.706558
5975,6720,Somani Residency,4370,Suburban,17.44,18.6245,73.732903
5976,6756,Ela Society,4371,Suburban,17.48,18.627013723626,73.7347740541915
5977,6718,Koyte Vasti,4372,Suburban,17.53,18.630199,73.737396
5978,7720,Seona Society Punawale,4373,Suburban,18.34,18.637905,73.734589
5979,7721,Aditya Society Punawale,4374,Suburban,18.37,18.640682,73.73716
5980,7722,Ravet Fata,4375,Suburban,20.35,18.659218,73.730942
5981,7723,Jk Towers Kiwale,4376,Suburban,21.24,18.663433,73.723099
5982,7251,Ganesh Lawns Kiwale,4161,Suburban,20.16,18.653021,73.726219
5983,7265,Aaple Ghar Vrudhashram,4165,Suburban,20.73,18.6582122795059,73.7242665200991
5984,7690,Siemens,240,Suburban,15.18,18.5902125376903,73.7329420553982
5985,6288,Adarsh Nagar,4377,Suburban,13.02,18.6173,73.787399
5986,6302,Jyotiba Garden,4378,Suburban,13.14,18.6199171565535,73.789469008937
5987,6286,Vijay Nagar Kalewadi,4379,Suburban,13.33,18.623199,73.791702
5988,6285,Link Road Empire Estate,4380,Suburban,13.79,18.629101,73.793701
5989,6303,Auto Cluster,4381,Suburban,14.44,18.639,73.800903
5990,6304,C K Goal School,4382,Suburban,14.92,18.643499,73.8004
5991,7764,Jadhavwadi Phata Chikhali,4383,Suburban,18.39,18.681499,73.817398
5992,106876,Shivaji Nagar,4384,Central,1.61,18.532498689704,73.8482726189788
5993,6283,C K Goal School,4385,Suburban,14.93,18.6436,73.800499
5994,6284,Auto Cluster,4381,Suburban,14.41,18.6388,73.801003
5995,6287,Jyotiba Garden,4378,Suburban,13.16,18.620006752383,73.7892826519509
5996,7768,Bibwewadi Kshetriya Karyalaya,4386,Central,3.45,18.4895,73.859299
5997,7767,Bibwewadi Kshetriya Karyalaya,4387,Central,3.47,18.489401,73.860298
5998,7774,Mukbadhir Shikshan Kendr,4388,Central,2.78,18.5197306528589,73.8303552265533
5999,7775,Bhandarkar Institute,4389,Central,2.49,18.5186,73.833199
6000,7776,Pawar Quarters,4390,Central,2.14,18.518101,73.836502
6001,7777,Bal Shikshan Mandal,4391,Central,1.86,18.5179,73.839302
6002,208,Goodluck Chowk,4392,Central,1.73,18.5177004014337,73.8405308813291
6003,7778,Bal Shikshan Mandal,4393,Central,1.83,18.5178116756306,73.8395572341971
6004,7779,Pawar Quarters,4394,Central,2.18,18.5181435913349,73.8361857106144
6005,7780,Mukbadhir Shikshan Kendr,4388,Central,2.77,18.5196924906494,73.8304298583748
6006,106877,Bahiratwadi,2889,Central,3.21,18.5344086409553,73.830071618057
6007,7783,Chandani Chowk Bypass Highway,4395,Urban,7.43,18.5075,73.787598
6008,7781,Ved Bhavan,4396,Urban,7.26,18.4690234609641,73.8142890141556
6009,7788,Vedbhavan,4397,Urban,7.01,18.503799,73.792603
6010,7794,Sanaswadi Nandoshi,4398,Suburban,12.57,18.4195,73.802902
6011,7795,Jeevan Shikshan Mandir Vanjalwadi,4399,Suburban,12.49,18.420601,73.802299
6012,7796,Nandoshigaon,4400,Suburban,12.33,18.422701,73.801498
6013,7797,Farshi Company Nandoshi Road,4401,Urban,11.64,18.433001,73.795898
6014,7798,Hagawane Vasti,4402,Urban,11.45,18.4354,73.795403
6015,7799,Hagawne Padal,4403,Urban,11.29,18.4390747655646,73.7926454011565
6016,7800,Malwadi Kirkatwadi,4404,Urban,11.28,18.4387,73.793297
6017,7801,Kirkatwadi,4405,Urban,11.26,18.4405766546028,73.7909469113637
6018,7802,Laxmi Nagar,4406,Urban,11.21,18.4415887231058,73.790350118543
6019,5549,Kirkatwadi Phata,4407,Urban,10.9,18.4464962664008,73.7888608016066
6020,5550,Cwprs Gate Number 1,4408,Urban,10.51,18.4496,73.790604
6021,636,Jadhav Nagar Shingad Road,4409,Urban,9.91,18.4533,73.794899
6022,5552,Nanded Phata,4410,Urban,9.67,18.454746,73.796555
6023,665,Nanded City,4411,Urban,9.13,18.4570735855799,73.801538990018
6024,5553,Mate Pat,4412,Urban,8.92,18.457418,73.804367
6025,5565,Lokmat,4413,Urban,8.74,18.4577644351124,73.8066324565339
6026,668,Lagad Mala,4414,Urban,8.6,18.4582163550293,73.8082653476832
6027,671,Lagad Mala,4414,Urban,8.59,18.4581822414251,73.8084028144157
6028,7941,Mate Pat,4412,Urban,8.93,18.4573305535444,73.8043491324679
6029,673,Nanded City,4415,Urban,9.16,18.4569,73.801399
6030,674,Nanded Phata,4416,Urban,9.8,18.4541960269552,73.7953531996665
6031,7803,Jadhavwadi Khadakwasla Road,4417,Urban,9.98,18.4531,73.794098
6032,5568,Cwprs Gate Number 1,4418,Urban,10.3,18.4512,73.791702
6033,5569,Kirkatwadi Phata,4419,Urban,10.87,18.4466559764223,73.7890016346736
6034,7805,Laxmi Nagar,4420,Urban,10.97,18.4453265529037,73.7891933692266
6035,7806,Kirkatwadi,4405,Urban,11.24,18.4411357903337,73.790516402353
6036,7807,Malwadi Kirkatwadi,4421,Urban,11.32,18.438999,73.792198
6037,7808,Hagawne Padal,4422,Urban,11.24,18.4413304740222,73.7903380315088
6038,7809,Hagawane Vasti,4402,Urban,11.47,18.4351899026531,73.7954255147451
6039,7810,Farshi Company Nandoshi Road,4423,Urban,11.72,18.431999,73.796204
6040,7811,Sanaswadi Nandoshi,4424,Suburban,13.05,18.4147,73.803001
6041,9299,Cipla Center Warje,1101,Urban,7.39,18.486226384619,73.796572173994
6042,4841,Chandani Chowk,4425,Urban,8.02,18.5074344935591,73.781834666978
6043,7790,Patil Nagar Bavadhan,4426,Urban,9.19,18.5220971415404,73.7695562734317
6044,8042,Shanipar Stand,4427,Central,0.94,18.5128,73.852898
6045,4485,Dattawadi Mhasoba Chowk,4428,Central,2.81,18.501301,73.839302
6046,4486,Rakshalekha Society,4429,Central,3.07,18.4986,73.838799
6047,4500,Dattawadi Mhasoba Chowk,4428,Central,2.81,18.5014,73.839104
6048,4499,Rakshalekha Society,4429,Central,3.09,18.4986,73.8386
6049,7812,Sinhgad,4430,Suburban,18.22,18.3797209100236,73.7681943732576
6050,7813,Tilakbaug,4431,Suburban,16.9,18.3945877101747,73.766773477634
6051,7870,Mandharewadi,4432,Suburban,16.83,18.3953254454848,73.7668077080139
6052,7815,Golewadi,4433,Suburban,16.18,18.4014,73.768402
6053,7871,Sinhagad Hotel,4434,Suburban,16.17,18.401501,73.768501
6054,7817,Krushnai Water Park,4435,Suburban,15.68,18.4073628095901,73.7678698312263
6055,7818,Donajegaon,4436,Suburban,15.52,18.4093,73.7677
6056,7851,Donajegaon Phata,4437,Suburban,15.32,18.412384,73.766586
6057,7872,12 Mavala Hotel,4438,Suburban,15.36,18.4132263530315,73.7648342484056
6058,7868,Hp Petrol Pump Sinhagad Road,4439,Suburban,15.4,18.4142513446131,73.7628728758316
6059,7874,Gorhe Budruk Shala,4440,Suburban,15.43,18.4183129016147,73.7575433317786
6060,7866,Gorhe Budruk,4441,Suburban,15.23,18.4214162417088,73.7568372409128
6061,7854,Gatson Company,4442,Suburban,15.21,18.423401,73.754997
6062,7856,Sant Dharmaji Samadhi,4443,Suburban,15.12,18.425606,73.753853
6063,7824,Kondhana Hotal,4444,Suburban,14.78,18.4281546657168,73.7558025860173
6064,5541,Iat Gate Khadakwasla,4445,Suburban,14.17,18.426001,73.766502
6065,5542,Childrens School,4446,Suburban,14.03,18.427074,73.767113
6066,5543,Mes Canteen Iat,4447,Suburban,13.5,18.4315505223431,73.7694630844195
6067,5574,Khadakwasla Dharan,4448,Suburban,12.64,18.4388120902024,73.7731960231755
6068,7876,Khadakwaslagaon,4449,Suburban,12.24,18.440599,73.776703
6069,5546,Laman Vasti,4450,Suburban,12.05,18.441999,73.777802
6070,5547,Mukai Nagar Sinhagad Road,4451,Urban,11.5,18.444201,73.782997
6071,5548,Kolhewadi,4452,Urban,11.31,18.4447292183746,73.7850131819791
6072,5570,Kolhewadi,4452,Urban,11.31,18.4447006177267,73.7851392405431
6073,7864,Mukai Nagar Sinhagad Road,4451,Urban,11.48,18.444201,73.783302
6074,7865,Laman Vasti,4450,Suburban,12.03,18.442101,73.778
6075,5545,Khadakwaslagaon,4453,Suburban,12.3,18.440399,73.7761
6076,7837,Mes Canteen Iat,4454,Suburban,13.48,18.4316491251832,73.7695958471912
6077,5576,Childrens School,4446,Suburban,14.0,18.427299,73.767403
6078,5577,Iat Gate Khadakwasla,4455,Suburban,14.22,18.4256,73.766197
6079,7838,Kondhana Hotal,4444,Suburban,14.8,18.4280459115422,73.7556041025502
6080,7839,Sant Dharmaji Samadhi,4443,Suburban,15.11,18.425699,73.753899
6081,7867,Gorhe Budruk Shala,4440,Suburban,15.44,18.4181214074697,73.7577250547265
6082,7964,12 Mavala Hotel,4438,Suburban,15.36,18.4133567879399,73.764712251287
6083,7957,Donajegaon Phata,4437,Suburban,15.32,18.41218,73.766869
6084,7959,Krushnai Water Park,4456,Suburban,15.67,18.407511,73.767731
6085,7842,Tilakbaug,4457,Suburban,16.91,18.3944821172941,73.7668257899141
6086,7844,Sinhgad,4430,Suburban,18.18,18.3800861868155,73.7682707964911
6087,8044,Symbiosis College Senapati Bapat Road,4458,Central,2.91,18.5211140607251,73.8290986576512
6088,8045,Mukbadhir Shikshan Kendr Bhandarkar Road,4459,Central,2.66,18.5189707841778,73.8314931846279
6089,7986,Khanapur,4460,Suburban,18.76,18.3993,73.732803
6090,7987,Zilla Parishad Shala Khanapur,4461,Suburban,18.5,18.4011,73.734398
6091,7988,Bhalchandra Collage,4462,Suburban,18.12,18.4028,73.737801
6092,7989,Matalwadi Khanapur,4463,Suburban,17.71,18.4035,73.742599
6093,8024,Zalnewadi,4464,Suburban,17.13,18.4054766038437,73.7485072161062
6094,7991,Gorhe Khurd,4465,Suburban,16.88,18.405899,73.751602
6095,7992,Poultry Farm Venkteshwara,4466,Suburban,16.48,18.406799,73.756302
6096,7993,Paygude Wadi,4467,Suburban,16.17,18.407301,73.760399
6097,7994,Surajya Residency,4468,Suburban,15.69,18.4098,73.764297
6098,7997,Surajya Residency,4469,Suburban,15.73,18.409401,73.764198
6099,7998,Paygude Wadi,4467,Suburban,16.19,18.4072,73.760201
6100,7999,Poultry Farm Venkteshwara,4466,Suburban,16.51,18.406601,73.756104
6101,8000,Gorhe Khurd,4465,Suburban,16.85,18.406,73.751999
6102,8001,Zalanwadi,4470,Suburban,17.1,18.4054573129725,73.7490031861645
6103,8002,Matalwadi Khanapur,4471,Suburban,17.71,18.4034,73.742798
6104,8003,Bhalchandra Collage,4462,Suburban,18.12,18.4027,73.7379
6105,8004,Zilla Parishad Shala Khanapur,4461,Suburban,18.5,18.4011,73.734497
6106,8005,Khanapur,4460,Suburban,18.76,18.3993,73.732903
6107,106880,Deccan Gymkhana,4472,Central,1.64,18.5153343967635,73.8421413442756
6108,8046,Mukbadhir Shikshan Kendr Bhandarkar Road,4459,Central,2.69,18.5189517365092,73.8312444196035
6109,8047,Symbiosis College Senapati Bapat Road,4458,Central,2.92,18.5208799942285,73.8290396359039
6110,8048,Niljyoti Society,4473,Central,3.99,18.532801,73.821198
6111,8049,Maharashtra Housing Board Janwadi,4474,Central,3.96,18.531401,73.820999
6112,8050,Janwadi,4475,Central,3.68,18.5303,73.823402
6113,8051,Janwadi Corner,4476,Central,3.63,18.529301,73.823601
6114,8052,Janwadi Corner,4476,Central,3.61,18.5292,73.8237
6115,8053,Janwadi,4475,Central,3.69,18.530399,73.823303
6116,8054,Niljyoti Society,4473,Central,4.0,18.532801,73.821098
6117,8055,Ghule Nagar Vadgaon Budruk,4477,Urban,7.41,18.4609014742577,73.8251283184143
6118,8056,Shivaji Maharaj Putala Vadagaon,4478,Urban,7.2,18.4628673992924,73.8253569839648
6119,8057,Vyanketesh Heights,4479,Urban,7.09,18.464394,73.82457
6120,8059,Fun Time,4480,Urban,6.7,18.4700678642655,73.8217746794976
6121,7965,Varasgaon Goradwadi,4481,Outer,28.69,18.3978,73.617401
6122,7966,Four Fighter Battalion Center,4482,Outer,28.97,18.394699,73.616096
6123,7967,Bsf Treaning Center Panshet,4483,Outer,29.19,18.3909,73.615997
6124,7968,Varsgaon Phata,4484,Outer,29.34,18.3871,73.6166
6125,7969,Panshet St Stand,4485,Outer,29.51,18.3799,73.6194
6126,7970,Panshet Bazar Peth,4486,Outer,29.25,18.381901,73.620903
6127,7971,Kuran Khurd,4487,Outer,28.71,18.3818,73.626999
6128,7972,Ambi Phata,4488,Outer,27.5,18.3859271137271,73.6378410379671
6129,7973,Anushankar Mangal Karyalay,4489,Outer,26.96,18.3855,73.644302
6130,7974,Rulephata,4490,Outer,26.27,18.385201,73.652496
6131,7975,Rulegaon,4491,Outer,26.21,18.384001,73.653999
6132,3309,Ganeshmala Corner,4492,Central,3.51,18.494968,73.836945
6133,7976,Sonapur,4493,Suburban,24.23,18.3918,73.671303
6134,7977,Osade Phata,4494,Suburban,22.93,18.3897,73.688499
6135,7978,Nigde Phata,4495,Suburban,22.64,18.388,73.693604
6136,7979,Vardade Phata,4496,Suburban,22.12,18.389253689906,73.699013468339
6137,7980,Malkhed,4497,Suburban,21.68,18.391899,73.702103
6138,7981,Ventri Biology,4498,Suburban,20.98,18.394501,73.708504
6139,7982,Naik Ovhal,4499,Suburban,20.59,18.3941,73.713898
6140,7983,Shantiban,4500,Suburban,19.45,18.4011,73.721802
6141,7984,Mahatma Gandhi School,4501,Suburban,19.63,18.396601,73.723999
6142,7985,Manerwadi Phata,4502,Suburban,19.41,18.3965,73.727097
6143,8006,Manerwadi Phata,4502,Suburban,19.42,18.3964,73.726997
6144,8007,Naik Ovhal,4499,Suburban,20.59,18.393999,73.714104
6145,8008,Ventri Biology,4503,Suburban,20.99,18.3944,73.708504
6146,8009,Malkhed,4497,Suburban,21.67,18.391899,73.702202
6147,8010,Vardade Phata,4504,Suburban,22.0,18.3894,73.700401
6148,8011,Nigde Phata,4495,Suburban,22.65,18.387899,73.693604
6149,8012,Osade Phata,4494,Suburban,22.95,18.389601,73.6884
6150,8013,Sonapur,4493,Suburban,24.24,18.3918,73.671097
6151,8014,Rulegaon,4491,Outer,26.23,18.3839,73.6539
6152,8015,Anushankar Mangal Karyalay,4505,Outer,26.96,18.385401,73.644402
6153,8016,Ambi Phata,4488,Outer,27.47,18.3859,73.638199
6154,8017,Kuran Khurd,4487,Outer,28.75,18.3818,73.626602
6155,8018,Panshet Bazar Peth,4486,Outer,29.27,18.382,73.620697
6156,8019,Panshet St Stand,4485,Outer,29.5,18.379999,73.6194
6157,8020,Varsgaon Phata,4484,Outer,29.35,18.3871,73.616501
6158,8021,Bsf Treaning Center Panshet,4483,Outer,29.21,18.390699,73.615898
6159,8022,Four Fighter Battalion Center,4482,Outer,28.98,18.394699,73.615997
6160,8023,Varasgaon Goradwadi,4481,Outer,28.68,18.398001,73.617302
6161,3323,Jaidev Nagar,4506,Central,4.22,18.490259,73.832428
6162,8064,Vyanketesh Heights,4479,Urban,7.11,18.464212,73.824554
6163,8065,Shivaji Maharaj Putala Vadagaon,4478,Urban,7.19,18.4630270773204,73.825322109988
6164,8096,Dhangar Baba Nda Road,1190,Urban,8.92,18.4711223787866,73.7899732589722
6165,8067,Sarola,4507,Outer,39.49,18.1777,73.954803
6166,8068,Amruta Hotel,4508,Outer,38.79,18.183701,73.953003
6167,8069,Surya Dhaba,4509,Outer,37.26,18.196899,73.948601
6168,8070,Vagajwadi Phata,4510,Outer,36.77,18.2008,73.946297
6169,8071,Kikvi,4511,Outer,36.55,18.202499,73.944603
6170,8072,Krushi Utpanna Bajar Samiti Kikvi,4512,Outer,35.91,18.206499,73.936699
6171,8073,Adbalsidh Mandir,4513,Outer,35.59,18.208799,73.9338
6172,8074,Dhangwadi,4514,Outer,34.69,18.2157,73.927399
6173,8075,Rajgad Sakar Karkhana Nigde,4515,Outer,34.02,18.2209,73.922699
6174,8076,Bhor Phata,4516,Outer,33.06,18.228399,73.915901
6175,8079,Bhor Phata,4517,Outer,33.0,18.229,73.916
6176,8080,Rajgad Sakar Karkhana Nigde,4518,Outer,33.96,18.2215,73.922699
6177,8081,Dhangwadi,4514,Outer,34.6,18.216499,73.9272
6178,8082,Adbalsidh Mandir,4513,Outer,35.55,18.2092,73.933998
6179,8083,Krushi Utpanna Bajar Samiti Kikvi,4512,Outer,35.92,18.206499,73.937103
6180,8084,Kikvi,4519,Outer,36.5,18.2029,73.944504
6181,8085,Vagajwadi Phata,4510,Outer,36.71,18.201401,73.946404
6182,8086,Surya Dhaba,4520,Outer,37.33,18.1964,73.949203
6183,8087,Amruta Hotel,4508,Outer,38.81,18.183701,73.953499
6184,8088,Sarola,4507,Outer,39.48,18.1779,73.9552
6185,8098,Dhangar Baba Nda Road,4521,Urban,8.37,18.474173,73.79406
6186,8166,Thakarwadi,4522,Suburban,19.27,18.438,73.695999
6187,8167,Pargewadi,4523,Suburban,19.08,18.4374169931707,73.6982933451587
6188,8199,Malwadi Thakarwadi Road,4524,Suburban,19.02,18.4376917938453,73.6988720350409
6189,8196,Patil Wada,4525,Suburban,18.92,18.4377287167203,73.6999080323559
6190,8170,Vadachi Wadi Aglambe Road,4526,Suburban,18.34,18.4359,73.707397
6191,8171,Shelarwadi,4527,Suburban,18.03,18.434401,73.7118
6192,8172,Agalambegaon,4528,Suburban,17.69,18.4317,73.717499
6193,8173,Kumkarwadi,4529,Suburban,17.57,18.4296,73.720398
6194,8174,Poultry Farm Agalambe,4530,Suburban,17.6,18.427601,73.721497
6195,8175,Mauli Hills Gate,4531,Suburban,17.45,18.4242,73.725998
6196,8176,Vitbhatti Agalambe,4532,Suburban,17.33,18.4212,73.730003
6197,8177,Agalambe Phata,4533,Suburban,17.13,18.4177663906129,73.735599533601
6198,8179,Kudje Vasti / Kudjegaon,4534,Suburban,16.48,18.4232344159589,73.7387586136042
6199,8180,Kudje Shala,4535,Suburban,16.29,18.4261,73.738503
6200,8181,Dhumal Tali,4536,Suburban,15.48,18.432699,73.742699
6201,8182,Dongar Matha Peacock Be,4537,Suburban,14.76,18.436899,73.747902
6202,8183,Peacock Garden,4538,Suburban,14.45,18.4389,73.75
6203,8184,Khadakwasla Dharan Stores,4539,Suburban,13.36,18.443001,73.759804
6204,8185,Khadakwasla Phata,4540,Suburban,13.0,18.4463964229354,73.7613197223557
6205,8186,Khadakwasla Phata,4540,Suburban,13.02,18.4459007887017,73.761399804677
6206,8204,Dongar Matha Peacock Be,4537,Suburban,14.75,18.4367910249878,73.7481469021131
6207,8188,Kudje Shala,4541,Suburban,16.1,18.4272677819735,73.7397623400688
6208,8189,Agalambe Phata Agalambe Road / Agalambe Phata,4542,Suburban,17.14,18.4176773218498,73.7355344670217
6209,8190,Vitbhatti Agalambe,4532,Suburban,17.33,18.421101,73.730003
6210,8191,Mauli Hills Gate,4531,Suburban,17.46,18.424101,73.725899
6211,8192,Poultry Farm Agalambe,4530,Suburban,17.6,18.427799,73.721397
6212,8193,Agalambegaon,4528,Suburban,17.69,18.431601,73.717499
6213,8194,Shelarwadi,4527,Suburban,18.03,18.434299,73.7118
6214,8195,Vadachi Wadi Aglambe Road,4526,Suburban,18.35,18.435699,73.707397
6215,8164,Khorawade Vasti,4543,Suburban,23.32,18.488199,74.075203
6216,3815,Mandai Stand,1175,Central,0.77,18.5134727160639,73.8559019565582
6217,106712,Patas,4544,Outer,64.23,18.43186,74.45855
6218,106713,Hp Petrol Pump Patas,4545,Outer,62.47,18.4380618986202,74.4426410260228
6219,106714,Saubhagya Mangal Kharyalay Patas,4546,Outer,61.85,18.4399830806057,74.4370230433052
6220,106715,Bhagwat Wadi Patas,4547,Outer,61.41,18.4413927235905,74.4330587589094
6221,106716,Maruti Mandir Patas,4548,Outer,60.74,18.4437539769028,74.4269972177169
6222,106717,Kavathicha Mala,4549,Outer,60.26,18.4447285602621,74.4225105564379
6223,106718,Satpute Mala Phata,4550,Outer,59.84,18.4453187187202,74.4186171211521
6224,106719,Yashraj Lawns Varvand,4551,Outer,59.51,18.4460337768934,74.4155114417111
6225,106720,Siddharthnagar Varvand,4552,Outer,59.02,18.4469064253069,74.4109374090555
6226,8100,Gram Panchayat Karyalay Varvand,4553,Outer,58.69,18.4475,74.407898
6227,8101,Divekar Mahavidyalaya,4554,Outer,58.41,18.448299,74.405296
6228,8102,Gopinath Mangal Karyalay,4555,Outer,57.04,18.4519,74.3927
6229,8103,National Hotel,4556,Outer,56.49,18.4531,74.387604
6230,8104,Sadhana Sahakari Bank,4557,Outer,55.79,18.453501,74.380997
6231,8105,Kedgaon Chaufula,4558,Outer,55.56,18.4536,74.378799
6232,8106,Jagdamba Hotel,4559,Outer,54.88,18.454599,74.372498
6233,8107,Kolpe Vasti Solapur Road,4560,Outer,54.27,18.455299,74.366699
6234,8108,Wakhari Phata,4561,Outer,53.12,18.4573,74.356003
6235,8109,Jagtap Vasti Solapur Road,4562,Outer,52.19,18.4596,74.347397
6236,8110,Aanand Gram Society,4563,Outer,51.8,18.4601,74.343803
6237,8111,Samadhan Hotel,4564,Outer,51.52,18.4608,74.341202
6238,8112,Sarja Hotel,4565,Outer,51.23,18.4615,74.338501
6239,8113,Aryan Lawns,4566,Outer,50.27,18.4636,74.329597
6240,8114,24 Krushi Paryatan Kendr,4567,Outer,50.05,18.4641,74.327599
6241,8115,Shivar Garden Hotel,4568,Outer,49.45,18.4653,74.321999
6242,8116,Parakh Agro,4569,Outer,48.91,18.466299,74.317001
6243,8117,Bhandgaon,4570,Outer,48.4,18.4671,74.312202
6244,8118,Indian Oil Petrol Pump Yevat Road,4571,Outer,48.17,18.4676,74.310097
6245,8119,Sonakshi Mangal Karyalay,4572,Outer,47.55,18.4687,74.304298
6246,8120,Kanchan Farm House,4573,Outer,47.17,18.4694,74.300797
6247,8121,Pravin Suhana Masale Company,4574,Outer,46.42,18.4709,74.2938
6248,8122,Trishul Steel Company,4575,Outer,45.88,18.472,74.288803
6249,8123,Krishiraj Cold Storage,4576,Outer,45.46,18.472799,74.284897
6250,8124,Indira Nagar Vasahat Yavat Road,4577,Outer,45.05,18.4736,74.281097
6251,8125,Annapurna Hotel,4578,Outer,44.69,18.474199,74.277702
6252,8126,Yavat,4579,Outer,44.06,18.4755,74.271797
6253,8127,Station Road Yavat,4580,Outer,43.62,18.4764,74.2677
6254,8128,Bhuleshwar Phata,4581,Outer,43.04,18.477501,74.262299
6255,8129,Dodge Vasti Shelkemala,4582,Outer,41.25,18.480801,74.245697
6256,8130,Kasurdi Phata,4583,Outer,40.23,18.4828677671455,74.2361184954643
6257,8132,Kasurdi Phata,4583,Outer,40.23,18.483,74.236198
6258,8133,Dodge Vasti Shelkemala,4582,Outer,41.25,18.481001,74.245697
6259,8134,Bhuleshwar Phata,4581,Outer,43.05,18.477699,74.262497
6260,8135,Station Road Yavat,4584,Outer,43.63,18.4767,74.267899
6261,8136,Yavat,4579,Outer,44.07,18.4758,74.272003
6262,8137,Annapurna Hotel,4585,Outer,44.71,18.474501,74.277901
6263,8138,Indira Nagar Vasahat Yavat Road,4577,Outer,45.06,18.473801,74.281197
6264,8139,Krishiraj Cold Storage,4576,Outer,45.47,18.473,74.285004
6265,8140,Trishul Steel Company,4575,Outer,45.88,18.4721476201693,74.2887809872627
6266,8141,Pravin Suhana Masale Company,4574,Outer,46.44,18.4711,74.293999
6267,8142,Kanchan Farm House,4586,Outer,47.17,18.4696137619153,74.3007919192314
6268,8143,Sonakshi Mangal Karyalay,4572,Outer,47.57,18.468901,74.304497
6269,8144,Indian Oil Petrol Pump Yevat Road,4571,Outer,48.1,18.468,74.309502
6270,8145,Bhandgaon,4587,Outer,48.28,18.4676,74.311096
6271,8146,Parakh Agro,4569,Outer,48.92,18.466499,74.317101
6272,8147,Shivar Garden Hotel,4588,Outer,49.44,18.465599,74.321999
6273,8148,24 Krushi Paryatan Kendr,4589,Outer,50.03,18.464399,74.3274
6274,8149,Aryan Lawns,4590,Outer,50.43,18.463499,74.3311
6275,8150,Sarja Hotel,4565,Outer,51.25,18.4617,74.338699
6276,8151,Samadhan Hotel,4564,Outer,51.54,18.461,74.3414
6277,8152,Aanand Gram Society,4591,Outer,51.88,18.460199,74.344597
6278,8153,Jagtap Vasti Solapur Road,4592,Outer,52.23,18.459801,74.347801
6279,8154,Wakhari Phata,4593,Outer,53.14,18.457701,74.3563
6280,8155,Kolpe Vasti Solapur Road,4594,Outer,54.27,18.455601,74.366798
6281,8156,Jagdamba Hotel,4595,Outer,54.94,18.454901,74.3731
6282,8157,Kedgaon Chaufula,4558,Outer,55.57,18.4541,74.378998
6283,8158,Sadhana Sahakari Bank,4596,Outer,56.15,18.453699,74.384499
6284,8159,National Hotel,4597,Outer,56.82,18.4527,74.390701
6285,8160,Gopinath Mangal Karyalay,4598,Outer,57.19,18.4519,74.394203
6286,8161,Divekar Mahavidyalaya,4599,Outer,58.38,18.448601,74.405098
6287,8162,Gram Panchayat Karyalay Varvand,4600,Outer,58.77,18.4478,74.408699
6288,106721,Siddharthnagar Varvand,4552,Outer,59.03,18.44726,74.41111
6289,106722,Yashraj Lawns Varvand,4551,Outer,59.51,18.4462678617867,74.4155548944359
6290,106723,Satpute Mala Phata,4601,Outer,59.85,18.44571,74.41876
6291,106724,Kavathicha Mala,4549,Outer,60.32,18.4445116261358,74.4230805403174
6292,106725,Maruti Mandir Patas,4548,Outer,60.79,18.4435120167226,74.4273709940774
6293,106726,Bhagwat Wadi Patas,4602,Outer,61.41,18.4416596543448,74.4330980309347
6294,106727,Saubhagya Mangal Kharyalay Patas,4546,Outer,61.86,18.4403568820298,74.4371540408493
6295,106728,Hp Petrol Pump Patas,4545,Outer,62.48,18.4383514966503,74.4428390412147
6296,8234,Ghotawadegaon,4603,Suburban,20.68,18.548901,73.662903
6297,8235,Snz Chemical Company,4604,Suburban,20.28,18.5459,73.666199
6298,8284,Rajiv Gandhi Nagar Upper,4605,Urban,6.84,18.459999,73.869202
6299,8285,Sukhsagar Nagar,4606,Urban,7.2,18.4568,73.869499
6300,8283,Sukhsagar Nagar,4606,Urban,7.2,18.4568,73.8694
6301,8282,Rajiv Gandhi Nagar Upper,4605,Urban,6.82,18.460199,73.869301
6302,3670,New English School,4607,Outer,38.6,18.5417,74.222099
6303,8286,Ganeshnagar/Bhalshing Wasti,4608,Outer,38.49,18.542101,74.2211
6304,3751,Jilha Parishad Shala Khamgaon,4609,Outer,38.38,18.541862344095,74.2200111578053
6305,3667,Khamgaon,4610,Outer,38.26,18.5422,74.218903
6306,8287,Dahitane Fata,4611,Outer,37.72,18.5375,74.213997
6307,8288,Pawar Agro Resort,4612,Outer,36.83,18.529499,74.205902
6308,8289,Gaikwad Vasti Nandur Gaon,4613,Outer,36.22,18.526899,74.200203
6309,8290,Zilla Parishad Shala Nandur,4614,Outer,35.92,18.520901,74.197403
6310,8291,Borate Vasti Nandur,4615,Outer,35.92,18.518101,74.197403
6311,8292,Beverage Food Company,4616,Outer,35.85,18.5173,74.196701
6312,8293,Vaishnavi Devi Dairy,4617,Outer,34.9,18.51582217492,74.1877026104313
6313,8294,Fleet Guard Company,4618,Outer,34.47,18.512699,74.183502
6314,8295,Gits Company,4619,Outer,34.24,18.5109,74.181297
6315,8296,Hodek Company,4620,Outer,34.11,18.509199,74.18
6316,8297,Perfect Company,4621,Outer,34.08,18.508499,74.179703
6317,8298,Pingle Vasti Sahajpur,4622,Outer,33.93,18.5049,74.178101
6318,8299,Grampanchayat Karyalay Sahajpur,4623,Outer,33.92,18.498501,74.177597
6319,8300,Omkar Hospital Sahajpur,4624,Outer,33.9,18.497299,74.177299
6320,8301,Zilla Parishad Shala Sahajpur,4625,Outer,33.8,18.4951,74.176102
6321,8302,Railway Crossing,4626,Outer,33.76,18.493799,74.175598
6322,8303,Railway Crossing,4627,Outer,33.74,18.493401,74.1754
6323,8304,Zilla Parishad Shala Sahajpur,4625,Outer,33.79,18.4951,74.176003
6324,8305,Omkar Hospital Sahajpur,4624,Outer,33.89,18.497299,74.1772
6325,8306,Grampanchayat Karyalay Sahajpur,4628,Outer,33.91,18.498501,74.177498
6326,8307,Pingle Vasti Sahajpur,4622,Outer,33.91,18.504801,74.177902
6327,8308,Perfect Company,4621,Outer,34.07,18.5084118786936,74.1795372884058
6328,8309,Hodek Company,4620,Outer,34.1,18.509199,74.179901
6329,8310,Gits Company,4619,Outer,34.23,18.511101,74.181198
6330,8311,Fleet Guard Company,4629,Outer,34.45,18.5126,74.183296
6331,8312,Vaishnavi Devi Dairy,4617,Outer,34.89,18.5158380762014,74.1876120641813
6332,8313,Beverage Food Company,4616,Outer,35.84,18.5173,74.196602
6333,8314,Borate Vasti Nandur,4615,Outer,35.9,18.5179,74.197197
6334,8315,Zilla Parishad Shala Nandur,4614,Outer,35.91,18.521099,74.197304
6335,8316,Gaikwad Vasti Nandur Gaon,4613,Outer,36.19,18.526899,74.199898
6336,8317,Pawar Agro Resort,4612,Outer,36.82,18.529499,74.205803
6337,8318,Dahitane Fata,4611,Outer,37.72,18.5378,74.213997
6338,3750,Khamgaon,4610,Outer,38.26,18.542299,74.218903
6339,3749,Jilha Parishad Shala Khamgaon,4609,Outer,38.39,18.5419322990656,74.2201103995389
6340,3748,Ganeshnagar/Bhalshing Wasti,4608,Outer,38.5,18.542101,74.221199
6341,3747,New English School,4607,Outer,38.61,18.5417,74.222198
6342,7744,Thergaon Phata,4630,Suburban,14.32,18.6195244812106,73.7699459057102
6343,7762,Thergaon Phata,2189,Suburban,14.27,18.6168,73.767303
6344,8322,Paud St Stand,4631,Outer,25.04,18.523495,73.61924
6345,8332,Mejentha Lowns,4632,Central,4.29,18.4931879581713,73.8278487193225
6346,8333,Alankar Police Chowky,1074,Central,4.02,18.497999,73.826797
6347,8242,Mulshi Gaon,4633,Outer,36.25,18.498501,73.513702
6348,8243,Rajbag Mulshi,4634,Outer,35.91,18.506001,73.516502
6349,8244,Naik Navare Farm Mulshi,4635,Outer,35.87,18.5098,73.516701
6350,8245,Cg Management Development Center Mulshi,4636,Outer,35.83,18.5173,73.516899
6351,8246,Sopan Bagh Farm House Mulshi,4637,Outer,35.43,18.5194,73.520699
6352,8247,Zilla Parishad Shala Mulshi Dharan,4638,Outer,35.76,18.523199,73.517502
6353,8248,Prathmik Arogya Kendra Shedani,4639,Outer,35.93,18.526899,73.515999
6354,8249,Shedni Phata,4640,Outer,35.77,18.5284,73.517502
6355,8250,Male Grampanchayat Office,4641,Outer,35.22,18.5298,73.522797
6356,8251,Malegaon,4642,Outer,35.05,18.5303,73.524399
6357,8252,Disali St Stand,4643,Outer,34.36,18.530701,73.530998
6358,8253,Adiwasi Vasti,4644,Outer,33.7,18.5319,73.5373
6359,8254,Jamgaon St Stand,4645,Outer,33.2,18.532801,73.542099
6360,8255,Bapuji Bhau Mandir Mulshi Road,4646,Outer,32.53,18.531799,73.548401
6361,8256,Ramlila Banglow,4647,Outer,32.22,18.5315,73.5513
6362,8257,Sai Prasad Mangal Karyalay,4648,Outer,31.61,18.531099,73.557098
6363,8258,Sheregaon,4649,Outer,31.46,18.5311070906765,73.558553615476
6364,8259,Vitthal Kamat Hotel,4650,Outer,30.42,18.5307777767967,73.5683504036263
6365,8260,Dagde Patil Farm,4651,Outer,30.36,18.5305634863449,73.5689236423075
6366,8261,Akole Bus Stand,4652,Outer,30.06,18.5292359747442,73.5717688566626
6367,8262,Deshpande Farm,4653,Outer,29.81,18.5280292353395,73.5740956664086
6368,8263,Kalam Shet,4654,Outer,29.03,18.525299,73.581398
6369,8264,Andeshi Phata,4655,Outer,28.36,18.524401,73.587799
6370,8265,Mont Vet Society Bhugaon,4656,Urban,11.68,18.501699,73.747704
6371,8334,Alankar Police Chowky,1074,Central,4.02,18.4977791264035,73.827008164026
6372,8335,Mejentha Lowns,4657,Central,4.7,18.489901,73.825798
6373,8266,Mont Vet Society Bhugaon,4656,Urban,11.66,18.5016,73.747902
6374,8267,Andoshi Phata,4658,Outer,28.39,18.5242869156216,73.5874812738889
6375,8268,Kalam Shet,4654,Outer,29.06,18.5252,73.5811
6376,8269,Deshpande Farm,4659,Outer,29.73,18.527671328726,73.5747984051705
6377,8270,Akole Bus Stand,4652,Outer,30.03,18.528999,73.571999
6378,8271,Dagde Patil Farm,4660,Outer,30.45,18.5308,73.5681
6379,8272,Vitthal Kamat Hotel,4650,Outer,30.45,18.5308,73.5681
6380,8273,Sheregaon,4649,Outer,31.44,18.5310511834884,73.5587299555974
6381,8274,Sai Prasad Mangal Karyalay,4661,Outer,31.56,18.531099,73.557602
6382,8275,Ramlila Banglow,4662,Outer,32.19,18.531401,73.551598
6383,8276,Jamgaon St Stand,4645,Outer,33.21,18.5327,73.542
6384,8277,Adiwasi Vasti,4644,Outer,33.72,18.5317,73.537102
6385,8278,Malegaon,4642,Outer,35.04,18.5303,73.524498
6386,8279,Male Grampanchayat Office,4641,Outer,35.24,18.529699,73.522598
6387,8280,Shedni Phata,4663,Outer,35.78,18.5282,73.517403
6388,8281,Prathmik Arogya Kendra Shedani,4639,Outer,35.92,18.526899,73.516098
6389,8358,Gananjay Society,4664,Urban,5.92,18.5002,73.804802
6390,8359,Ankur Bungalow,4665,Urban,5.84,18.5019507336437,73.8048561747904
6391,8360,Shastri Nagar Kothrud,4666,Urban,5.83,18.504299,73.8041
6392,8361,Gurujan Society,4667,Urban,5.94,18.505899,73.802498
6393,8354,Gurujan Society,4668,Urban,5.92,18.505899,73.802696
6394,8355,Shastri Nagar Kothrud,4666,Urban,5.81,18.5044,73.804199
6395,8356,Ankur Bungalow,4665,Urban,5.78,18.502101391057,73.8054093692231
6396,8357,Gananjay Society,4664,Urban,5.9,18.500299,73.804901
6397,8327,Mes Pumping Station,4669,Urban,6.82,18.5329727313265,73.7934324525091
6398,8328,Arde Colony,4670,Urban,6.94,18.5285843873784,73.7914085142928
6399,8329,Pashan Tank Rasta,4671,Urban,7.39,18.5266419450855,73.786886036396
6400,366,Ram Nagar Nda Road,4672,Urban,8.0,18.5247624257911,73.7809342480545
6401,367,Bavdhangaon Police Chowki,4673,Urban,8.11,18.5223907866716,73.7798154121964
6402,368,Bavdhangaon,4674,Urban,8.21,18.5194,73.778801
6403,369,D Palace,4675,Urban,8.04,18.5175,73.780502
6404,370,Bank Of Maharashtra Bavdhan,4676,Urban,7.89,18.5154726816723,73.7820502689127
6405,371,Shinde Nagar Bawdhan,4677,Urban,7.9,18.512199,73.782303
6406,372,Chandani Chowk Pashan Road,4678,Urban,7.93,18.5094133187428,73.7824035669984
6407,365,Pashan Tank Rasta,4671,Urban,7.4,18.5267436732272,73.7867894768715
6408,364,Arde Colony,4670,Urban,6.95,18.5286634633827,73.791379866086
6409,363,Mes Pumping Station,4679,Urban,6.81,18.533199,73.793503
6410,8377,Sangrun,4680,Suburban,23.08,18.400101,73.678398
6411,8378,Pate Developers,4681,Suburban,22.81,18.4020927649869,73.6800791362632
6412,8379,Sangrun Phata,4682,Suburban,22.28,18.405701,73.683502
6413,8380,Lucky Farm,4683,Suburban,21.97,18.4007,73.691002
6414,8381,Splender Country Club Gate Kramank 2,4684,Suburban,21.52,18.402901,73.694603
6415,8382,Splender Country Club Gate Kramank 1,4685,Suburban,21.09,18.4046,73.698303
6416,8383,Mandvi Budruk,4686,Suburban,20.25,18.4088,73.705002
6417,8384,Mandvi Khurd,4687,Suburban,19.9,18.4119,73.706596
6418,8385,Karanjkar Vasti,4688,Suburban,19.19,18.4165709871236,73.7113798455722
6419,4672,Khadakwadi Phata,4689,Suburban,18.83,18.4186029263413,73.7140767375621
6420,8386,Khadakwadi,4690,Suburban,18.69,18.4186,73.715698
6421,8387,Khadakwadi Shala,4691,Suburban,18.5,18.4175,73.718903
6422,8388,Agalambe Odha,4692,Suburban,18.23,18.415701,73.723701
6423,8389,Elina Farm,4693,Suburban,18.23,18.4155287698844,73.723797096241
6424,8362,Kudaje Vasti,4694,Suburban,16.6,18.4215268072469,73.7387860537719
6425,8364,Elina Farm,4695,Suburban,17.82,18.4156,73.728897
6426,8365,Agalambe Odha,4696,Suburban,18.26,18.4166892195034,73.7224615282342
6427,8366,Khadakwadi Shala,4691,Suburban,18.51,18.4175,73.718803
6428,8367,Khadakwadi,4690,Suburban,18.7,18.418501,73.715698
6429,4702,Khadakwadi Phata,4697,Suburban,18.85,18.418365,73.713928
6430,8368,Karanjkar Vasti,4698,Suburban,19.23,18.4163176728894,73.7111370440293
6431,8369,Mandvi Khurd,4699,Suburban,19.93,18.4115994700862,73.7064753451379
6432,8370,Mandvi Budruk,4686,Suburban,20.28,18.408501,73.704903
6433,8371,Splender Country Club Gate Kramank 1,4700,Suburban,21.11,18.404499,73.698196
6434,8372,Splender Country Club Gate Kramank 2,4684,Suburban,21.52,18.4028,73.694603
6435,8373,Lucky Farm,4683,Suburban,21.98,18.4007,73.690903
6436,8374,Sangrun Phata,4701,Suburban,22.33,18.4058071521502,73.6827914818024
6437,8375,Pate Developers,4681,Suburban,22.8,18.402201,73.680099
6438,8376,Sangrun,4680,Suburban,23.07,18.4001686858861,73.6784523620318
6439,8435,Mes Canteen Nda,4702,Suburban,12.66,18.451099,73.761497
6440,8434,Garisson Engineering,4703,Suburban,12.77,18.452101,73.759399
6441,8433,D2 Circle,4704,Suburban,13.45,18.4503,73.7528
6442,8432,Bungalow Number 158,4705,Suburban,13.67,18.450199,73.750298
6443,8431,Servants Quarters,4706,Suburban,13.84,18.4533,73.746201
6444,8430,Ahiregaon Phata,4707,Suburban,13.89,18.454901,73.744598
6445,8436,Ahiregaon,4708,Suburban,14.97,18.455,73.732597
6446,8437,Sonarwadi Phata,4709,Suburban,15.75,18.454399,73.724503
6447,8427,Mohakarwadi,4710,Suburban,16.35,18.4569,73.716904
6448,8439,Wanjalewadi,4711,Suburban,16.89,18.458429,73.710442
6449,8438,Khadewadi,4712,Suburban,18.05,18.457979,73.698738
6450,8428,Sonarwadi Phata,4709,Suburban,15.75,18.4545,73.724503
6451,8429,Ahiregaon,4708,Suburban,14.96,18.455,73.732697
6452,293,Sawarkar Bhavan,254,Central,0.73,18.5221346998668,73.8500319355547
6453,8526,Kolwanphata,4713,Outer,25.13,18.526199,73.618401
6454,8527,Bhumkar Farm,4714,Suburban,24.59,18.529499,73.623703
6455,8528,Balaji Nivas,4715,Suburban,24.19,18.5312,73.627502
6456,8529,Darawali,4716,Suburban,23.85,18.5324,73.630798
6457,8530,Bagwan Farm,4717,Suburban,23.41,18.533199,73.635101
6458,8531,Balkawade Vasti,4718,Suburban,22.76,18.5345,73.641296
6459,8532,Inora Company,4719,Suburban,22.01,18.535,73.648499
6460,8533,Dhamale Vasti Darawali Road,4720,Suburban,21.63,18.534599,73.6521
6461,8534,Shree Satya Material,4721,Suburban,21.17,18.5343,73.656403
6462,8535,Aquarius Engineers,4722,Suburban,20.68,18.534,73.661102
6463,8536,Aambadveat Gaon,4723,Suburban,20.41,18.533199,73.663597
6464,8451,Bhare Phata,4724,Suburban,19.75,18.531696,73.669769
6465,8537,Aambadveat Gaon,4723,Suburban,20.41,18.533001,73.663597
6466,8538,Shree Satya Material,4721,Suburban,21.17,18.534201,73.656403
6467,8539,Inora Company,4725,Suburban,22.0,18.534901,73.648598
6468,8540,Bagwan Farm,4717,Suburban,23.4,18.5331,73.635201
6469,8541,Darawali,4716,Suburban,23.84,18.5324,73.630898
6470,8542,Balaji Nivas,4715,Suburban,24.19,18.531099,73.627502
6471,8543,Bhumkar Farm,4714,Suburban,24.59,18.5294,73.623703
6472,8425,Morewadi Phata,4726,Outer,25.36,18.4582,73.625298
6473,8424,Prarthmik Aarogya Kendra Mutha,4727,Outer,25.39,18.454901,73.626099
6474,8423,Zilla Parishad Shala Bharekar Wadi,4728,Suburban,24.88,18.4534506470388,73.6316115930662
6475,8422,Bharekar Wadi,4729,Suburban,24.6,18.4529595015376,73.6345816486747
6476,8421,Viraj Industries,4730,Suburban,24.62,18.4499,73.635399
6477,8420,Kondhur Phata,4731,Suburban,24.82,18.4383877518149,73.6378564771051
6478,8396,Jated Phata,4732,Outer,25.3,18.4354,73.634201
6479,8397,Dighewadi Phata,4733,Outer,25.2,18.432301,73.636497
6480,8398,Kondhurgaon,4734,Outer,25.4,18.427401,73.636703
6481,8395,Kondhur Phata,4731,Suburban,24.8,18.4383114247025,73.6380093524998
6482,8399,Kalbhairav Mandir,4735,Suburban,24.66,18.4371288280106,73.6399968720096
6483,8426,Potewadi Vasti,4736,Suburban,24.47,18.4363215714584,73.642270720619
6484,8401,Sahyadri Krushi Paryatan,4737,Suburban,23.95,18.4337712964573,73.6487696920238
6485,8402,Bhagatwadi,4738,Suburban,23.45,18.433201,73.654198
6486,8403,Kulaki,4739,Suburban,23.3,18.4317,73.656502
6487,8404,Bahuligaon,4740,Suburban,23.16,18.4305,73.6586
6488,8405,Sutar Vasti,4741,Suburban,22.83,18.430201,73.662201
6489,8406,Gaikwadwadi,4742,Suburban,22.58,18.4275,73.666298
6490,8407,Poultry Farm Anisha,4743,Suburban,22.59,18.4235,73.668404
6491,8408,Katavdi,4744,Suburban,22.78,18.4173406965612,73.6700831377524
6492,8409,Poultry Farm Saurabh,4745,Suburban,22.74,18.4139,73.6726
6493,8410,Trimurti Poultry Farm,4746,Suburban,22.73,18.4120271027418,73.6739147421628
6494,8558,Nalavade Vasti Pashan,4747,Urban,7.64,18.537901,73.786598
6495,8559,Bhagvati Nagar,4748,Urban,7.2,18.5366,73.790604
6496,8571,Vitthal Nagar Pashan,4749,Urban,6.88,18.537077633461,73.7938114974427
6497,8411,Trimurti Poultry Farm,4746,Suburban,22.74,18.412201,73.673698
6498,8412,Katavdi,4744,Suburban,22.79,18.4172260997624,73.67001261538
6499,8413,Poultry Farm Anisha,4743,Suburban,22.6,18.423599,73.668297
6500,8414,Gaikwadwadi,4742,Suburban,22.6,18.4275,73.6661
6501,8415,Bahuligaon,4750,Suburban,23.18,18.430445484189,73.6584001779556
6502,8416,Kulaki,4751,Suburban,23.31,18.4317,73.656403
6503,8417,Bhagatwadi,4738,Suburban,23.47,18.4332598300549,73.6540576894499
6504,8418,Sahyadri Krushi Paryatan,4737,Suburban,23.96,18.433701,73.648697
6505,8400,Potewadi Vasti,4736,Suburban,24.49,18.4364736237689,73.6420507821096
6506,8419,Kalbhairav Mandir,4735,Suburban,24.67,18.4372598819735,73.639808444854
6507,8394,Viraj Industries,4730,Suburban,24.63,18.4496137979561,73.6354398094125
6508,8392,Zilla Parishad Shala Bharekar Wadi,4752,Suburban,24.89,18.453568325783,73.6314010620117
6509,8391,Prarthmik Aarogya Kendra Mutha,4727,Outer,25.39,18.4548,73.626099
6510,8390,Morewadi Phata,4726,Outer,25.35,18.4582,73.625397
6511,8572,Nalavade Vasti Pashan,4747,Urban,7.6,18.5376829455522,73.7869524112075
6512,8594,Pvpit College Bawdhan,4753,Urban,8.99,18.5,73.7742
6513,8595,Sarthi Santeen Hills Bawdhan,4754,Urban,9.06,18.5021,73.773003
6514,8596,Kokate Wasti Bawdhan,4755,Urban,8.92,18.5028331755626,73.7741249506788
6515,8597,Nyati Towers Bawdhan,4756,Urban,8.97,18.5048095898926,73.7732036142293
6516,8598,Madhuban Society Bawdhan,4757,Urban,8.97,18.505899,73.773003
6517,8599,Mile Dagad Kramank 8 Bavdhan Ghat,4758,Urban,8.75,18.5074141456235,73.7748714334983
6518,8600,Mile Dagad Kramank 8 Bavdhan Ghat,4758,Urban,8.78,18.5073937976854,73.7745871314188
6519,8606,Sai Palace Sukhsagar Nagar,4759,Urban,7.43,18.4553613710085,73.8727623303152
6520,8607,Khandoba Mandir Corner,4760,Urban,7.47,18.455099,73.873199
6521,8608,Khandoba Mandir Katraj Kondhwa Road,4761,Urban,7.66,18.4534,73.873497
6522,8603,Lakshminagar Police Chowky,4762,Central,3.28,18.4916476612961,73.8498267636587
6523,6356,Lakshmi Nagar Corner,4763,Central,3.19,18.4924442396963,73.8498723506928
6524,8609,Khandoba Mandir Corner,4760,Urban,7.47,18.455133715766,73.8733034377137
6525,8610,Sai Palace Sukhsagar Nagar,4759,Urban,7.42,18.4554727192225,73.8727945299723
6526,8602,Lakshminagar Corner,4764,Central,3.15,18.4926422721534,73.8508526678451
6527,8671,Sanket Vihar Lane No 18,4765,Urban,10.99,18.475401,73.949501
6528,8672,Sanket Vihar Lane No 11,4766,Urban,10.8,18.4758,73.947701
6529,8673,Sharda Vidhya Mandir,4767,Urban,10.6,18.476299,73.945801
6530,8674,Dhere Pipe Company,4768,Urban,10.38,18.4767617696783,73.9437080906594
6531,8646,Bismilla Chicken Center,4769,Urban,10.16,18.4772794516808,73.9416528591783
6532,8647,Santoshi Mata Nagar,4770,Urban,10.11,18.4779090860409,73.9415127012658
6533,8657,Shivaji Maharaj Putala Sasane Nagar,4771,Urban,8.54,18.4931547014459,73.9323731016603
6534,8648,Mhasoba Chowk,4772,Urban,10.03,18.4792,73.941299
6535,8649,Shahid Santosh Pharate Chowk,4773,Urban,9.79,18.4825,73.940498
6536,8658,Sasane Nagar Corner,4774,Urban,8.77,18.4909245835695,73.9338912082947
6537,8650,Sai Chowk Kaleborate Nagar,4775,Urban,9.64,18.4837,73.939499
6538,8659,Binavat Township,4776,Urban,9.05,18.490999,73.936699
6539,8651,Mahadev Mandir Kaleborate Nagar,4777,Urban,9.57,18.485001,73.9394
6540,8660,Nirmal Township,4778,Urban,9.19,18.4896336677831,73.9375980395618
6541,8652,Ganesh Mandir Sasane Nagar,4779,Urban,9.43,18.4876,73.939201
6542,8661,Ganesh Mandir Sasane Nagar,4780,Urban,9.45,18.487499,73.939301
6543,8653,Nirmal Township,4778,Urban,9.2,18.4895,73.937599
6544,8662,Mahadev Mandir Kaleborate Nagar,4777,Urban,9.59,18.4848,73.939499
6545,8654,Binavat Township,4776,Urban,9.04,18.4909,73.9366
6546,8663,Sai Chowk Kaleborate Nagar,4781,Urban,9.67,18.4835463217465,73.9397659211917
6547,8655,Sasane Nagar Corner,4774,Urban,8.74,18.4908813903225,73.9335177060872
6548,8664,Shahid Santosh Pharate Chowk,4782,Urban,9.8,18.4825,73.940598
6549,8656,Sasane Nagar,4783,Urban,8.57,18.4914,73.931999
6550,8665,Mhasoba Chowk,4772,Urban,10.04,18.4790850064132,73.9413330090405
6551,8666,Santoshi Mata Nagar,4770,Urban,10.13,18.4778003298468,73.9415757397521
6552,8667,Bismilla Chicken Center,4769,Urban,10.17,18.4771808750426,73.9417152277698
6553,8675,Dhere Pipe Company,4768,Urban,10.4,18.4767242516913,73.9439233346456
6554,8676,Sharda Vidhya Mandir,4767,Urban,10.6,18.4764,73.9459
6555,8677,Sanket Vihar Lane No 11,4766,Urban,10.82,18.475901,73.947899
6556,8679,Saswad Road Railway Station,4784,Urban,10.27,18.4802,73.944397
6557,8678,Sanket Vihar Lane No 18,4785,Urban,11.01,18.4755,73.949799
6558,8680,Papde Vasti Corner,4786,Urban,10.23,18.482599,73.945099
6559,8681,Gajanan Mandir,4787,Urban,10.15,18.4851,73.945503
6560,8682,Tukai Mata Mandir Corner,4788,Urban,10.03,18.4872,73.945099
6561,8683,Dream Villa,4789,Urban,9.83,18.4871183731356,73.9430871632171
6562,8684,Pragati Vidyalay,4790,Urban,9.73,18.4858,73.941498
6563,8686,Mantri Market Hadapsar,4791,Urban,9.03,18.4995900634669,73.9395103546574
6564,8685,Mantri Market Hadapsar,4791,Urban,9.05,18.4995608685396,73.9396726743241
6565,8687,Dream Villa,4792,Urban,9.9,18.4872189514338,73.9438194194271
6566,8688,Tukai Mata Mandir Corner,4788,Urban,9.97,18.4872,73.944504
6567,8689,Saswad Road Railway Station,4784,Urban,10.27,18.480301,73.944397
6568,8628,Dy Patil College Charholi,4793,Suburban,12.5,18.6196120060957,73.9123785826122
6569,2252,Prime City Charholi,1395,Suburban,12.98,18.622801,73.915901
6570,8629,Note Ring Hill Society Charholi,4794,Suburban,13.09,18.624967028051,73.9137786626816
6571,8630,Dy Patil Corner Charholi,4795,Suburban,12.89,18.6249746533482,73.9094334840775
6572,8631,Pathare Mala Charholi,4796,Suburban,13.99,18.6365314719796,73.907765194927
6573,8637,Samarth Dairy Charholi,4797,Suburban,14.62,18.6426178588572,73.9079435235442
6574,8633,Pradhan Mantri Aavas Yojna Charholi,4798,Suburban,15.08,18.6474535613293,73.9067157206718
6575,8634,Bhosale Vasti Charholi,4799,Suburban,15.25,18.6491093006933,73.9066379444998
6576,8635,Bhosale Vasti Charholi,4799,Suburban,15.24,18.6490155605752,73.9066970862355
6577,8636,Pradhan Mantri Aavas Yojna Charholi,4800,Suburban,15.09,18.6475501681312,73.9067579924192
6578,8638,Pathare Mala Charholi,4796,Suburban,14.05,18.6370082157227,73.9079577695345
6579,8639,Dy Patil Corner Charholi,4795,Suburban,12.89,18.625056497343,73.9093101194398
6580,8640,Note Ring Hill Society Charholi,4794,Suburban,13.1,18.6250381968318,73.9138859510422
6581,8641,Dy Patil College Charholi,4801,Suburban,12.47,18.6194340786036,73.9122605886852
6582,4050,Vishrantwadi Brt Stand,4802,Urban,6.37,18.573,73.8806
6583,4051,Sangamwadi Phata,4803,Central,1.94,18.5368755089691,73.8626939980873
6584,4052,Sangamwadi Luxury Parking,4804,Central,1.4,18.532801,73.8591
6585,4053,Sangamwadi Luxury Parking,4805,Central,1.42,18.5329,73.859596
6586,4054,Sangamwadi Phata Brt,4806,Central,1.86,18.536301,73.862297
6587,3621,Fursungi,4807,Suburban,13.51,18.473499,73.974899
6588,8691,Pawar Mala,4808,Suburban,12.89,18.4760068485325,73.9696195721626
6589,8692,Jay Bhavani Godown,4809,Suburban,12.44,18.477699,73.965698
6590,8693,Navde Vasti,4810,Suburban,12.16,18.479,73.963402
6591,8694,Jai Ganesh Mandir,4811,Urban,11.88,18.4807481012212,73.9613013721126
6592,8695,Harpale Vasti Fursungi,4812,Urban,11.66,18.4818,73.959503
6593,8696,Shivshankar Mangal Karyalay,4813,Urban,11.38,18.4834,73.957298
6594,8697,Shiv Shambho Chowk,4814,Urban,11.09,18.4851,73.955101
6595,8698,Shivshakti Chowk,4815,Urban,10.98,18.485701,73.954201
6596,8699,Shivshakti Chowk,4815,Urban,10.95,18.485901,73.954002
6597,8700,Shiv Shambho Chowk,4814,Urban,11.12,18.4851,73.955399
6598,8701,Shivshankar Mangal Karyalay,4816,Urban,11.37,18.4835,73.957298
6599,8702,Harpale Vasti Fursungi,4812,Urban,11.68,18.481701,73.959702
6600,8703,Jai Ganesh Mandir,4811,Urban,11.89,18.4807,73.961403
6601,8704,Jay Bhavani Godown,4809,Suburban,12.43,18.4778,73.965698
6602,3631,Fursungi,4807,Suburban,13.52,18.4734,73.974899
6603,5560,Bhumkar Complex,4817,Urban,8.82,18.446501,73.826302
6604,8713,Shree Cantrol Chowk,4818,Urban,9.19,18.444799,73.821503
6605,8714,Dran Enginiaring,4819,Urban,9.33,18.443199,73.821999
6606,8715,Nalanda Gurukul,4820,Urban,9.66,18.4394,73.823502
6607,8716,Mauli Mangal Karyalay Narhe,4821,Urban,9.66,18.4387,73.8255
6608,8717,Dnyaneshwari Park,4822,Urban,9.6,18.438801,73.826897
6609,8718,Abhinav Collage Narhe,4823,Urban,9.64,18.438101,73.828102
6610,106887,Sai Kamthe Colony,4824,Urban,9.84,18.4362501902575,73.8278874561105
6611,106888,Gondivlekar Maharaj Bramh Chaitanya Nagar,4825,Urban,10.04,18.4343393038834,73.8279312062062
6612,106889,Khedekar Nagar,4826,Urban,10.15,18.4332068843521,73.8282204555093
6613,106890,Nandanvan City Narhe,4827,Urban,10.37,18.4311585545601,73.8282367621759
6614,8735,Kinara Hotel Katraj,4828,Urban,8.52,18.4438,73.8592
6615,8736,Gujarwadi New Bus Stop,4829,Urban,8.89,18.4405,73.8601
6616,8733,Jadhav Nagar Gujarwadi Rd Inn,4830,Urban,9.09,18.4389,73.8629
6617,8737,Sugandhtara Society,4831,Urban,8.92,18.4405,73.864098
6618,8738,Kadam Banglow,4832,Urban,8.89,18.4407770650542,73.8648021959645
6619,8739,Sai Nisarg Society,4833,Urban,8.96,18.4403075846864,73.8664047961275
6620,8740,Narmada Nagar Nibalkar Vasti,4834,Urban,9.18,18.438499,73.867302
6621,8728,Khopde Nagar,4835,Urban,9.36,18.436899,73.867798
6622,8741,Pawar Vasti Gujarwadi Road,4836,Urban,9.64,18.4344386344096,73.8689140197545
6623,8742,Pawar Nagar,4837,Urban,10.02,18.4315403396819,73.8726094338822
6624,8743,Khalate Nagar Mamta Foundation,4838,Urban,10.25,18.4296,73.873596
6625,8724,Gujarwadi,4839,Urban,10.61,18.426701,73.875702
6626,8725,Khalate Nagar Mamta Foundation,4838,Urban,10.24,18.429701,73.873703
6627,8726,Pawar Nagar,4840,Urban,10.05,18.4312826791658,73.8727200533083
6628,8727,Pawar Vasti Gujarwadi Road,4836,Urban,9.64,18.4344418161756,73.8686431113844
6629,8729,Narmada Nagar Nibalkar Vasti,4841,Urban,9.16,18.438601,73.867203
6630,8730,Sai Nisarg Society,4833,Urban,8.95,18.4403807627915,73.8662143776959
6631,8731,Kadam Banglow,4832,Urban,8.9,18.440700739003,73.8648692380409
6632,8732,Sugandhtara Society,4831,Urban,8.94,18.4403,73.863998
6633,8734,Kinara Hotel Katraj,4842,Urban,8.4,18.444901,73.8592
6634,5563,Bhumkar Complex,4843,Urban,8.83,18.4464,73.826302
6635,1274,Maruti Mandir Santosh Nagar,4844,Urban,7.88,18.449699,73.851997
6636,8744,Agam Mandir,4845,Urban,8.22,18.446501,73.853996
6637,8745,Dugad Farm,4846,Urban,8.41,18.444799,73.8535
6638,8746,Sadhvi Kendra,4847,Urban,8.55,18.4436,73.852997
6639,8747,Sacchai Mata Mandir,4848,Urban,8.95,18.4400073684281,73.8534222503793
6640,8748,Achal Farm Society,4849,Urban,9.22,18.4375,73.853401
6641,8749,Ranga Sheth Chowk,4850,Urban,9.36,18.4363,73.8536
6642,8750,Hariom Colony,4851,Urban,9.49,18.4351002099165,73.8528422180777
6643,8751,Sarathi Mangal Karyalay,4852,Urban,9.65,18.4338,73.851196
6644,8752,Waghjai Nagar Shivaji Chowk,4853,Urban,9.87,18.4318704814572,73.8498099873608
6645,8753,Waghjai Nagar Shivaji Chowk,4853,Urban,9.88,18.431774423358,73.8497952575644
6646,8754,Sarathi Mangal Karyalay,4852,Urban,9.66,18.433701,73.851196
6647,8755,Hariom Colony,4851,Urban,9.5,18.4350175178334,73.8527839109316
6648,8756,Ranga Sheth Chowk,4850,Urban,9.37,18.436199,73.853699
6649,8757,Achal Farm Society,4854,Urban,9.24,18.437401,73.8535
6650,8758,Sacchai Mata Mandir,4848,Urban,8.97,18.4398063199072,73.8534624756252
6651,8759,Sadhvi Kendra,4855,Urban,8.58,18.4433043277219,73.8529930627496
6652,8760,Dugad Farm,4846,Urban,8.42,18.4447,73.8535
6653,3160,Iscon Mandir,4856,Urban,8.11,18.4508680740828,73.8800571958217
6654,8626,Pimpri Chowk Metro Station,4857,Suburban,13.35,18.629299,73.803299
6655,106661,Sneha Vihar Dangat Patil Nagar,4858,Urban,9.2,18.46616,73.79081
6656,106662,Neo Net Primary School,4859,Urban,9.22,18.4679133011615,73.788966913599
6657,106663,Shindevasti Dangat Estate,4860,Urban,9.15,18.46969,73.78836
6658,8771,Dangat Estate,4861,Urban,8.94,18.4702307041217,73.7905029939377
6659,8772,Hindustan Bakery,4862,Urban,8.36,18.469601,73.798203
6660,8773,Khan Vasti Malvadi,4863,Urban,7.89,18.4715,73.802498
6661,8774,Hanuman Chowk Ram Nagar,4864,Urban,7.35,18.4753,73.805702
6662,8775,Ram Nagar Varje,4865,Urban,7.31,18.476299,73.805298
6663,8776,Warje Canal,4866,Urban,7.49,18.477699,73.801804
6664,8777,Warje Pul,4867,Urban,7.16,18.480301,73.803596
6665,228,Rajaram Pul Corner / Warje Pul,4868,Urban,7.13,18.4799817982758,73.8042285536596
6666,8779,Warje Canal,4869,Urban,7.5,18.4779,73.801498
6667,8780,Ram Nagar Varje,4865,Urban,7.32,18.4762,73.805298
6668,8781,Hanuman Chowk Ram Nagar,4864,Urban,7.34,18.475401,73.805801
6669,8782,Khan Vasti Malvadi,4870,Urban,7.9,18.471390134685,73.8024870880376
6670,8783,Dangat Estate,4861,Urban,8.92,18.4703076205748,73.7906605638556
6671,5785,Shivaji Nagar Civil Court Metro Station,4871,Central,0.75,18.5271,73.857803
6672,8873,Rupee Nagar,4872,Suburban,19.05,18.6766,73.782402
6673,8874,Dharjai Mandri,4873,Suburban,18.97,18.6757377288751,73.7822096036637
6674,8875,Vande Mataram Chowk,4874,Suburban,18.9,18.674999,73.782097
6675,8876,Gosavi Hospital,4875,Suburban,18.78,18.6737,73.781898
6676,8877,Hemraj Telar,4876,Suburban,18.65,18.672199,73.781502
6677,8878,Mahadev Mandir Rupeenagar,4877,Suburban,18.48,18.670401,73.781097
6678,8886,Sanjay Hotel,4878,Suburban,18.42,18.669399,73.780403
6679,8880,Kalbhor Gotha,4879,Suburban,18.32,18.6680523338524,73.779501914978
6680,8881,Aazad Chowk Manapa Davakhana,4880,Suburban,18.51,18.668699,73.776901
6681,8882,Ankush Chowk,4881,Suburban,18.32,18.6663,73.776001
6682,8883,Ankush Chowk,4882,Suburban,18.4,18.667,73.775803
6683,8884,Aazad Chowk Manapa Davakhana,4880,Suburban,18.54,18.6688,73.776604
6684,8885,Kalbhor Gotha,4883,Suburban,18.34,18.6680554777772,73.7790915185902
6685,8887,Mahadev Mandir Rupeenagar,4877,Suburban,18.49,18.670401,73.780998
6686,8888,Gosavi Hospital,4875,Suburban,18.77,18.6735,73.781799
6687,8889,Vande Mataram Chowk,4874,Suburban,18.91,18.674999,73.781998
6688,8890,Dharjai Mandri,4873,Suburban,18.99,18.6758513110559,73.7821827868331
6689,8891,Rupee Nagar,4872,Suburban,19.06,18.6766,73.782303
6690,8898,Akurdi Khandoba Maal,4884,Suburban,16.32,18.6511,73.786201
6691,8899,Force Motors Gate,4885,Suburban,16.6,18.6553,73.789299
6692,8900,Garvare Chowk,4886,Suburban,16.75,18.6576189004469,73.791145355384
6693,8901,Thermax Company Gate No. 9,4887,Suburban,16.94,18.660299,73.793098
6694,8902,Sai Garden,4888,Suburban,17.1,18.6624194865912,73.7944229990215
6695,8893,Sai Garden,4889,Suburban,17.09,18.662367,73.794594
6696,8894,Thermax Company,4890,Suburban,16.92,18.6602,73.793404
6697,8895,Garvare Chowk,4891,Suburban,16.73,18.657499,73.791199
6698,8896,Force Motors Gate,4885,Suburban,16.57,18.655001,73.789299
6699,8897,Akurdi Khandoba Maal,4884,Suburban,16.29,18.650801,73.786301
6700,8904,Prerna Shala Walhekarwadi,4892,Suburban,16.31,18.6376,73.763603
6701,8905,Sayali Complex Datta Mandir,4893,Suburban,16.47,18.639601,73.764
6702,8906,Chintamani Chowk,4894,Suburban,16.23,18.6383,73.765999
6703,8907,Spaine Roadsankalp Chowk,4895,Suburban,15.97,18.637190448226,73.7684793020824
6704,8908,Dagdoba Chowk,4896,Suburban,15.82,18.636801,73.770401
6705,8909,Chinchwade Nagar Bholeshwar Mandir,4897,Suburban,15.56,18.635201,73.772301
6706,8910,Gurumayya Shalachinchwade Nagar,4898,Suburban,15.36,18.634501,73.774498
6707,6318,Devi Link,4899,Suburban,13.8,18.62953,73.794411
6708,6319,Bhat Nagar,629,Suburban,13.36,18.6267430376474,73.7977925997028
6709,7747,Morwadi Chowk,3283,Suburban,13.32,18.6287008030885,73.8027150889527
6710,8911,Gurumayya Shalachinchwade Nagar,4898,Suburban,15.4,18.6348,73.774399
6711,8912,Prerna Shala Walhekarwadi,4900,Suburban,16.33,18.637699,73.763496
6712,3525,Pune Station St. Helena'S Stand,4901,Central,1.65,18.5243,73.871803
6713,3529,Pune Station St. Helena'S Stand,4901,Central,1.69,18.5245,73.872101
